12-08-2026 16:12:36.842 [main] [-] INFO  order-service-c.n.o.OrderServiceApplication.logStarting - Starting OrderServiceApplication using Java 25.0.3 with PID 3596 (C:\Users\Admin\Documents\SpringBoot_learnings\eCommerce\order-service\target\classes started by Admin in C:\Users\Admin\Documents\SpringBoot_learnings\eCommerce)
12-08-2026 16:12:36.845 [main] [-] INFO  order-service-c.n.o.OrderServiceApplication.logStartupProfileInfo - The following 1 profile is active: "dev"
12-08-2026 16:12:36.880 [main] [-] INFO  order-service-o.s.c.c.c.ConfigServerConfigDataLoader.log - Fetching config from server at : http://localhost:8888
12-08-2026 16:12:36.881 [main] [-] INFO  order-service-o.s.c.c.c.ConfigServerConfigDataLoader.log - Located environment: name=order-service, profiles=[default], label=null, version=0ea68e7bd44f5a1fe092f8c5aa4a27ddfcec0fa8, state=
12-08-2026 16:12:36.883 [main] [-] INFO  order-service-o.s.c.c.c.ConfigServerConfigDataLoader.log - Fetching config from server at : http://localhost:8888
12-08-2026 16:12:36.883 [main] [-] INFO  order-service-o.s.c.c.c.ConfigServerConfigDataLoader.log - Located environment: name=order-service, profiles=[dev], label=null, version=0ea68e7bd44f5a1fe092f8c5aa4a27ddfcec0fa8, state=
12-08-2026 16:12:37.857 [main] [-] INFO  order-service-o.s.d.r.c.RepositoryConfigurationDelegate.registerRepositoriesIn - Bootstrapping Spring Data JPA repositories in DEFAULT mode.
12-08-2026 16:12:37.986 [main] [-] INFO  order-service-o.s.d.r.c.RepositoryConfigurationDelegate.registerRepositoriesIn - Finished Spring Data repository scanning in 120 ms. Found 1 JPA repository interface.
12-08-2026 16:12:38.356 [main] [-] INFO  order-service-o.s.cloud.context.scope.GenericScope.setSerializationId - BeanFactory id=bc090770-d138-3a38-8d80-97d0ddd81a15
12-08-2026 16:12:39.048 [main] [-] INFO  order-service-o.s.boot.tomcat.TomcatWebServer.initialize - Tomcat initialized with port 9040 (http)
12-08-2026 16:12:39.066 [main] [-] INFO  order-service-o.a.coyote.http11.Http11NioProtocol.log - Initializing ProtocolHandler ["http-nio-9040"]
12-08-2026 16:12:39.070 [main] [-] INFO  order-service-o.a.catalina.core.StandardService.log - Starting service [Tomcat]
12-08-2026 16:12:39.071 [main] [-] INFO  order-service-o.a.catalina.core.StandardEngine.log - Starting Servlet engine: [Apache Tomcat/11.0.22]
12-08-2026 16:12:39.159 [main] [-] INFO  order-service-o.s.b.w.c.s.WebApplicationContextInitializer.prepareWebApplicationContext - Root WebApplicationContext: initialization completed in 2273 ms
12-08-2026 16:12:39.873 [main] [-] INFO  order-service-org.hibernate.orm.jpa.logPersistenceUnitInformation - HHH008540: Processing PersistenceUnitInfo [name: default]
12-08-2026 16:12:39.913 [main] [-] INFO  order-service-org.hibernate.orm.core.logVersion - HHH000001: Hibernate ORM core version 7.4.1.Final
12-08-2026 16:12:40.254 [main] [-] INFO  order-service-o.s.o.j.p.SpringPersistenceUnitInfo.addTransformer - No LoadTimeWeaver setup: ignoring JPA class transformer
12-08-2026 16:12:40.280 [main] [-] INFO  order-service-com.zaxxer.hikari.HikariDataSource.getConnection - HikariPool-1 - Starting...
12-08-2026 16:12:40.416 [main] [-] INFO  order-service-com.zaxxer.hikari.pool.HikariPool.checkFailFast - HikariPool-1 - Added connection com.mysql.cj.jdbc.ConnectionImpl@6fb3d3bb
12-08-2026 16:12:40.418 [main] [-] INFO  order-service-com.zaxxer.hikari.HikariDataSource.getConnection - HikariPool-1 - Start completed.
12-08-2026 16:12:40.487 [main] [-] INFO  order-service-o.hibernate.orm.connections.pooling.logConnectionInfo - HHH10001005: Database info:
	Database JDBC URL [jdbc:mysql://localhost:3306/ordersdb?useSSL=false]
	Database driver: MySQL Connector/J
	Database dialect: MySQLDialect
	Database version: 8.0.46
	Default catalog/schema: ordersdb/undefined
	Autocommit mode: undefined/unknown
	Isolation level: REPEATABLE_READ [default REPEATABLE_READ]
	JDBC fetch size: none
	Pool: DataSourceConnectionProvider
	Minimum pool size: undefined/unknown
	Maximum pool size: undefined/unknown
12-08-2026 16:12:41.287 [main] [-] INFO  order-service-org.hibernate.orm.core.initiateService - HHH000489: No JTA platform available (set 'hibernate.transaction.jta.platform' to enable JTA platform integration)
12-08-2026 16:12:41.618 [main] [-] INFO  order-service-o.s.o.j.LocalContainerEntityManagerFactoryBean.buildNativeEntityManagerFactory - Initialized JPA EntityManagerFactory for persistence unit 'default'
12-08-2026 16:12:41.776 [main] [-] INFO  order-service-o.s.d.j.r.q.QueryEnhancerFactories.<clinit> - Hibernate is in classpath; If applicable, HQL parser will be used.
12-08-2026 16:12:42.037 [main] [-] WARN  order-service-o.s.b.j.a.JpaBaseConfiguration$JpaWebConfiguration.openEntityManagerInViewInterceptor - spring.jpa.open-in-view is enabled by default. Therefore, database queries may be performed during view rendering. Explicitly configure spring.jpa.open-in-view to disable this warning
12-08-2026 16:12:42.173 [main] [-] INFO  order-service-o.s.c.o.FeignClientFactoryBean.getTarget - For 'inventory-service' URL not provided. Will try picking an instance via load-balancing.
12-08-2026 16:12:42.262 [main] [-] INFO  order-service-o.s.c.o.FeignClientFactoryBean.getTarget - For 'shipping-service' URL not provided. Will try picking an instance via load-balancing.
12-08-2026 16:12:43.813 [main] [-] INFO  order-service-o.s.c.n.e.c.DiscoveryClientOptionalArgsConfiguration.restClientDiscoveryClientOptionalArgs - Eureka HTTP Client uses RestClient.
12-08-2026 16:12:43.866 [main] [-] WARN  order-service-o.s.c.l.c.LoadBalancerCacheAutoConfiguration$LoadBalancerCaffeineWarnLogger.afterPropertiesSet - Spring Cloud LoadBalancer is currently working with the default cache. While this cache implementation is useful for development and tests, it's recommended to use Caffeine cache in production.You can switch to using Caffeine cache, by adding it and org.springframework.cache.caffeine.CaffeineCacheManager to the classpath.
12-08-2026 16:12:43.890 [main] [-] INFO  order-service-o.s.b.a.e.web.EndpointLinksResolver.<init> - Exposing 26 endpoints beneath base path '/actuator'
12-08-2026 16:12:43.990 [main] [-] INFO  order-service-o.a.k.common.config.AbstractConfig.logAll - AdminClientConfig values: 
	bootstrap.controllers = []
	bootstrap.servers = [localhost:9092]
	client.dns.lookup = use_all_dns_ips
	client.id = order-service-admin-0
	config.providers = []
	connections.max.idle.ms = 300000
	default.api.timeout.ms = 60000
	enable.metrics.push = false
	metadata.max.age.ms = 300000
	metadata.recovery.rebootstrap.trigger.ms = 300000
	metadata.recovery.strategy = rebootstrap
	metric.reporters = [org.apache.kafka.common.metrics.JmxReporter]
	metrics.num.samples = 2
	metrics.recording.level = INFO
	metrics.sample.window.ms = 30000
	receive.buffer.bytes = 65536
	reconnect.backoff.max.ms = 1000
	reconnect.backoff.ms = 50
	request.timeout.ms = 30000
	retries = 2147483647
	retry.backoff.max.ms = 1000
	retry.backoff.ms = 100
	sasl.client.callback.handler.class = null
	sasl.jaas.config = null
	sasl.kerberos.kinit.cmd = /usr/bin/kinit
	sasl.kerberos.min.time.before.relogin = 60000
	sasl.kerberos.service.name = null
	sasl.kerberos.ticket.renew.jitter = 0.05
	sasl.kerberos.ticket.renew.window.factor = 0.8
	sasl.login.callback.handler.class = null
	sasl.login.class = null
	sasl.login.connect.timeout.ms = null
	sasl.login.read.timeout.ms = null
	sasl.login.refresh.buffer.seconds = 300
	sasl.login.refresh.min.period.seconds = 60
	sasl.login.refresh.window.factor = 0.8
	sasl.login.refresh.window.jitter = 0.05
	sasl.login.retry.backoff.max.ms = 10000
	sasl.login.retry.backoff.ms = 100
	sasl.mechanism = GSSAPI
	sasl.oauthbearer.assertion.algorithm = RS256
	sasl.oauthbearer.assertion.claim.aud = null
	sasl.oauthbearer.assertion.claim.exp.seconds = 300
	sasl.oauthbearer.assertion.claim.iss = null
	sasl.oauthbearer.assertion.claim.jti.include = false
	sasl.oauthbearer.assertion.claim.nbf.seconds = 60
	sasl.oauthbearer.assertion.claim.sub = null
	sasl.oauthbearer.assertion.file = null
	sasl.oauthbearer.assertion.private.key.file = null
	sasl.oauthbearer.assertion.private.key.passphrase = null
	sasl.oauthbearer.assertion.template.file = null
	sasl.oauthbearer.client.credentials.client.id = null
	sasl.oauthbearer.client.credentials.client.secret = null
	sasl.oauthbearer.clock.skew.seconds = 30
	sasl.oauthbearer.expected.audience = []
	sasl.oauthbearer.expected.issuer = null
	sasl.oauthbearer.header.urlencode = false
	sasl.oauthbearer.jwks.endpoint.refresh.ms = 3600000
	sasl.oauthbearer.jwks.endpoint.retry.backoff.max.ms = 10000
	sasl.oauthbearer.jwks.endpoint.retry.backoff.ms = 100
	sasl.oauthbearer.jwks.endpoint.url = null
	sasl.oauthbearer.jwt.retriever.class = class org.apache.kafka.common.security.oauthbearer.DefaultJwtRetriever
	sasl.oauthbearer.jwt.validator.class = class org.apache.kafka.common.security.oauthbearer.DefaultJwtValidator
	sasl.oauthbearer.scope = null
	sasl.oauthbearer.scope.claim.name = scope
	sasl.oauthbearer.sub.claim.name = sub
	sasl.oauthbearer.token.endpoint.url = null
	security.protocol = PLAINTEXT
	security.providers = null
	send.buffer.bytes = 131072
	socket.connection.setup.timeout.max.ms = 30000
	socket.connection.setup.timeout.ms = 10000
	ssl.cipher.suites = []
	ssl.enabled.protocols = [TLSv1.2, TLSv1.3]
	ssl.endpoint.identification.algorithm = https
	ssl.engine.factory.class = null
	ssl.key.password = null
	ssl.keymanager.algorithm = SunX509
	ssl.keystore.certificate.chain = null
	ssl.keystore.key = null
	ssl.keystore.location = null
	ssl.keystore.password = null
	ssl.keystore.type = JKS
	ssl.protocol = TLSv1.3
	ssl.provider = null
	ssl.secure.random.implementation = null
	ssl.trustmanager.algorithm = PKIX
	ssl.truststore.certificates = null
	ssl.truststore.location = null
	ssl.truststore.password = null
	ssl.truststore.type = JKS

12-08-2026 16:12:44.095 [main] [-] INFO  order-service-o.a.kafka.common.utils.AppInfoParser.<init> - Kafka version: 4.2.1
12-08-2026 16:12:44.095 [main] [-] INFO  order-service-o.a.kafka.common.utils.AppInfoParser.<init> - Kafka commitId: 92f61c44867f39dc
12-08-2026 16:12:44.095 [main] [-] INFO  order-service-o.a.kafka.common.utils.AppInfoParser.<init> - Kafka startTimeMs: 1786531364094
12-08-2026 16:12:44.495 [main] [-] INFO  order-service-o.s.kafka.core.KafkaAdmin.info - Topic 'order-created-topic' exists but has a different partition count: 1 not 3, increasing if the broker supports it
12-08-2026 16:12:44.551 [main] [-] INFO  order-service-o.a.kafka.common.metrics.Metrics.close - Metrics scheduler closed
12-08-2026 16:12:44.551 [main] [-] INFO  order-service-o.a.kafka.common.metrics.Metrics.close - Closing reporter org.apache.kafka.common.metrics.JmxReporter
12-08-2026 16:12:44.551 [main] [-] INFO  order-service-o.a.kafka.common.metrics.Metrics.close - Metrics reporters closed
12-08-2026 16:12:44.551 [kafka-admin-client-thread | order-service-admin-0] [-] INFO  order-service-o.a.kafka.common.utils.AppInfoParser.unregisterAppInfo - App info kafka.admin.client for order-service-admin-0 unregistered
12-08-2026 16:12:44.556 [kafka-admin-client-thread | order-service-admin-0] [-] INFO  order-service-o.a.kafka.common.metrics.Metrics.close - Metrics scheduler closed
12-08-2026 16:12:44.557 [kafka-admin-client-thread | order-service-admin-0] [-] INFO  order-service-o.a.kafka.common.metrics.Metrics.close - Closing reporter org.apache.kafka.common.metrics.JmxReporter
12-08-2026 16:12:44.557 [kafka-admin-client-thread | order-service-admin-0] [-] INFO  order-service-o.a.kafka.common.metrics.Metrics.close - Metrics reporters closed
12-08-2026 16:12:44.572 [main] [-] INFO  order-service-o.s.c.n.eureka.InstanceInfoFactory.create - Setting initial instance status as: STARTING
12-08-2026 16:12:44.597 [main] [-] INFO  order-service-c.netflix.discovery.DiscoveryClient.<init> - Initializing Eureka in region us-east-1
12-08-2026 16:12:44.601 [main] [-] INFO  order-service-c.n.d.s.r.aws.ConfigClusterResolver.getClusterEndpoints - Resolving eureka endpoints via configuration
12-08-2026 16:12:44.609 [main] [-] INFO  order-service-c.netflix.discovery.DiscoveryClient.fetchRegistry - Disable delta property : false
12-08-2026 16:12:44.609 [main] [-] INFO  order-service-c.netflix.discovery.DiscoveryClient.fetchRegistry - Single vip registry refresh property : null
12-08-2026 16:12:44.609 [main] [-] INFO  order-service-c.netflix.discovery.DiscoveryClient.fetchRegistry - Force full registry fetch : false
12-08-2026 16:12:44.609 [main] [-] INFO  order-service-c.netflix.discovery.DiscoveryClient.fetchRegistry - Application is null : false
12-08-2026 16:12:44.609 [main] [-] INFO  order-service-c.netflix.discovery.DiscoveryClient.fetchRegistry - Registered Applications size is zero : true
12-08-2026 16:12:44.609 [main] [-] INFO  order-service-c.netflix.discovery.DiscoveryClient.fetchRegistry - Application version is -1: true
12-08-2026 16:12:44.610 [main] [-] INFO  order-service-c.netflix.discovery.DiscoveryClient.getAndStoreFullRegistry - Getting all instance registry info from the eureka server
12-08-2026 16:12:44.835 [main] [-] INFO  order-service-c.netflix.discovery.DiscoveryClient.getAndStoreFullRegistry - The response status is 200
12-08-2026 16:12:44.837 [main] [-] INFO  order-service-c.netflix.discovery.DiscoveryClient.initScheduledTasks - Starting heartbeat executor: renew interval is: 30
12-08-2026 16:12:44.838 [main] [-] INFO  order-service-c.n.discovery.InstanceInfoReplicator.<init> - InstanceInfoReplicator onDemand update allowed rate per min is 4
12-08-2026 16:12:44.840 [main] [-] INFO  order-service-c.netflix.discovery.DiscoveryClient.<init> - Discovery Client initialized at timestamp 1786531364839 with initial instances count: 3
12-08-2026 16:12:44.851 [main] [-] INFO  order-service-o.s.c.n.e.s.EurekaServiceRegistry.register - Registering application ORDER-SERVICE with eureka with status UP
12-08-2026 16:12:44.852 [main] [-] INFO  order-service-c.netflix.discovery.DiscoveryClient.notify - Saw local status change event StatusChangeEvent [timestamp=1786531364852, current=UP, previous=STARTING]
12-08-2026 16:12:44.853 [DiscoveryClient-InstanceInfoReplicator-%d] [-] INFO  order-service-c.netflix.discovery.DiscoveryClient.register - DiscoveryClient_ORDER-SERVICE/DESKTOP-5CC3FG7.mshome.net:order-service:9040: registering service...
12-08-2026 16:12:44.853 [main] [-] INFO  order-service-o.a.coyote.http11.Http11NioProtocol.log - Starting ProtocolHandler ["http-nio-9040"]
12-08-2026 16:12:44.863 [main] [-] INFO  order-service-o.s.boot.tomcat.TomcatWebServer.start - Tomcat started on port 9040 (http) with context path '/orders'
12-08-2026 16:12:44.864 [main] [-] INFO  order-service-o.s.c.n.e.s.EurekaAutoServiceRegistration.onApplicationEvent - Updating port to 9040
12-08-2026 16:12:44.885 [DiscoveryClient-InstanceInfoReplicator-%d] [-] INFO  order-service-c.netflix.discovery.DiscoveryClient.register - DiscoveryClient_ORDER-SERVICE/DESKTOP-5CC3FG7.mshome.net:order-service:9040 - registration status: 204
12-08-2026 16:12:44.892 [main] [-] INFO  order-service-o.a.k.common.config.AbstractConfig.logAll - ConsumerConfig values: 
	allow.auto.create.topics = true
	auto.commit.interval.ms = 5000
	auto.offset.reset = latest
	bootstrap.servers = [localhost:9092]
	check.crcs = true
	client.dns.lookup = use_all_dns_ips
	client.id = consumer-order-service-1
	client.rack = 
	config.providers = []
	connections.max.idle.ms = 540000
	default.api.timeout.ms = 60000
	enable.auto.commit = false
	enable.metrics.push = true
	exclude.internal.topics = true
	fetch.max.bytes = 52428800
	fetch.max.wait.ms = 500
	fetch.min.bytes = 1
	group.id = order-service
	group.instance.id = null
	group.protocol = classic
	group.remote.assignor = null
	heartbeat.interval.ms = 3000
	interceptor.classes = []
	internal.throw.on.fetch.stable.offset.unsupported = false
	isolation.level = read_uncommitted
	key.deserializer = class org.apache.kafka.common.serialization.LongDeserializer
	max.partition.fetch.bytes = 1048576
	max.poll.interval.ms = 300000
	max.poll.records = 500
	metadata.max.age.ms = 300000
	metadata.recovery.rebootstrap.trigger.ms = 300000
	metadata.recovery.strategy = rebootstrap
	metric.reporters = [org.apache.kafka.common.metrics.JmxReporter]
	metrics.num.samples = 2
	metrics.recording.level = INFO
	metrics.sample.window.ms = 30000
	partition.assignment.strategy = [class org.apache.kafka.clients.consumer.RangeAssignor, class org.apache.kafka.clients.consumer.CooperativeStickyAssignor]
	receive.buffer.bytes = 65536
	reconnect.backoff.max.ms = 1000
	reconnect.backoff.ms = 50
	request.timeout.ms = 30000
	retry.backoff.max.ms = 1000
	retry.backoff.ms = 100
	sasl.client.callback.handler.class = null
	sasl.jaas.config = null
	sasl.kerberos.kinit.cmd = /usr/bin/kinit
	sasl.kerberos.min.time.before.relogin = 60000
	sasl.kerberos.service.name = null
	sasl.kerberos.ticket.renew.jitter = 0.05
	sasl.kerberos.ticket.renew.window.factor = 0.8
	sasl.login.callback.handler.class = null
	sasl.login.class = null
	sasl.login.connect.timeout.ms = null
	sasl.login.read.timeout.ms = null
	sasl.login.refresh.buffer.seconds = 300
	sasl.login.refresh.min.period.seconds = 60
	sasl.login.refresh.window.factor = 0.8
	sasl.login.refresh.window.jitter = 0.05
	sasl.login.retry.backoff.max.ms = 10000
	sasl.login.retry.backoff.ms = 100
	sasl.mechanism = GSSAPI
	sasl.oauthbearer.assertion.algorithm = RS256
	sasl.oauthbearer.assertion.claim.aud = null
	sasl.oauthbearer.assertion.claim.exp.seconds = 300
	sasl.oauthbearer.assertion.claim.iss = null
	sasl.oauthbearer.assertion.claim.jti.include = false
	sasl.oauthbearer.assertion.claim.nbf.seconds = 60
	sasl.oauthbearer.assertion.claim.sub = null
	sasl.oauthbearer.assertion.file = null
	sasl.oauthbearer.assertion.private.key.file = null
	sasl.oauthbearer.assertion.private.key.passphrase = null
	sasl.oauthbearer.assertion.template.file = null
	sasl.oauthbearer.client.credentials.client.id = null
	sasl.oauthbearer.client.credentials.client.secret = null
	sasl.oauthbearer.clock.skew.seconds = 30
	sasl.oauthbearer.expected.audience = []
	sasl.oauthbearer.expected.issuer = null
	sasl.oauthbearer.header.urlencode = false
	sasl.oauthbearer.jwks.endpoint.refresh.ms = 3600000
	sasl.oauthbearer.jwks.endpoint.retry.backoff.max.ms = 10000
	sasl.oauthbearer.jwks.endpoint.retry.backoff.ms = 100
	sasl.oauthbearer.jwks.endpoint.url = null
	sasl.oauthbearer.jwt.retriever.class = class org.apache.kafka.common.security.oauthbearer.DefaultJwtRetriever
	sasl.oauthbearer.jwt.validator.class = class org.apache.kafka.common.security.oauthbearer.DefaultJwtValidator
	sasl.oauthbearer.scope = null
	sasl.oauthbearer.scope.claim.name = scope
	sasl.oauthbearer.sub.claim.name = sub
	sasl.oauthbearer.token.endpoint.url = null
	security.protocol = PLAINTEXT
	security.providers = null
	send.buffer.bytes = 131072
	session.timeout.ms = 45000
	share.acknowledgement.mode = implicit
	share.acquire.mode = BATCH_OPTIMIZED
	socket.connection.setup.timeout.max.ms = 30000
	socket.connection.setup.timeout.ms = 10000
	ssl.cipher.suites = []
	ssl.enabled.protocols = [TLSv1.2, TLSv1.3]
	ssl.endpoint.identification.algorithm = https
	ssl.engine.factory.class = null
	ssl.key.password = null
	ssl.keymanager.algorithm = SunX509
	ssl.keystore.certificate.chain = null
	ssl.keystore.key = null
	ssl.keystore.location = null
	ssl.keystore.password = null
	ssl.keystore.type = JKS
	ssl.protocol = TLSv1.3
	ssl.provider = null
	ssl.secure.random.implementation = null
	ssl.trustmanager.algorithm = PKIX
	ssl.truststore.certificates = null
	ssl.truststore.location = null
	ssl.truststore.password = null
	ssl.truststore.type = JKS
	value.deserializer = class org.springframework.kafka.support.serializer.JacksonJsonDeserializer

12-08-2026 16:12:44.927 [main] [-] INFO  order-service-o.a.k.c.t.i.KafkaMetricsCollector.init - initializing Kafka metrics collector
12-08-2026 16:12:44.976 [main] [-] INFO  order-service-o.a.kafka.common.utils.AppInfoParser.<init> - Kafka version: 4.2.1
12-08-2026 16:12:44.976 [main] [-] INFO  order-service-o.a.kafka.common.utils.AppInfoParser.<init> - Kafka commitId: 92f61c44867f39dc
12-08-2026 16:12:44.976 [main] [-] INFO  order-service-o.a.kafka.common.utils.AppInfoParser.<init> - Kafka startTimeMs: 1786531364976
12-08-2026 16:12:44.985 [main] [-] INFO  order-service-o.a.k.c.c.i.ClassicKafkaConsumer.subscribeInternal - [Consumer clientId=consumer-order-service-1, groupId=order-service] Subscribed to topic(s): order-status-updated
12-08-2026 16:12:45.008 [org.springframework.kafka.KafkaListenerEndpointContainer#0-0-C-1] [-] INFO  order-service-org.apache.kafka.clients.Metadata.update - [Consumer clientId=consumer-order-service-1, groupId=order-service] Cluster ID: MkU3OEVBNTcwNTJENDM2Qk
12-08-2026 16:12:45.010 [org.springframework.kafka.KafkaListenerEndpointContainer#0-0-C-1] [-] INFO  order-service-o.a.k.c.c.i.ConsumerCoordinator.onSuccess - [Consumer clientId=consumer-order-service-1, groupId=order-service] Discovered group coordinator localhost:9092 (id: 2147483646 rack: null isFenced: false)
12-08-2026 16:12:45.011 [main] [-] INFO  order-service-c.n.o.OrderServiceApplication.logStarted - Started OrderServiceApplication in 11.427 seconds (process running for 12.212)
12-08-2026 16:12:45.012 [org.springframework.kafka.KafkaListenerEndpointContainer#0-0-C-1] [-] INFO  order-service-o.a.k.c.c.i.ConsumerCoordinator.sendJoinGroupRequest - [Consumer clientId=consumer-order-service-1, groupId=order-service] (Re-)joining group
12-08-2026 16:12:45.028 [org.springframework.kafka.KafkaListenerEndpointContainer#0-0-C-1] [-] INFO  order-service-o.a.k.c.c.i.ConsumerCoordinator.requestRejoin - [Consumer clientId=consumer-order-service-1, groupId=order-service] Request joining group due to: need to re-join with the given member-id: consumer-order-service-1-fe898cc5-13c2-4409-89c0-d4b6a63119e1
12-08-2026 16:12:45.029 [org.springframework.kafka.KafkaListenerEndpointContainer#0-0-C-1] [-] INFO  order-service-o.a.k.c.c.i.ConsumerCoordinator.sendJoinGroupRequest - [Consumer clientId=consumer-order-service-1, groupId=order-service] (Re-)joining group
12-08-2026 16:12:45.032 [org.springframework.kafka.KafkaListenerEndpointContainer#0-0-C-1] [-] INFO  order-service-o.a.k.c.c.i.ConsumerCoordinator.handle - [Consumer clientId=consumer-order-service-1, groupId=order-service] Successfully joined group with generation Generation{generationId=1, memberId='consumer-order-service-1-fe898cc5-13c2-4409-89c0-d4b6a63119e1', protocol='range'}
12-08-2026 16:12:45.037 [org.springframework.kafka.KafkaListenerEndpointContainer#0-0-C-1] [-] INFO  order-service-o.a.k.c.c.i.ConsumerCoordinator.onLeaderElected - [Consumer clientId=consumer-order-service-1, groupId=order-service] Finished assignment for group at generation 1: {consumer-order-service-1-fe898cc5-13c2-4409-89c0-d4b6a63119e1=Assignment(partitions=[order-status-updated-0, order-status-updated-1, order-status-updated-2])}
12-08-2026 16:12:45.042 [org.springframework.kafka.KafkaListenerEndpointContainer#0-0-C-1] [-] INFO  order-service-o.a.k.c.c.i.ConsumerCoordinator.handle - [Consumer clientId=consumer-order-service-1, groupId=order-service] Successfully synced group in generation Generation{generationId=1, memberId='consumer-order-service-1-fe898cc5-13c2-4409-89c0-d4b6a63119e1', protocol='range'}
12-08-2026 16:12:45.043 [org.springframework.kafka.KafkaListenerEndpointContainer#0-0-C-1] [-] INFO  order-service-o.a.k.c.c.i.ConsumerCoordinator.invokeOnAssignment - [Consumer clientId=consumer-order-service-1, groupId=order-service] Notifying assignor about the new Assignment(partitions=[order-status-updated-0, order-status-updated-1, order-status-updated-2])
12-08-2026 16:12:45.045 [org.springframework.kafka.KafkaListenerEndpointContainer#0-0-C-1] [-] INFO  order-service-o.a.k.c.c.i.ConsumerRebalanceListenerInvoker.invokePartitionsAssigned - [Consumer clientId=consumer-order-service-1, groupId=order-service] Adding newly assigned partitions: [order-status-updated-0, order-status-updated-1, order-status-updated-2]
12-08-2026 16:12:45.051 [org.springframework.kafka.KafkaListenerEndpointContainer#0-0-C-1] [-] INFO  order-service-o.a.k.c.c.i.ConsumerCoordinator.handle - [Consumer clientId=consumer-order-service-1, groupId=order-service] Found no committed offset for partition order-status-updated-2
12-08-2026 16:12:45.051 [org.springframework.kafka.KafkaListenerEndpointContainer#0-0-C-1] [-] INFO  order-service-o.a.k.c.c.i.ConsumerCoordinator.handle - [Consumer clientId=consumer-order-service-1, groupId=order-service] Found no committed offset for partition order-status-updated-1
12-08-2026 16:12:45.051 [org.springframework.kafka.KafkaListenerEndpointContainer#0-0-C-1] [-] INFO  order-service-o.a.k.c.c.i.ConsumerCoordinator.handle - [Consumer clientId=consumer-order-service-1, groupId=order-service] Found no committed offset for partition order-status-updated-0
12-08-2026 16:12:45.056 [org.springframework.kafka.KafkaListenerEndpointContainer#0-0-C-1] [-] INFO  order-service-o.a.k.c.c.i.ConsumerCoordinator.handle - [Consumer clientId=consumer-order-service-1, groupId=order-service] Found no committed offset for partition order-status-updated-2
12-08-2026 16:12:45.056 [org.springframework.kafka.KafkaListenerEndpointContainer#0-0-C-1] [-] INFO  order-service-o.a.k.c.c.i.ConsumerCoordinator.handle - [Consumer clientId=consumer-order-service-1, groupId=order-service] Found no committed offset for partition order-status-updated-1
12-08-2026 16:12:45.056 [org.springframework.kafka.KafkaListenerEndpointContainer#0-0-C-1] [-] INFO  order-service-o.a.k.c.c.i.ConsumerCoordinator.handle - [Consumer clientId=consumer-order-service-1, groupId=order-service] Found no committed offset for partition order-status-updated-0
12-08-2026 16:12:45.069 [org.springframework.kafka.KafkaListenerEndpointContainer#0-0-C-1] [-] INFO  order-service-o.a.k.c.c.i.SubscriptionState.maybeSeekUnvalidated - [Consumer clientId=consumer-order-service-1, groupId=order-service] Resetting offset for partition order-status-updated-2 to position FetchPosition{offset=0, offsetEpoch=Optional.empty, currentLeader=LeaderAndEpoch{leader=Optional[localhost:9092 (id: 1 rack: null isFenced: false)], epoch=0}}.
12-08-2026 16:12:45.069 [org.springframework.kafka.KafkaListenerEndpointContainer#0-0-C-1] [-] INFO  order-service-o.a.k.c.c.i.SubscriptionState.maybeSeekUnvalidated - [Consumer clientId=consumer-order-service-1, groupId=order-service] Resetting offset for partition order-status-updated-1 to position FetchPosition{offset=0, offsetEpoch=Optional.empty, currentLeader=LeaderAndEpoch{leader=Optional[localhost:9092 (id: 1 rack: null isFenced: false)], epoch=0}}.
12-08-2026 16:12:45.070 [org.springframework.kafka.KafkaListenerEndpointContainer#0-0-C-1] [-] INFO  order-service-o.a.k.c.c.i.SubscriptionState.maybeSeekUnvalidated - [Consumer clientId=consumer-order-service-1, groupId=order-service] Resetting offset for partition order-status-updated-0 to position FetchPosition{offset=0, offsetEpoch=Optional.empty, currentLeader=LeaderAndEpoch{leader=Optional[localhost:9092 (id: 1 rack: null isFenced: false)], epoch=0}}.
12-08-2026 16:12:45.074 [org.springframework.kafka.KafkaListenerEndpointContainer#0-0-C-1] [-] INFO  order-service-o.s.k.l.KafkaMessageListenerContainer.info - order-service: partitions assigned: [order-status-updated-0, order-status-updated-1, order-status-updated-2]
12-08-2026 16:14:18.836 [http-nio-9040-exec-3] [-] INFO  order-service-o.a.c.c.C.[.[localhost].[/orders].log - Initializing Spring DispatcherServlet 'dispatcherServlet'
12-08-2026 16:14:18.836 [http-nio-9040-exec-3] [-] INFO  order-service-o.s.web.servlet.DispatcherServlet.initServletBean - Initializing Servlet 'dispatcherServlet'
12-08-2026 16:14:18.840 [http-nio-9040-exec-3] [-] INFO  order-service-o.s.web.servlet.DispatcherServlet.initServletBean - Completed initialization in 3 ms
12-08-2026 16:14:19.082 [http-nio-9040-exec-3] [6a7c4e827fb84fae5891f9d46bc2252d-ad456f321519ce00] INFO  order-service-c.n.o.service.OrdersService.createOrder - Creating order with this details : OrderRequestDto(id=null, items=[OrderRequestItemDto(id=null, productId=4, quantity=1), OrderRequestItemDto(id=null, productId=5, quantity=1)], totalPrice=null)
12-08-2026 16:14:19.361 [http-nio-9040-exec-3] [6a7c4e827fb84fae5891f9d46bc2252d-ad456f321519ce00] INFO  order-service-o.a.k.common.config.AbstractConfig.logAll - ProducerConfig values: 
	acks = -1
	batch.size = 16384
	bootstrap.servers = [localhost:9092]
	buffer.memory = 33554432
	client.dns.lookup = use_all_dns_ips
	client.id = order-service-producer-1
	compression.gzip.level = -1
	compression.lz4.level = 9
	compression.type = none
	compression.zstd.level = 3
	config.providers = []
	connections.max.idle.ms = 540000
	delivery.timeout.ms = 120000
	enable.idempotence = true
	enable.metrics.push = true
	interceptor.classes = []
	key.serializer = class org.apache.kafka.common.serialization.LongSerializer
	linger.ms = 5
	max.block.ms = 60000
	max.in.flight.requests.per.connection = 5
	max.request.size = 1048576
	metadata.max.age.ms = 300000
	metadata.max.idle.ms = 300000
	metadata.recovery.rebootstrap.trigger.ms = 300000
	metadata.recovery.strategy = rebootstrap
	metric.reporters = [org.apache.kafka.common.metrics.JmxReporter]
	metrics.num.samples = 2
	metrics.recording.level = INFO
	metrics.sample.window.ms = 30000
	partitioner.adaptive.partitioning.enable = true
	partitioner.availability.timeout.ms = 0
	partitioner.class = null
	partitioner.ignore.keys = false
	receive.buffer.bytes = 32768
	reconnect.backoff.max.ms = 1000
	reconnect.backoff.ms = 50
	request.timeout.ms = 30000
	retries = 3
	retry.backoff.max.ms = 1000
	retry.backoff.ms = 100
	sasl.client.callback.handler.class = null
	sasl.jaas.config = null
	sasl.kerberos.kinit.cmd = /usr/bin/kinit
	sasl.kerberos.min.time.before.relogin = 60000
	sasl.kerberos.service.name = null
	sasl.kerberos.ticket.renew.jitter = 0.05
	sasl.kerberos.ticket.renew.window.factor = 0.8
	sasl.login.callback.handler.class = null
	sasl.login.class = null
	sasl.login.connect.timeout.ms = null
	sasl.login.read.timeout.ms = null
	sasl.login.refresh.buffer.seconds = 300
	sasl.login.refresh.min.period.seconds = 60
	sasl.login.refresh.window.factor = 0.8
	sasl.login.refresh.window.jitter = 0.05
	sasl.login.retry.backoff.max.ms = 10000
	sasl.login.retry.backoff.ms = 100
	sasl.mechanism = GSSAPI
	sasl.oauthbearer.assertion.algorithm = RS256
	sasl.oauthbearer.assertion.claim.aud = null
	sasl.oauthbearer.assertion.claim.exp.seconds = 300
	sasl.oauthbearer.assertion.claim.iss = null
	sasl.oauthbearer.assertion.claim.jti.include = false
	sasl.oauthbearer.assertion.claim.nbf.seconds = 60
	sasl.oauthbearer.assertion.claim.sub = null
	sasl.oauthbearer.assertion.file = null
	sasl.oauthbearer.assertion.private.key.file = null
	sasl.oauthbearer.assertion.private.key.passphrase = null
	sasl.oauthbearer.assertion.template.file = null
	sasl.oauthbearer.client.credentials.client.id = null
	sasl.oauthbearer.client.credentials.client.secret = null
	sasl.oauthbearer.clock.skew.seconds = 30
	sasl.oauthbearer.expected.audience = []
	sasl.oauthbearer.expected.issuer = null
	sasl.oauthbearer.header.urlencode = false
	sasl.oauthbearer.jwks.endpoint.refresh.ms = 3600000
	sasl.oauthbearer.jwks.endpoint.retry.backoff.max.ms = 10000
	sasl.oauthbearer.jwks.endpoint.retry.backoff.ms = 100
	sasl.oauthbearer.jwks.endpoint.url = null
	sasl.oauthbearer.jwt.retriever.class = class org.apache.kafka.common.security.oauthbearer.DefaultJwtRetriever
	sasl.oauthbearer.jwt.validator.class = class org.apache.kafka.common.security.oauthbearer.DefaultJwtValidator
	sasl.oauthbearer.scope = null
	sasl.oauthbearer.scope.claim.name = scope
	sasl.oauthbearer.sub.claim.name = sub
	sasl.oauthbearer.token.endpoint.url = null
	security.protocol = PLAINTEXT
	security.providers = null
	send.buffer.bytes = 131072
	socket.connection.setup.timeout.max.ms = 30000
	socket.connection.setup.timeout.ms = 10000
	ssl.cipher.suites = []
	ssl.enabled.protocols = [TLSv1.2, TLSv1.3]
	ssl.endpoint.identification.algorithm = https
	ssl.engine.factory.class = null
	ssl.key.password = null
	ssl.keymanager.algorithm = SunX509
	ssl.keystore.certificate.chain = null
	ssl.keystore.key = null
	ssl.keystore.location = null
	ssl.keystore.password = null
	ssl.keystore.type = JKS
	ssl.protocol = TLSv1.3
	ssl.provider = null
	ssl.secure.random.implementation = null
	ssl.trustmanager.algorithm = PKIX
	ssl.truststore.certificates = null
	ssl.truststore.location = null
	ssl.truststore.password = null
	ssl.truststore.type = JKS
	transaction.timeout.ms = 60000
	transaction.two.phase.commit.enable = false
	transactional.id = null
	value.serializer = class org.springframework.kafka.support.serializer.JacksonJsonSerializer

12-08-2026 16:14:19.365 [http-nio-9040-exec-3] [6a7c4e827fb84fae5891f9d46bc2252d-ad456f321519ce00] INFO  order-service-o.a.k.c.t.i.KafkaMetricsCollector.init - initializing Kafka metrics collector
12-08-2026 16:14:19.406 [http-nio-9040-exec-3] [6a7c4e827fb84fae5891f9d46bc2252d-ad456f321519ce00] INFO  order-service-o.a.k.clients.producer.KafkaProducer.configureTransactionState - [Producer clientId=order-service-producer-1] Instantiated an idempotent producer.
12-08-2026 16:14:19.450 [http-nio-9040-exec-3] [6a7c4e827fb84fae5891f9d46bc2252d-ad456f321519ce00] INFO  order-service-o.a.kafka.common.utils.AppInfoParser.<init> - Kafka version: 4.2.1
12-08-2026 16:14:19.450 [http-nio-9040-exec-3] [6a7c4e827fb84fae5891f9d46bc2252d-ad456f321519ce00] INFO  order-service-o.a.kafka.common.utils.AppInfoParser.<init> - Kafka commitId: 92f61c44867f39dc
12-08-2026 16:14:19.451 [http-nio-9040-exec-3] [6a7c4e827fb84fae5891f9d46bc2252d-ad456f321519ce00] INFO  order-service-o.a.kafka.common.utils.AppInfoParser.<init> - Kafka startTimeMs: 1786531459450
12-08-2026 16:14:19.463 [kafka-producer-network-thread | order-service-producer-1] [-] INFO  order-service-org.apache.kafka.clients.Metadata.update - [Producer clientId=order-service-producer-1] Cluster ID: MkU3OEVBNTcwNTJENDM2Qk
12-08-2026 16:14:19.469 [kafka-producer-network-thread | order-service-producer-1] [-] INFO  order-service-o.a.k.c.p.i.TransactionManager.setProducerIdAndEpoch - [Producer clientId=order-service-producer-1] ProducerId set to 16 with epoch 0
12-08-2026 16:14:20.694 [AsyncReporter{ZipkinHttpClientSender{http://localhost:9411/api/v2/spans}}] [-] WARN  order-service-z.r.i.AsyncReporter$BoundedAsyncReporter.flush - Spans were dropped due to exceptions. All subsequent errors will be logged at FINE level.
12-08-2026 16:14:20.694 [AsyncReporter{ZipkinHttpClientSender{http://localhost:9411/api/v2/spans}}] [-] WARN  order-service-z.r.i.AsyncReporter$BoundedAsyncReporter.flush - Dropped 1 spans due to ConnectException()
java.net.ConnectException
	at java.net.http/jdk.internal.net.http.HttpClientImpl.send(HttpClientImpl.java:923)
	at java.net.http/jdk.internal.net.http.HttpClientFacade.send(HttpClientFacade.java:133)
	at org.springframework.boot.zipkin.autoconfigure.ZipkinHttpClientSender.postSpans(ZipkinHttpClientSender.java:59)
	at org.springframework.boot.zipkin.autoconfigure.HttpSender.postSpans(HttpSender.java:69)
	at org.springframework.boot.zipkin.autoconfigure.HttpSender.postSpans(HttpSender.java:41)
	at zipkin2.reporter.BaseHttpSender.send(BaseHttpSender.java:123)
	at zipkin2.reporter.internal.AsyncReporter$BoundedAsyncReporter.flush(AsyncReporter.java:266)
	at zipkin2.reporter.internal.AsyncReporter$Flusher.run(AsyncReporter.java:352)
	at java.base/java.lang.Thread.run(Thread.java:1474)
Caused by: java.net.ConnectException
	at java.net.http/jdk.internal.net.http.common.Utils.toConnectException(Utils.java:1070)
	at java.net.http/jdk.internal.net.http.PlainHttpConnection.connectAsync(PlainHttpConnection.java:223)
	at java.net.http/jdk.internal.net.http.PlainHttpConnection.checkRetryConnect(PlainHttpConnection.java:277)
	at java.net.http/jdk.internal.net.http.PlainHttpConnection.lambda$connectAsync$0(PlainHttpConnection.java:235)
	at java.base/java.util.concurrent.CompletableFuture.uniHandle(CompletableFuture.java:955)
	at java.base/java.util.concurrent.CompletableFuture$UniHandle.tryFire(CompletableFuture.java:932)
	at java.base/java.util.concurrent.CompletableFuture.postComplete(CompletableFuture.java:531)
	at java.base/java.util.concurrent.CompletableFuture$AsyncSupply.run(CompletableFuture.java:1794)
	at java.base/java.util.concurrent.ThreadPoolExecutor.runWorker(ThreadPoolExecutor.java:1090)
	at java.base/java.util.concurrent.ThreadPoolExecutor$Worker.run(ThreadPoolExecutor.java:614)
	... 1 common frames omitted
Caused by: java.nio.channels.ClosedChannelException
	at java.base/sun.nio.ch.SocketChannelImpl.ensureOpen(SocketChannelImpl.java:204)
	at java.base/sun.nio.ch.SocketChannelImpl.connect(SocketChannelImpl.java:942)
	at java.net.http/jdk.internal.net.http.PlainHttpConnection.connectAsync(PlainHttpConnection.java:211)
	... 9 common frames omitted
12-08-2026 16:17:44.613 [AsyncResolver-bootstrap-executor-%d] [-] INFO  order-service-c.n.d.s.r.aws.ConfigClusterResolver.getClusterEndpoints - Resolving eureka endpoints via configuration
12-08-2026 16:18:14.336 [SpringApplicationShutdownHook] [-] INFO  order-service-o.s.c.n.e.s.EurekaServiceRegistry.deregister - Unregistering application ORDER-SERVICE with eureka with status DOWN
12-08-2026 16:18:14.336 [SpringApplicationShutdownHook] [-] INFO  order-service-c.netflix.discovery.DiscoveryClient.notify - Saw local status change event StatusChangeEvent [timestamp=1786531694336, current=DOWN, previous=UP]
12-08-2026 16:18:14.337 [DiscoveryClient-InstanceInfoReplicator-%d] [-] INFO  order-service-c.netflix.discovery.DiscoveryClient.register - DiscoveryClient_ORDER-SERVICE/DESKTOP-5CC3FG7.mshome.net:order-service:9040: registering service...
12-08-2026 16:18:14.343 [DiscoveryClient-InstanceInfoReplicator-%d] [-] INFO  order-service-c.netflix.discovery.DiscoveryClient.register - DiscoveryClient_ORDER-SERVICE/DESKTOP-5CC3FG7.mshome.net:order-service:9040 - registration status: 204
12-08-2026 16:18:14.346 [org.springframework.kafka.KafkaListenerEndpointContainer#0-0-C-1] [-] INFO  order-service-o.a.k.c.c.i.ConsumerRebalanceListenerInvoker.invokePartitionsRevoked - [Consumer clientId=consumer-order-service-1, groupId=order-service] Revoke previously assigned partitions [order-status-updated-0, order-status-updated-1, order-status-updated-2]
12-08-2026 16:18:14.347 [org.springframework.kafka.KafkaListenerEndpointContainer#0-0-C-1] [-] INFO  order-service-o.s.k.l.KafkaMessageListenerContainer.info - order-service: partitions revoked: [order-status-updated-0, order-status-updated-1, order-status-updated-2]
12-08-2026 16:18:14.348 [org.springframework.kafka.KafkaListenerEndpointContainer#0-0-C-1] [-] INFO  order-service-o.a.k.c.c.i.ConsumerCoordinator.maybeLeaveGroup - [Consumer clientId=consumer-order-service-1, groupId=order-service] Member consumer-order-service-1-fe898cc5-13c2-4409-89c0-d4b6a63119e1 sending LeaveGroup request to coordinator localhost:9092 (id: 2147483646 rack: null isFenced: false) due to the consumer unsubscribed from all topics
12-08-2026 16:18:14.349 [org.springframework.kafka.KafkaListenerEndpointContainer#0-0-C-1] [-] INFO  order-service-o.a.k.c.c.i.ConsumerCoordinator.resetStateAndGeneration - [Consumer clientId=consumer-order-service-1, groupId=order-service] Resetting generation and member id due to: consumer pro-actively leaving the group
12-08-2026 16:18:14.349 [org.springframework.kafka.KafkaListenerEndpointContainer#0-0-C-1] [-] INFO  order-service-o.a.k.c.c.i.ConsumerCoordinator.requestRejoin - [Consumer clientId=consumer-order-service-1, groupId=order-service] Request joining group due to: consumer pro-actively leaving the group
12-08-2026 16:18:14.350 [org.springframework.kafka.KafkaListenerEndpointContainer#0-0-C-1] [-] INFO  order-service-o.a.k.c.c.i.ClassicKafkaConsumer.unsubscribe - [Consumer clientId=consumer-order-service-1, groupId=order-service] Unsubscribed all topics or patterns and assigned partitions
12-08-2026 16:18:14.353 [org.springframework.kafka.KafkaListenerEndpointContainer#0-0-C-1] [-] INFO  order-service-o.a.k.c.c.i.ConsumerCoordinator.resetStateAndGeneration - [Consumer clientId=consumer-order-service-1, groupId=order-service] Resetting generation and member id due to: consumer pro-actively leaving the group
12-08-2026 16:18:14.353 [org.springframework.kafka.KafkaListenerEndpointContainer#0-0-C-1] [-] INFO  order-service-o.a.k.c.c.i.ConsumerCoordinator.requestRejoin - [Consumer clientId=consumer-order-service-1, groupId=order-service] Request joining group due to: consumer pro-actively leaving the group
12-08-2026 16:18:14.523 [org.springframework.kafka.KafkaListenerEndpointContainer#0-0-C-1] [-] INFO  order-service-o.a.kafka.common.metrics.Metrics.close - Metrics scheduler closed
12-08-2026 16:18:14.524 [org.springframework.kafka.KafkaListenerEndpointContainer#0-0-C-1] [-] INFO  order-service-o.a.kafka.common.metrics.Metrics.close - Closing reporter org.apache.kafka.common.metrics.JmxReporter
12-08-2026 16:18:14.524 [org.springframework.kafka.KafkaListenerEndpointContainer#0-0-C-1] [-] INFO  order-service-o.a.kafka.common.metrics.Metrics.close - Closing reporter org.apache.kafka.common.telemetry.internals.ClientTelemetryReporter
12-08-2026 16:18:14.524 [org.springframework.kafka.KafkaListenerEndpointContainer#0-0-C-1] [-] INFO  order-service-o.a.kafka.common.metrics.Metrics.close - Metrics reporters closed
12-08-2026 16:18:14.531 [org.springframework.kafka.KafkaListenerEndpointContainer#0-0-C-1] [-] INFO  order-service-o.a.kafka.common.utils.AppInfoParser.unregisterAppInfo - App info kafka.consumer for consumer-order-service-1 unregistered
12-08-2026 16:18:14.531 [org.springframework.kafka.KafkaListenerEndpointContainer#0-0-C-1] [-] INFO  order-service-o.s.k.l.KafkaMessageListenerContainer.info - order-service: Consumer stopped
12-08-2026 16:18:14.534 [SpringApplicationShutdownHook] [-] INFO  order-service-o.s.boot.tomcat.GracefulShutdown.shutDownGracefully - Commencing graceful shutdown. Waiting for active requests to complete
12-08-2026 16:18:14.539 [tomcat-shutdown] [-] INFO  order-service-o.s.boot.tomcat.GracefulShutdown.doShutdown - Graceful shutdown complete
12-08-2026 16:18:14.540 [SpringApplicationShutdownHook] [-] INFO  order-service-o.a.k.clients.producer.KafkaProducer.close - [Producer clientId=order-service-producer-1] Closing the Kafka producer with timeoutMillis = 30000 ms.
12-08-2026 16:18:14.546 [SpringApplicationShutdownHook] [-] INFO  order-service-o.a.kafka.common.metrics.Metrics.close - Metrics scheduler closed
12-08-2026 16:18:14.546 [SpringApplicationShutdownHook] [-] INFO  order-service-o.a.kafka.common.metrics.Metrics.close - Closing reporter org.apache.kafka.common.metrics.JmxReporter
12-08-2026 16:18:14.546 [SpringApplicationShutdownHook] [-] INFO  order-service-o.a.kafka.common.metrics.Metrics.close - Closing reporter org.apache.kafka.common.telemetry.internals.ClientTelemetryReporter
12-08-2026 16:18:14.546 [SpringApplicationShutdownHook] [-] INFO  order-service-o.a.kafka.common.metrics.Metrics.close - Metrics reporters closed
12-08-2026 16:18:14.547 [SpringApplicationShutdownHook] [-] INFO  order-service-o.a.kafka.common.utils.AppInfoParser.unregisterAppInfo - App info kafka.producer for order-service-producer-1 unregistered
12-08-2026 16:18:14.556 [SpringApplicationShutdownHook] [-] INFO  order-service-o.s.o.j.LocalContainerEntityManagerFactoryBean.destroy - Closing JPA EntityManagerFactory for persistence unit 'default'
12-08-2026 16:18:14.558 [SpringApplicationShutdownHook] [-] INFO  order-service-com.zaxxer.hikari.HikariDataSource.close - HikariPool-1 - Shutdown initiated...
12-08-2026 16:18:14.577 [SpringApplicationShutdownHook] [-] INFO  order-service-com.zaxxer.hikari.HikariDataSource.close - HikariPool-1 - Shutdown completed.
12-08-2026 16:18:15.282 [SpringApplicationShutdownHook] [-] INFO  order-service-c.netflix.discovery.DiscoveryClient.shutdown - Shutting down DiscoveryClient ...
12-08-2026 16:18:18.283 [SpringApplicationShutdownHook] [-] INFO  order-service-c.netflix.discovery.DiscoveryClient.unregister - Unregistering ...
12-08-2026 16:18:18.288 [SpringApplicationShutdownHook] [-] INFO  order-service-c.netflix.discovery.DiscoveryClient.unregister - DiscoveryClient_ORDER-SERVICE/DESKTOP-5CC3FG7.mshome.net:order-service:9040 - deregister  status: 200
12-08-2026 16:18:18.288 [SpringApplicationShutdownHook] [-] INFO  order-service-c.netflix.discovery.DiscoveryClient.shutdown - Completed shut down of DiscoveryClient
12-08-2026 16:18:28.964 [main] [-] INFO  order-service-c.n.o.OrderServiceApplication.logStarting - Starting OrderServiceApplication using Java 25.0.3 with PID 12660 (C:\Users\Admin\Documents\SpringBoot_learnings\eCommerce\order-service\target\classes started by Admin in C:\Users\Admin\Documents\SpringBoot_learnings\eCommerce)
12-08-2026 16:18:28.968 [main] [-] INFO  order-service-c.n.o.OrderServiceApplication.logStartupProfileInfo - The following 1 profile is active: "dev"
12-08-2026 16:18:29.020 [main] [-] INFO  order-service-o.s.c.c.c.ConfigServerConfigDataLoader.log - Fetching config from server at : http://localhost:8888
12-08-2026 16:18:29.020 [main] [-] INFO  order-service-o.s.c.c.c.ConfigServerConfigDataLoader.log - Located environment: name=order-service, profiles=[default], label=null, version=0ea68e7bd44f5a1fe092f8c5aa4a27ddfcec0fa8, state=
12-08-2026 16:18:29.023 [main] [-] INFO  order-service-o.s.c.c.c.ConfigServerConfigDataLoader.log - Fetching config from server at : http://localhost:8888
12-08-2026 16:18:29.023 [main] [-] INFO  order-service-o.s.c.c.c.ConfigServerConfigDataLoader.log - Located environment: name=order-service, profiles=[dev], label=null, version=0ea68e7bd44f5a1fe092f8c5aa4a27ddfcec0fa8, state=
12-08-2026 16:18:30.493 [main] [-] INFO  order-service-o.s.d.r.c.RepositoryConfigurationDelegate.registerRepositoriesIn - Bootstrapping Spring Data JPA repositories in DEFAULT mode.
12-08-2026 16:18:30.682 [main] [-] INFO  order-service-o.s.d.r.c.RepositoryConfigurationDelegate.registerRepositoriesIn - Finished Spring Data repository scanning in 177 ms. Found 1 JPA repository interface.
12-08-2026 16:18:31.242 [main] [-] INFO  order-service-o.s.cloud.context.scope.GenericScope.setSerializationId - BeanFactory id=bc090770-d138-3a38-8d80-97d0ddd81a15
12-08-2026 16:18:31.991 [main] [-] INFO  order-service-o.s.boot.tomcat.TomcatWebServer.initialize - Tomcat initialized with port 9040 (http)
12-08-2026 16:18:32.009 [main] [-] INFO  order-service-o.a.coyote.http11.Http11NioProtocol.log - Initializing ProtocolHandler ["http-nio-9040"]
12-08-2026 16:18:32.014 [main] [-] INFO  order-service-o.a.catalina.core.StandardService.log - Starting service [Tomcat]
12-08-2026 16:18:32.015 [main] [-] INFO  order-service-o.a.catalina.core.StandardEngine.log - Starting Servlet engine: [Apache Tomcat/11.0.22]
12-08-2026 16:18:32.098 [main] [-] INFO  order-service-o.s.b.w.c.s.WebApplicationContextInitializer.prepareWebApplicationContext - Root WebApplicationContext: initialization completed in 3072 ms
12-08-2026 16:18:33.046 [main] [-] INFO  order-service-org.hibernate.orm.jpa.logPersistenceUnitInformation - HHH008540: Processing PersistenceUnitInfo [name: default]
12-08-2026 16:18:33.155 [main] [-] INFO  order-service-org.hibernate.orm.core.logVersion - HHH000001: Hibernate ORM core version 7.4.1.Final
12-08-2026 16:18:33.825 [main] [-] INFO  order-service-o.s.o.j.p.SpringPersistenceUnitInfo.addTransformer - No LoadTimeWeaver setup: ignoring JPA class transformer
12-08-2026 16:18:33.875 [main] [-] INFO  order-service-com.zaxxer.hikari.HikariDataSource.getConnection - HikariPool-1 - Starting...
12-08-2026 16:18:34.138 [main] [-] INFO  order-service-com.zaxxer.hikari.pool.HikariPool.checkFailFast - HikariPool-1 - Added connection com.mysql.cj.jdbc.ConnectionImpl@1695f7cb
12-08-2026 16:18:34.140 [main] [-] INFO  order-service-com.zaxxer.hikari.HikariDataSource.getConnection - HikariPool-1 - Start completed.
12-08-2026 16:18:34.252 [main] [-] INFO  order-service-o.hibernate.orm.connections.pooling.logConnectionInfo - HHH10001005: Database info:
	Database JDBC URL [jdbc:mysql://localhost:3306/ordersdb?useSSL=false]
	Database driver: MySQL Connector/J
	Database dialect: MySQLDialect
	Database version: 8.0.46
	Default catalog/schema: ordersdb/undefined
	Autocommit mode: undefined/unknown
	Isolation level: REPEATABLE_READ [default REPEATABLE_READ]
	JDBC fetch size: none
	Pool: DataSourceConnectionProvider
	Minimum pool size: undefined/unknown
	Maximum pool size: undefined/unknown
12-08-2026 16:18:35.472 [main] [-] INFO  order-service-org.hibernate.orm.core.initiateService - HHH000489: No JTA platform available (set 'hibernate.transaction.jta.platform' to enable JTA platform integration)
12-08-2026 16:18:35.884 [main] [-] INFO  order-service-o.s.o.j.LocalContainerEntityManagerFactoryBean.buildNativeEntityManagerFactory - Initialized JPA EntityManagerFactory for persistence unit 'default'
12-08-2026 16:18:36.045 [main] [-] INFO  order-service-o.s.d.j.r.q.QueryEnhancerFactories.<clinit> - Hibernate is in classpath; If applicable, HQL parser will be used.
12-08-2026 16:18:36.407 [main] [-] WARN  order-service-o.s.b.j.a.JpaBaseConfiguration$JpaWebConfiguration.openEntityManagerInViewInterceptor - spring.jpa.open-in-view is enabled by default. Therefore, database queries may be performed during view rendering. Explicitly configure spring.jpa.open-in-view to disable this warning
12-08-2026 16:18:36.588 [main] [-] INFO  order-service-o.s.c.o.FeignClientFactoryBean.getTarget - For 'inventory-service' URL not provided. Will try picking an instance via load-balancing.
12-08-2026 16:18:36.724 [main] [-] INFO  order-service-o.s.c.o.FeignClientFactoryBean.getTarget - For 'shipping-service' URL not provided. Will try picking an instance via load-balancing.
12-08-2026 16:18:39.280 [main] [-] INFO  order-service-o.s.c.n.e.c.DiscoveryClientOptionalArgsConfiguration.restClientDiscoveryClientOptionalArgs - Eureka HTTP Client uses RestClient.
12-08-2026 16:18:39.526 [main] [-] WARN  order-service-o.s.c.l.c.LoadBalancerCacheAutoConfiguration$LoadBalancerCaffeineWarnLogger.afterPropertiesSet - Spring Cloud LoadBalancer is currently working with the default cache. While this cache implementation is useful for development and tests, it's recommended to use Caffeine cache in production.You can switch to using Caffeine cache, by adding it and org.springframework.cache.caffeine.CaffeineCacheManager to the classpath.
12-08-2026 16:18:39.585 [main] [-] INFO  order-service-o.s.b.a.e.web.EndpointLinksResolver.<init> - Exposing 26 endpoints beneath base path '/actuator'
12-08-2026 16:18:39.799 [main] [-] INFO  order-service-o.a.k.common.config.AbstractConfig.logAll - AdminClientConfig values: 
	bootstrap.controllers = []
	bootstrap.servers = [localhost:9092]
	client.dns.lookup = use_all_dns_ips
	client.id = order-service-admin-0
	config.providers = []
	connections.max.idle.ms = 300000
	default.api.timeout.ms = 60000
	enable.metrics.push = false
	metadata.max.age.ms = 300000
	metadata.recovery.rebootstrap.trigger.ms = 300000
	metadata.recovery.strategy = rebootstrap
	metric.reporters = [org.apache.kafka.common.metrics.JmxReporter]
	metrics.num.samples = 2
	metrics.recording.level = INFO
	metrics.sample.window.ms = 30000
	receive.buffer.bytes = 65536
	reconnect.backoff.max.ms = 1000
	reconnect.backoff.ms = 50
	request.timeout.ms = 30000
	retries = 2147483647
	retry.backoff.max.ms = 1000
	retry.backoff.ms = 100
	sasl.client.callback.handler.class = null
	sasl.jaas.config = null
	sasl.kerberos.kinit.cmd = /usr/bin/kinit
	sasl.kerberos.min.time.before.relogin = 60000
	sasl.kerberos.service.name = null
	sasl.kerberos.ticket.renew.jitter = 0.05
	sasl.kerberos.ticket.renew.window.factor = 0.8
	sasl.login.callback.handler.class = null
	sasl.login.class = null
	sasl.login.connect.timeout.ms = null
	sasl.login.read.timeout.ms = null
	sasl.login.refresh.buffer.seconds = 300
	sasl.login.refresh.min.period.seconds = 60
	sasl.login.refresh.window.factor = 0.8
	sasl.login.refresh.window.jitter = 0.05
	sasl.login.retry.backoff.max.ms = 10000
	sasl.login.retry.backoff.ms = 100
	sasl.mechanism = GSSAPI
	sasl.oauthbearer.assertion.algorithm = RS256
	sasl.oauthbearer.assertion.claim.aud = null
	sasl.oauthbearer.assertion.claim.exp.seconds = 300
	sasl.oauthbearer.assertion.claim.iss = null
	sasl.oauthbearer.assertion.claim.jti.include = false
	sasl.oauthbearer.assertion.claim.nbf.seconds = 60
	sasl.oauthbearer.assertion.claim.sub = null
	sasl.oauthbearer.assertion.file = null
	sasl.oauthbearer.assertion.private.key.file = null
	sasl.oauthbearer.assertion.private.key.passphrase = null
	sasl.oauthbearer.assertion.template.file = null
	sasl.oauthbearer.client.credentials.client.id = null
	sasl.oauthbearer.client.credentials.client.secret = null
	sasl.oauthbearer.clock.skew.seconds = 30
	sasl.oauthbearer.expected.audience = []
	sasl.oauthbearer.expected.issuer = null
	sasl.oauthbearer.header.urlencode = false
	sasl.oauthbearer.jwks.endpoint.refresh.ms = 3600000
	sasl.oauthbearer.jwks.endpoint.retry.backoff.max.ms = 10000
	sasl.oauthbearer.jwks.endpoint.retry.backoff.ms = 100
	sasl.oauthbearer.jwks.endpoint.url = null
	sasl.oauthbearer.jwt.retriever.class = class org.apache.kafka.common.security.oauthbearer.DefaultJwtRetriever
	sasl.oauthbearer.jwt.validator.class = class org.apache.kafka.common.security.oauthbearer.DefaultJwtValidator
	sasl.oauthbearer.scope = null
	sasl.oauthbearer.scope.claim.name = scope
	sasl.oauthbearer.sub.claim.name = sub
	sasl.oauthbearer.token.endpoint.url = null
	security.protocol = PLAINTEXT
	security.providers = null
	send.buffer.bytes = 131072
	socket.connection.setup.timeout.max.ms = 30000
	socket.connection.setup.timeout.ms = 10000
	ssl.cipher.suites = []
	ssl.enabled.protocols = [TLSv1.2, TLSv1.3]
	ssl.endpoint.identification.algorithm = https
	ssl.engine.factory.class = null
	ssl.key.password = null
	ssl.keymanager.algorithm = SunX509
	ssl.keystore.certificate.chain = null
	ssl.keystore.key = null
	ssl.keystore.location = null
	ssl.keystore.password = null
	ssl.keystore.type = JKS
	ssl.protocol = TLSv1.3
	ssl.provider = null
	ssl.secure.random.implementation = null
	ssl.trustmanager.algorithm = PKIX
	ssl.truststore.certificates = null
	ssl.truststore.location = null
	ssl.truststore.password = null
	ssl.truststore.type = JKS

12-08-2026 16:18:39.922 [main] [-] INFO  order-service-o.a.kafka.common.utils.AppInfoParser.<init> - Kafka version: 4.2.1
12-08-2026 16:18:39.923 [main] [-] INFO  order-service-o.a.kafka.common.utils.AppInfoParser.<init> - Kafka commitId: 92f61c44867f39dc
12-08-2026 16:18:39.923 [main] [-] INFO  order-service-o.a.kafka.common.utils.AppInfoParser.<init> - Kafka startTimeMs: 1786531719921
12-08-2026 16:18:40.408 [main] [-] INFO  order-service-o.a.kafka.common.metrics.Metrics.close - Metrics scheduler closed
12-08-2026 16:18:40.408 [main] [-] INFO  order-service-o.a.kafka.common.metrics.Metrics.close - Closing reporter org.apache.kafka.common.metrics.JmxReporter
12-08-2026 16:18:40.408 [main] [-] INFO  order-service-o.a.kafka.common.metrics.Metrics.close - Metrics reporters closed
12-08-2026 16:18:40.409 [kafka-admin-client-thread | order-service-admin-0] [-] INFO  order-service-o.a.kafka.common.utils.AppInfoParser.unregisterAppInfo - App info kafka.admin.client for order-service-admin-0 unregistered
12-08-2026 16:18:40.415 [kafka-admin-client-thread | order-service-admin-0] [-] INFO  order-service-o.a.kafka.common.metrics.Metrics.close - Metrics scheduler closed
12-08-2026 16:18:40.416 [kafka-admin-client-thread | order-service-admin-0] [-] INFO  order-service-o.a.kafka.common.metrics.Metrics.close - Closing reporter org.apache.kafka.common.metrics.JmxReporter
12-08-2026 16:18:40.416 [kafka-admin-client-thread | order-service-admin-0] [-] INFO  order-service-o.a.kafka.common.metrics.Metrics.close - Metrics reporters closed
12-08-2026 16:18:40.442 [main] [-] INFO  order-service-o.s.c.n.eureka.InstanceInfoFactory.create - Setting initial instance status as: STARTING
12-08-2026 16:18:40.488 [main] [-] INFO  order-service-c.netflix.discovery.DiscoveryClient.<init> - Initializing Eureka in region us-east-1
12-08-2026 16:18:40.492 [main] [-] INFO  order-service-c.n.d.s.r.aws.ConfigClusterResolver.getClusterEndpoints - Resolving eureka endpoints via configuration
12-08-2026 16:18:40.500 [main] [-] INFO  order-service-c.netflix.discovery.DiscoveryClient.fetchRegistry - Disable delta property : false
12-08-2026 16:18:40.500 [main] [-] INFO  order-service-c.netflix.discovery.DiscoveryClient.fetchRegistry - Single vip registry refresh property : null
12-08-2026 16:18:40.500 [main] [-] INFO  order-service-c.netflix.discovery.DiscoveryClient.fetchRegistry - Force full registry fetch : false
12-08-2026 16:18:40.501 [main] [-] INFO  order-service-c.netflix.discovery.DiscoveryClient.fetchRegistry - Application is null : false
12-08-2026 16:18:40.501 [main] [-] INFO  order-service-c.netflix.discovery.DiscoveryClient.fetchRegistry - Registered Applications size is zero : true
12-08-2026 16:18:40.501 [main] [-] INFO  order-service-c.netflix.discovery.DiscoveryClient.fetchRegistry - Application version is -1: true
12-08-2026 16:18:40.501 [main] [-] INFO  order-service-c.netflix.discovery.DiscoveryClient.getAndStoreFullRegistry - Getting all instance registry info from the eureka server
12-08-2026 16:18:40.831 [main] [-] INFO  order-service-c.netflix.discovery.DiscoveryClient.getAndStoreFullRegistry - The response status is 200
12-08-2026 16:18:40.834 [main] [-] INFO  order-service-c.netflix.discovery.DiscoveryClient.initScheduledTasks - Starting heartbeat executor: renew interval is: 30
12-08-2026 16:18:40.837 [main] [-] INFO  order-service-c.n.discovery.InstanceInfoReplicator.<init> - InstanceInfoReplicator onDemand update allowed rate per min is 4
12-08-2026 16:18:40.840 [main] [-] INFO  order-service-c.netflix.discovery.DiscoveryClient.<init> - Discovery Client initialized at timestamp 1786531720839 with initial instances count: 2
12-08-2026 16:18:40.852 [main] [-] INFO  order-service-o.s.c.n.e.s.EurekaServiceRegistry.register - Registering application ORDER-SERVICE with eureka with status UP
12-08-2026 16:18:40.853 [main] [-] INFO  order-service-c.netflix.discovery.DiscoveryClient.notify - Saw local status change event StatusChangeEvent [timestamp=1786531720853, current=UP, previous=STARTING]
12-08-2026 16:18:40.854 [DiscoveryClient-InstanceInfoReplicator-%d] [-] INFO  order-service-c.netflix.discovery.DiscoveryClient.register - DiscoveryClient_ORDER-SERVICE/DESKTOP-5CC3FG7.mshome.net:order-service:9040: registering service...
12-08-2026 16:18:40.854 [main] [-] INFO  order-service-o.a.coyote.http11.Http11NioProtocol.log - Starting ProtocolHandler ["http-nio-9040"]
12-08-2026 16:18:40.867 [main] [-] INFO  order-service-o.s.boot.tomcat.TomcatWebServer.start - Tomcat started on port 9040 (http) with context path '/orders'
12-08-2026 16:18:40.868 [main] [-] INFO  order-service-o.s.c.n.e.s.EurekaAutoServiceRegistration.onApplicationEvent - Updating port to 9040
12-08-2026 16:18:40.893 [DiscoveryClient-InstanceInfoReplicator-%d] [-] INFO  order-service-c.netflix.discovery.DiscoveryClient.register - DiscoveryClient_ORDER-SERVICE/DESKTOP-5CC3FG7.mshome.net:order-service:9040 - registration status: 204
12-08-2026 16:18:40.901 [main] [-] INFO  order-service-o.a.k.common.config.AbstractConfig.logAll - ConsumerConfig values: 
	allow.auto.create.topics = true
	auto.commit.interval.ms = 5000
	auto.offset.reset = latest
	bootstrap.servers = [localhost:9092]
	check.crcs = true
	client.dns.lookup = use_all_dns_ips
	client.id = consumer-order-service-1
	client.rack = 
	config.providers = []
	connections.max.idle.ms = 540000
	default.api.timeout.ms = 60000
	enable.auto.commit = false
	enable.metrics.push = true
	exclude.internal.topics = true
	fetch.max.bytes = 52428800
	fetch.max.wait.ms = 500
	fetch.min.bytes = 1
	group.id = order-service
	group.instance.id = null
	group.protocol = classic
	group.remote.assignor = null
	heartbeat.interval.ms = 3000
	interceptor.classes = []
	internal.throw.on.fetch.stable.offset.unsupported = false
	isolation.level = read_uncommitted
	key.deserializer = class org.apache.kafka.common.serialization.LongDeserializer
	max.partition.fetch.bytes = 1048576
	max.poll.interval.ms = 300000
	max.poll.records = 500
	metadata.max.age.ms = 300000
	metadata.recovery.rebootstrap.trigger.ms = 300000
	metadata.recovery.strategy = rebootstrap
	metric.reporters = [org.apache.kafka.common.metrics.JmxReporter]
	metrics.num.samples = 2
	metrics.recording.level = INFO
	metrics.sample.window.ms = 30000
	partition.assignment.strategy = [class org.apache.kafka.clients.consumer.RangeAssignor, class org.apache.kafka.clients.consumer.CooperativeStickyAssignor]
	receive.buffer.bytes = 65536
	reconnect.backoff.max.ms = 1000
	reconnect.backoff.ms = 50
	request.timeout.ms = 30000
	retry.backoff.max.ms = 1000
	retry.backoff.ms = 100
	sasl.client.callback.handler.class = null
	sasl.jaas.config = null
	sasl.kerberos.kinit.cmd = /usr/bin/kinit
	sasl.kerberos.min.time.before.relogin = 60000
	sasl.kerberos.service.name = null
	sasl.kerberos.ticket.renew.jitter = 0.05
	sasl.kerberos.ticket.renew.window.factor = 0.8
	sasl.login.callback.handler.class = null
	sasl.login.class = null
	sasl.login.connect.timeout.ms = null
	sasl.login.read.timeout.ms = null
	sasl.login.refresh.buffer.seconds = 300
	sasl.login.refresh.min.period.seconds = 60
	sasl.login.refresh.window.factor = 0.8
	sasl.login.refresh.window.jitter = 0.05
	sasl.login.retry.backoff.max.ms = 10000
	sasl.login.retry.backoff.ms = 100
	sasl.mechanism = GSSAPI
	sasl.oauthbearer.assertion.algorithm = RS256
	sasl.oauthbearer.assertion.claim.aud = null
	sasl.oauthbearer.assertion.claim.exp.seconds = 300
	sasl.oauthbearer.assertion.claim.iss = null
	sasl.oauthbearer.assertion.claim.jti.include = false
	sasl.oauthbearer.assertion.claim.nbf.seconds = 60
	sasl.oauthbearer.assertion.claim.sub = null
	sasl.oauthbearer.assertion.file = null
	sasl.oauthbearer.assertion.private.key.file = null
	sasl.oauthbearer.assertion.private.key.passphrase = null
	sasl.oauthbearer.assertion.template.file = null
	sasl.oauthbearer.client.credentials.client.id = null
	sasl.oauthbearer.client.credentials.client.secret = null
	sasl.oauthbearer.clock.skew.seconds = 30
	sasl.oauthbearer.expected.audience = []
	sasl.oauthbearer.expected.issuer = null
	sasl.oauthbearer.header.urlencode = false
	sasl.oauthbearer.jwks.endpoint.refresh.ms = 3600000
	sasl.oauthbearer.jwks.endpoint.retry.backoff.max.ms = 10000
	sasl.oauthbearer.jwks.endpoint.retry.backoff.ms = 100
	sasl.oauthbearer.jwks.endpoint.url = null
	sasl.oauthbearer.jwt.retriever.class = class org.apache.kafka.common.security.oauthbearer.DefaultJwtRetriever
	sasl.oauthbearer.jwt.validator.class = class org.apache.kafka.common.security.oauthbearer.DefaultJwtValidator
	sasl.oauthbearer.scope = null
	sasl.oauthbearer.scope.claim.name = scope
	sasl.oauthbearer.sub.claim.name = sub
	sasl.oauthbearer.token.endpoint.url = null
	security.protocol = PLAINTEXT
	security.providers = null
	send.buffer.bytes = 131072
	session.timeout.ms = 45000
	share.acknowledgement.mode = implicit
	share.acquire.mode = BATCH_OPTIMIZED
	socket.connection.setup.timeout.max.ms = 30000
	socket.connection.setup.timeout.ms = 10000
	ssl.cipher.suites = []
	ssl.enabled.protocols = [TLSv1.2, TLSv1.3]
	ssl.endpoint.identification.algorithm = https
	ssl.engine.factory.class = null
	ssl.key.password = null
	ssl.keymanager.algorithm = SunX509
	ssl.keystore.certificate.chain = null
	ssl.keystore.key = null
	ssl.keystore.location = null
	ssl.keystore.password = null
	ssl.keystore.type = JKS
	ssl.protocol = TLSv1.3
	ssl.provider = null
	ssl.secure.random.implementation = null
	ssl.trustmanager.algorithm = PKIX
	ssl.truststore.certificates = null
	ssl.truststore.location = null
	ssl.truststore.password = null
	ssl.truststore.type = JKS
	value.deserializer = class org.springframework.kafka.support.serializer.JacksonJsonDeserializer

12-08-2026 16:18:40.937 [main] [-] INFO  order-service-o.a.k.c.t.i.KafkaMetricsCollector.init - initializing Kafka metrics collector
12-08-2026 16:18:40.986 [main] [-] INFO  order-service-o.a.kafka.common.utils.AppInfoParser.<init> - Kafka version: 4.2.1
12-08-2026 16:18:40.987 [main] [-] INFO  order-service-o.a.kafka.common.utils.AppInfoParser.<init> - Kafka commitId: 92f61c44867f39dc
12-08-2026 16:18:40.987 [main] [-] INFO  order-service-o.a.kafka.common.utils.AppInfoParser.<init> - Kafka startTimeMs: 1786531720986
12-08-2026 16:18:40.997 [main] [-] INFO  order-service-o.a.k.c.c.i.ClassicKafkaConsumer.subscribeInternal - [Consumer clientId=consumer-order-service-1, groupId=order-service] Subscribed to topic(s): order-status-updated
12-08-2026 16:18:41.025 [org.springframework.kafka.KafkaListenerEndpointContainer#0-0-C-1] [-] INFO  order-service-org.apache.kafka.clients.Metadata.update - [Consumer clientId=consumer-order-service-1, groupId=order-service] Cluster ID: MkU3OEVBNTcwNTJENDM2Qk
12-08-2026 16:18:41.027 [main] [-] INFO  order-service-c.n.o.OrderServiceApplication.logStarted - Started OrderServiceApplication in 15.633 seconds (process running for 16.723)
12-08-2026 16:18:41.027 [org.springframework.kafka.KafkaListenerEndpointContainer#0-0-C-1] [-] INFO  order-service-o.a.k.c.c.i.ConsumerCoordinator.onSuccess - [Consumer clientId=consumer-order-service-1, groupId=order-service] Discovered group coordinator localhost:9092 (id: 2147483646 rack: null isFenced: false)
12-08-2026 16:18:41.030 [org.springframework.kafka.KafkaListenerEndpointContainer#0-0-C-1] [-] INFO  order-service-o.a.k.c.c.i.ConsumerCoordinator.sendJoinGroupRequest - [Consumer clientId=consumer-order-service-1, groupId=order-service] (Re-)joining group
12-08-2026 16:18:41.049 [org.springframework.kafka.KafkaListenerEndpointContainer#0-0-C-1] [-] INFO  order-service-o.a.k.c.c.i.ConsumerCoordinator.requestRejoin - [Consumer clientId=consumer-order-service-1, groupId=order-service] Request joining group due to: need to re-join with the given member-id: consumer-order-service-1-c067e7b9-bca7-4961-8a80-6e1cf1ef5e86
12-08-2026 16:18:41.050 [org.springframework.kafka.KafkaListenerEndpointContainer#0-0-C-1] [-] INFO  order-service-o.a.k.c.c.i.ConsumerCoordinator.sendJoinGroupRequest - [Consumer clientId=consumer-order-service-1, groupId=order-service] (Re-)joining group
12-08-2026 16:18:41.054 [org.springframework.kafka.KafkaListenerEndpointContainer#0-0-C-1] [-] INFO  order-service-o.a.k.c.c.i.ConsumerCoordinator.handle - [Consumer clientId=consumer-order-service-1, groupId=order-service] Successfully joined group with generation Generation{generationId=3, memberId='consumer-order-service-1-c067e7b9-bca7-4961-8a80-6e1cf1ef5e86', protocol='range'}
12-08-2026 16:18:41.061 [org.springframework.kafka.KafkaListenerEndpointContainer#0-0-C-1] [-] INFO  order-service-o.a.k.c.c.i.ConsumerCoordinator.onLeaderElected - [Consumer clientId=consumer-order-service-1, groupId=order-service] Finished assignment for group at generation 3: {consumer-order-service-1-c067e7b9-bca7-4961-8a80-6e1cf1ef5e86=Assignment(partitions=[order-status-updated-0, order-status-updated-1, order-status-updated-2])}
12-08-2026 16:18:41.067 [org.springframework.kafka.KafkaListenerEndpointContainer#0-0-C-1] [-] INFO  order-service-o.a.k.c.c.i.ConsumerCoordinator.handle - [Consumer clientId=consumer-order-service-1, groupId=order-service] Successfully synced group in generation Generation{generationId=3, memberId='consumer-order-service-1-c067e7b9-bca7-4961-8a80-6e1cf1ef5e86', protocol='range'}
12-08-2026 16:18:41.068 [org.springframework.kafka.KafkaListenerEndpointContainer#0-0-C-1] [-] INFO  order-service-o.a.k.c.c.i.ConsumerCoordinator.invokeOnAssignment - [Consumer clientId=consumer-order-service-1, groupId=order-service] Notifying assignor about the new Assignment(partitions=[order-status-updated-0, order-status-updated-1, order-status-updated-2])
12-08-2026 16:18:41.070 [org.springframework.kafka.KafkaListenerEndpointContainer#0-0-C-1] [-] INFO  order-service-o.a.k.c.c.i.ConsumerRebalanceListenerInvoker.invokePartitionsAssigned - [Consumer clientId=consumer-order-service-1, groupId=order-service] Adding newly assigned partitions: [order-status-updated-0, order-status-updated-1, order-status-updated-2]
12-08-2026 16:18:41.082 [org.springframework.kafka.KafkaListenerEndpointContainer#0-0-C-1] [-] INFO  order-service-o.a.k.c.c.internals.ConsumerUtils.refreshCommittedOffsets - Setting offset for partition order-status-updated-2 to the committed offset FetchPosition{offset=0, offsetEpoch=Optional.empty, currentLeader=LeaderAndEpoch{leader=Optional[localhost:9092 (id: 1 rack: null isFenced: false)], epoch=0}}
12-08-2026 16:18:41.084 [org.springframework.kafka.KafkaListenerEndpointContainer#0-0-C-1] [-] INFO  order-service-o.a.k.c.c.internals.ConsumerUtils.refreshCommittedOffsets - Setting offset for partition order-status-updated-1 to the committed offset FetchPosition{offset=0, offsetEpoch=Optional.empty, currentLeader=LeaderAndEpoch{leader=Optional[localhost:9092 (id: 1 rack: null isFenced: false)], epoch=0}}
12-08-2026 16:18:41.084 [org.springframework.kafka.KafkaListenerEndpointContainer#0-0-C-1] [-] INFO  order-service-o.a.k.c.c.internals.ConsumerUtils.refreshCommittedOffsets - Setting offset for partition order-status-updated-0 to the committed offset FetchPosition{offset=0, offsetEpoch=Optional.empty, currentLeader=LeaderAndEpoch{leader=Optional[localhost:9092 (id: 1 rack: null isFenced: false)], epoch=0}}
12-08-2026 16:18:41.085 [org.springframework.kafka.KafkaListenerEndpointContainer#0-0-C-1] [-] INFO  order-service-o.s.k.l.KafkaMessageListenerContainer.info - order-service: partitions assigned: [order-status-updated-0, order-status-updated-1, order-status-updated-2]
12-08-2026 16:19:30.276 [http-nio-9040-exec-2] [-] INFO  order-service-o.a.c.c.C.[.[localhost].[/orders].log - Initializing Spring DispatcherServlet 'dispatcherServlet'
12-08-2026 16:19:30.276 [http-nio-9040-exec-2] [-] INFO  order-service-o.s.web.servlet.DispatcherServlet.initServletBean - Initializing Servlet 'dispatcherServlet'
12-08-2026 16:19:30.278 [http-nio-9040-exec-2] [-] INFO  order-service-o.s.web.servlet.DispatcherServlet.initServletBean - Completed initialization in 2 ms
12-08-2026 16:19:30.427 [http-nio-9040-exec-2] [6a7c4fba465c0a8b1c1249228db748b0-aad6fd71ba54b6a2] INFO  order-service-c.n.o.service.OrdersService.createOrder - Creating order with this details : OrderRequestDto(id=null, items=[OrderRequestItemDto(id=null, productId=4, quantity=1), OrderRequestItemDto(id=null, productId=5, quantity=1)], totalPrice=null)
12-08-2026 16:19:30.594 [http-nio-9040-exec-2] [6a7c4fba465c0a8b1c1249228db748b0-aad6fd71ba54b6a2] INFO  order-service-o.a.k.common.config.AbstractConfig.logAll - ProducerConfig values: 
	acks = -1
	batch.size = 16384
	bootstrap.servers = [localhost:9092]
	buffer.memory = 33554432
	client.dns.lookup = use_all_dns_ips
	client.id = order-service-producer-1
	compression.gzip.level = -1
	compression.lz4.level = 9
	compression.type = none
	compression.zstd.level = 3
	config.providers = []
	connections.max.idle.ms = 540000
	delivery.timeout.ms = 120000
	enable.idempotence = true
	enable.metrics.push = true
	interceptor.classes = []
	key.serializer = class org.apache.kafka.common.serialization.LongSerializer
	linger.ms = 5
	max.block.ms = 60000
	max.in.flight.requests.per.connection = 5
	max.request.size = 1048576
	metadata.max.age.ms = 300000
	metadata.max.idle.ms = 300000
	metadata.recovery.rebootstrap.trigger.ms = 300000
	metadata.recovery.strategy = rebootstrap
	metric.reporters = [org.apache.kafka.common.metrics.JmxReporter]
	metrics.num.samples = 2
	metrics.recording.level = INFO
	metrics.sample.window.ms = 30000
	partitioner.adaptive.partitioning.enable = true
	partitioner.availability.timeout.ms = 0
	partitioner.class = null
	partitioner.ignore.keys = false
	receive.buffer.bytes = 32768
	reconnect.backoff.max.ms = 1000
	reconnect.backoff.ms = 50
	request.timeout.ms = 30000
	retries = 3
	retry.backoff.max.ms = 1000
	retry.backoff.ms = 100
	sasl.client.callback.handler.class = null
	sasl.jaas.config = null
	sasl.kerberos.kinit.cmd = /usr/bin/kinit
	sasl.kerberos.min.time.before.relogin = 60000
	sasl.kerberos.service.name = null
	sasl.kerberos.ticket.renew.jitter = 0.05
	sasl.kerberos.ticket.renew.window.factor = 0.8
	sasl.login.callback.handler.class = null
	sasl.login.class = null
	sasl.login.connect.timeout.ms = null
	sasl.login.read.timeout.ms = null
	sasl.login.refresh.buffer.seconds = 300
	sasl.login.refresh.min.period.seconds = 60
	sasl.login.refresh.window.factor = 0.8
	sasl.login.refresh.window.jitter = 0.05
	sasl.login.retry.backoff.max.ms = 10000
	sasl.login.retry.backoff.ms = 100
	sasl.mechanism = GSSAPI
	sasl.oauthbearer.assertion.algorithm = RS256
	sasl.oauthbearer.assertion.claim.aud = null
	sasl.oauthbearer.assertion.claim.exp.seconds = 300
	sasl.oauthbearer.assertion.claim.iss = null
	sasl.oauthbearer.assertion.claim.jti.include = false
	sasl.oauthbearer.assertion.claim.nbf.seconds = 60
	sasl.oauthbearer.assertion.claim.sub = null
	sasl.oauthbearer.assertion.file = null
	sasl.oauthbearer.assertion.private.key.file = null
	sasl.oauthbearer.assertion.private.key.passphrase = null
	sasl.oauthbearer.assertion.template.file = null
	sasl.oauthbearer.client.credentials.client.id = null
	sasl.oauthbearer.client.credentials.client.secret = null
	sasl.oauthbearer.clock.skew.seconds = 30
	sasl.oauthbearer.expected.audience = []
	sasl.oauthbearer.expected.issuer = null
	sasl.oauthbearer.header.urlencode = false
	sasl.oauthbearer.jwks.endpoint.refresh.ms = 3600000
	sasl.oauthbearer.jwks.endpoint.retry.backoff.max.ms = 10000
	sasl.oauthbearer.jwks.endpoint.retry.backoff.ms = 100
	sasl.oauthbearer.jwks.endpoint.url = null
	sasl.oauthbearer.jwt.retriever.class = class org.apache.kafka.common.security.oauthbearer.DefaultJwtRetriever
	sasl.oauthbearer.jwt.validator.class = class org.apache.kafka.common.security.oauthbearer.DefaultJwtValidator
	sasl.oauthbearer.scope = null
	sasl.oauthbearer.scope.claim.name = scope
	sasl.oauthbearer.sub.claim.name = sub
	sasl.oauthbearer.token.endpoint.url = null
	security.protocol = PLAINTEXT
	security.providers = null
	send.buffer.bytes = 131072
	socket.connection.setup.timeout.max.ms = 30000
	socket.connection.setup.timeout.ms = 10000
	ssl.cipher.suites = []
	ssl.enabled.protocols = [TLSv1.2, TLSv1.3]
	ssl.endpoint.identification.algorithm = https
	ssl.engine.factory.class = null
	ssl.key.password = null
	ssl.keymanager.algorithm = SunX509
	ssl.keystore.certificate.chain = null
	ssl.keystore.key = null
	ssl.keystore.location = null
	ssl.keystore.password = null
	ssl.keystore.type = JKS
	ssl.protocol = TLSv1.3
	ssl.provider = null
	ssl.secure.random.implementation = null
	ssl.trustmanager.algorithm = PKIX
	ssl.truststore.certificates = null
	ssl.truststore.location = null
	ssl.truststore.password = null
	ssl.truststore.type = JKS
	transaction.timeout.ms = 60000
	transaction.two.phase.commit.enable = false
	transactional.id = null
	value.serializer = class org.springframework.kafka.support.serializer.JacksonJsonSerializer

12-08-2026 16:19:30.595 [http-nio-9040-exec-2] [6a7c4fba465c0a8b1c1249228db748b0-aad6fd71ba54b6a2] INFO  order-service-o.a.k.c.t.i.KafkaMetricsCollector.init - initializing Kafka metrics collector
12-08-2026 16:19:30.616 [http-nio-9040-exec-2] [6a7c4fba465c0a8b1c1249228db748b0-aad6fd71ba54b6a2] INFO  order-service-o.a.k.clients.producer.KafkaProducer.configureTransactionState - [Producer clientId=order-service-producer-1] Instantiated an idempotent producer.
12-08-2026 16:19:30.646 [http-nio-9040-exec-2] [6a7c4fba465c0a8b1c1249228db748b0-aad6fd71ba54b6a2] INFO  order-service-o.a.kafka.common.utils.AppInfoParser.<init> - Kafka version: 4.2.1
12-08-2026 16:19:30.647 [http-nio-9040-exec-2] [6a7c4fba465c0a8b1c1249228db748b0-aad6fd71ba54b6a2] INFO  order-service-o.a.kafka.common.utils.AppInfoParser.<init> - Kafka commitId: 92f61c44867f39dc
12-08-2026 16:19:30.647 [http-nio-9040-exec-2] [6a7c4fba465c0a8b1c1249228db748b0-aad6fd71ba54b6a2] INFO  order-service-o.a.kafka.common.utils.AppInfoParser.<init> - Kafka startTimeMs: 1786531770645
12-08-2026 16:19:30.658 [kafka-producer-network-thread | order-service-producer-1] [-] INFO  order-service-org.apache.kafka.clients.Metadata.update - [Producer clientId=order-service-producer-1] Cluster ID: MkU3OEVBNTcwNTJENDM2Qk
12-08-2026 16:19:30.659 [kafka-producer-network-thread | order-service-producer-1] [-] INFO  order-service-o.a.k.c.p.i.TransactionManager.setProducerIdAndEpoch - [Producer clientId=order-service-producer-1] ProducerId set to 17 with epoch 0
12-08-2026 16:19:31.868 [AsyncReporter{ZipkinHttpClientSender{http://localhost:9411/api/v2/spans}}] [-] WARN  order-service-z.r.i.AsyncReporter$BoundedAsyncReporter.flush - Spans were dropped due to exceptions. All subsequent errors will be logged at FINE level.
12-08-2026 16:19:31.869 [AsyncReporter{ZipkinHttpClientSender{http://localhost:9411/api/v2/spans}}] [-] WARN  order-service-z.r.i.AsyncReporter$BoundedAsyncReporter.flush - Dropped 1 spans due to ConnectException()
java.net.ConnectException
	at java.net.http/jdk.internal.net.http.HttpClientImpl.send(HttpClientImpl.java:923)
	at java.net.http/jdk.internal.net.http.HttpClientFacade.send(HttpClientFacade.java:133)
	at org.springframework.boot.zipkin.autoconfigure.ZipkinHttpClientSender.postSpans(ZipkinHttpClientSender.java:59)
	at org.springframework.boot.zipkin.autoconfigure.HttpSender.postSpans(HttpSender.java:69)
	at org.springframework.boot.zipkin.autoconfigure.HttpSender.postSpans(HttpSender.java:41)
	at zipkin2.reporter.BaseHttpSender.send(BaseHttpSender.java:123)
	at zipkin2.reporter.internal.AsyncReporter$BoundedAsyncReporter.flush(AsyncReporter.java:266)
	at zipkin2.reporter.internal.AsyncReporter$Flusher.run(AsyncReporter.java:352)
	at java.base/java.lang.Thread.run(Thread.java:1474)
Caused by: java.net.ConnectException
	at java.net.http/jdk.internal.net.http.common.Utils.toConnectException(Utils.java:1070)
	at java.net.http/jdk.internal.net.http.PlainHttpConnection.connectAsync(PlainHttpConnection.java:223)
	at java.net.http/jdk.internal.net.http.PlainHttpConnection.checkRetryConnect(PlainHttpConnection.java:277)
	at java.net.http/jdk.internal.net.http.PlainHttpConnection.lambda$connectAsync$0(PlainHttpConnection.java:235)
	at java.base/java.util.concurrent.CompletableFuture.uniHandle(CompletableFuture.java:955)
	at java.base/java.util.concurrent.CompletableFuture$UniHandle.tryFire(CompletableFuture.java:932)
	at java.base/java.util.concurrent.CompletableFuture.postComplete(CompletableFuture.java:531)
	at java.base/java.util.concurrent.CompletableFuture$AsyncSupply.run(CompletableFuture.java:1794)
	at java.base/java.util.concurrent.ThreadPoolExecutor.runWorker(ThreadPoolExecutor.java:1090)
	at java.base/java.util.concurrent.ThreadPoolExecutor$Worker.run(ThreadPoolExecutor.java:614)
	... 1 common frames omitted
Caused by: java.nio.channels.ClosedChannelException
	at java.base/sun.nio.ch.SocketChannelImpl.ensureOpen(SocketChannelImpl.java:204)
	at java.base/sun.nio.ch.SocketChannelImpl.connect(SocketChannelImpl.java:942)
	at java.net.http/jdk.internal.net.http.PlainHttpConnection.connectAsync(PlainHttpConnection.java:211)
	... 9 common frames omitted
12-08-2026 16:23:40.505 [AsyncResolver-bootstrap-executor-%d] [-] INFO  order-service-c.n.d.s.r.aws.ConfigClusterResolver.getClusterEndpoints - Resolving eureka endpoints via configuration
12-08-2026 16:28:40.508 [AsyncResolver-bootstrap-executor-%d] [-] INFO  order-service-c.n.d.s.r.aws.ConfigClusterResolver.getClusterEndpoints - Resolving eureka endpoints via configuration
12-08-2026 17:29:54.033 [org.springframework.kafka.KafkaListenerEndpointContainer#0-0-C-1] [-] INFO  order-service-o.apache.kafka.clients.NetworkClient.handleTimedOutRequests - [Consumer clientId=consumer-order-service-1, groupId=order-service] Disconnecting from node 1 due to request timeout.
12-08-2026 17:29:54.035 [org.springframework.kafka.KafkaListenerEndpointContainer#0-0-C-1] [-] INFO  order-service-o.apache.kafka.clients.NetworkClient.cancelInFlightRequests - [Consumer clientId=consumer-order-service-1, groupId=order-service] Cancelled in-flight FETCH request with correlation id 1466 due to node 1 being disconnected (elapsed time since creation: 3647156ms, elapsed time since send: 3647156ms, throttle time: 0ms, request timeout: 30000ms)
12-08-2026 17:29:54.037 [kafka-coordinator-heartbeat-thread | order-service] [-] INFO  order-service-o.a.k.c.c.i.ConsumerCoordinator.markCoordinatorUnknown - [Consumer clientId=consumer-order-service-1, groupId=order-service] Group coordinator localhost:9092 (id: 2147483646 rack: null isFenced: false) is unavailable or invalid due to cause: coordinator unavailable. isDisconnected: true. Rediscovery will be attempted.
12-08-2026 17:29:54.036 [org.springframework.kafka.KafkaListenerEndpointContainer#0-0-C-1] [-] INFO  order-service-o.a.k.clients.FetchSessionHandler.handleError - [Consumer clientId=consumer-order-service-1, groupId=order-service] Error sending fetch request (sessionId=1654407644, epoch=1242) to node 1:
org.apache.kafka.common.errors.DisconnectException
12-08-2026 17:29:55.474 [org.springframework.kafka.KafkaListenerEndpointContainer#0-0-C-1] [-] INFO  order-service-o.a.k.c.c.i.ConsumerCoordinator.onSuccess - [Consumer clientId=consumer-order-service-1, groupId=order-service] Discovered group coordinator localhost:9092 (id: 2147483646 rack: null isFenced: false)
12-08-2026 17:29:57.199 [HikariPool-1:housekeeper] [-] WARN  order-service-com.zaxxer.hikari.pool.HikariPool.run - HikariPool-1 - Thread starvation or clock leap detected (housekeeper delta=1h52s884ms780µs100ns).
12-08-2026 17:33:46.452 [HikariPool-1:housekeeper] [-] WARN  order-service-com.zaxxer.hikari.pool.HikariPool.run - HikariPool-1 - Thread starvation or clock leap detected (housekeeper delta=49s248ms323µs800ns).
12-08-2026 17:34:47.273 [AsyncResolver-bootstrap-executor-%d] [-] INFO  order-service-c.n.d.s.r.aws.ConfigClusterResolver.getClusterEndpoints - Resolving eureka endpoints via configuration
12-08-2026 17:35:48.843 [SpringApplicationShutdownHook] [-] INFO  order-service-o.s.c.n.e.s.EurekaServiceRegistry.deregister - Unregistering application ORDER-SERVICE with eureka with status DOWN
12-08-2026 17:35:48.844 [SpringApplicationShutdownHook] [-] INFO  order-service-c.netflix.discovery.DiscoveryClient.notify - Saw local status change event StatusChangeEvent [timestamp=1786536348844, current=DOWN, previous=UP]
12-08-2026 17:35:48.844 [DiscoveryClient-InstanceInfoReplicator-%d] [-] INFO  order-service-c.netflix.discovery.DiscoveryClient.register - DiscoveryClient_ORDER-SERVICE/DESKTOP-5CC3FG7.mshome.net:order-service:9040: registering service...
12-08-2026 17:35:48.852 [org.springframework.kafka.KafkaListenerEndpointContainer#0-0-C-1] [-] INFO  order-service-o.a.k.c.c.i.ConsumerRebalanceListenerInvoker.invokePartitionsRevoked - [Consumer clientId=consumer-order-service-1, groupId=order-service] Revoke previously assigned partitions [order-status-updated-0, order-status-updated-1, order-status-updated-2]
12-08-2026 17:35:48.854 [org.springframework.kafka.KafkaListenerEndpointContainer#0-0-C-1] [-] INFO  order-service-o.s.k.l.KafkaMessageListenerContainer.info - order-service: partitions revoked: [order-status-updated-0, order-status-updated-1, order-status-updated-2]
12-08-2026 17:35:48.856 [org.springframework.kafka.KafkaListenerEndpointContainer#0-0-C-1] [-] INFO  order-service-o.a.k.c.c.i.ConsumerCoordinator.maybeLeaveGroup - [Consumer clientId=consumer-order-service-1, groupId=order-service] Member consumer-order-service-1-c067e7b9-bca7-4961-8a80-6e1cf1ef5e86 sending LeaveGroup request to coordinator localhost:9092 (id: 2147483646 rack: null isFenced: false) due to the consumer unsubscribed from all topics
12-08-2026 17:35:48.857 [org.springframework.kafka.KafkaListenerEndpointContainer#0-0-C-1] [-] INFO  order-service-o.a.k.c.c.i.ConsumerCoordinator.resetStateAndGeneration - [Consumer clientId=consumer-order-service-1, groupId=order-service] Resetting generation and member id due to: consumer pro-actively leaving the group
12-08-2026 17:35:48.856 [DiscoveryClient-InstanceInfoReplicator-%d] [-] INFO  order-service-c.netflix.discovery.DiscoveryClient.register - DiscoveryClient_ORDER-SERVICE/DESKTOP-5CC3FG7.mshome.net:order-service:9040 - registration status: 204
12-08-2026 17:35:48.857 [org.springframework.kafka.KafkaListenerEndpointContainer#0-0-C-1] [-] INFO  order-service-o.a.k.c.c.i.ConsumerCoordinator.requestRejoin - [Consumer clientId=consumer-order-service-1, groupId=order-service] Request joining group due to: consumer pro-actively leaving the group
12-08-2026 17:35:48.857 [org.springframework.kafka.KafkaListenerEndpointContainer#0-0-C-1] [-] INFO  order-service-o.a.k.c.c.i.ClassicKafkaConsumer.unsubscribe - [Consumer clientId=consumer-order-service-1, groupId=order-service] Unsubscribed all topics or patterns and assigned partitions
12-08-2026 17:35:48.861 [org.springframework.kafka.KafkaListenerEndpointContainer#0-0-C-1] [-] INFO  order-service-o.a.k.c.c.i.ConsumerCoordinator.resetStateAndGeneration - [Consumer clientId=consumer-order-service-1, groupId=order-service] Resetting generation and member id due to: consumer pro-actively leaving the group
12-08-2026 17:35:48.861 [org.springframework.kafka.KafkaListenerEndpointContainer#0-0-C-1] [-] INFO  order-service-o.a.k.c.c.i.ConsumerCoordinator.requestRejoin - [Consumer clientId=consumer-order-service-1, groupId=order-service] Request joining group due to: consumer pro-actively leaving the group
12-08-2026 17:35:49.097 [org.springframework.kafka.KafkaListenerEndpointContainer#0-0-C-1] [-] INFO  order-service-o.a.kafka.common.metrics.Metrics.close - Metrics scheduler closed
12-08-2026 17:35:49.097 [org.springframework.kafka.KafkaListenerEndpointContainer#0-0-C-1] [-] INFO  order-service-o.a.kafka.common.metrics.Metrics.close - Closing reporter org.apache.kafka.common.metrics.JmxReporter
12-08-2026 17:35:49.098 [org.springframework.kafka.KafkaListenerEndpointContainer#0-0-C-1] [-] INFO  order-service-o.a.kafka.common.metrics.Metrics.close - Closing reporter org.apache.kafka.common.telemetry.internals.ClientTelemetryReporter
12-08-2026 17:35:49.098 [org.springframework.kafka.KafkaListenerEndpointContainer#0-0-C-1] [-] INFO  order-service-o.a.kafka.common.metrics.Metrics.close - Metrics reporters closed
12-08-2026 17:35:49.104 [org.springframework.kafka.KafkaListenerEndpointContainer#0-0-C-1] [-] INFO  order-service-o.a.kafka.common.utils.AppInfoParser.unregisterAppInfo - App info kafka.consumer for consumer-order-service-1 unregistered
12-08-2026 17:35:49.106 [org.springframework.kafka.KafkaListenerEndpointContainer#0-0-C-1] [-] INFO  order-service-o.s.k.l.KafkaMessageListenerContainer.info - order-service: Consumer stopped
12-08-2026 17:35:49.109 [SpringApplicationShutdownHook] [-] INFO  order-service-o.s.boot.tomcat.GracefulShutdown.shutDownGracefully - Commencing graceful shutdown. Waiting for active requests to complete
12-08-2026 17:35:49.117 [tomcat-shutdown] [-] INFO  order-service-o.s.boot.tomcat.GracefulShutdown.doShutdown - Graceful shutdown complete
12-08-2026 17:35:49.121 [SpringApplicationShutdownHook] [-] INFO  order-service-o.a.k.clients.producer.KafkaProducer.close - [Producer clientId=order-service-producer-1] Closing the Kafka producer with timeoutMillis = 30000 ms.
12-08-2026 17:35:49.129 [SpringApplicationShutdownHook] [-] INFO  order-service-o.a.kafka.common.metrics.Metrics.close - Metrics scheduler closed
12-08-2026 17:35:49.130 [SpringApplicationShutdownHook] [-] INFO  order-service-o.a.kafka.common.metrics.Metrics.close - Closing reporter org.apache.kafka.common.metrics.JmxReporter
12-08-2026 17:35:49.130 [SpringApplicationShutdownHook] [-] INFO  order-service-o.a.kafka.common.metrics.Metrics.close - Closing reporter org.apache.kafka.common.telemetry.internals.ClientTelemetryReporter
12-08-2026 17:35:49.131 [SpringApplicationShutdownHook] [-] INFO  order-service-o.a.kafka.common.metrics.Metrics.close - Metrics reporters closed
12-08-2026 17:35:49.131 [SpringApplicationShutdownHook] [-] INFO  order-service-o.a.kafka.common.utils.AppInfoParser.unregisterAppInfo - App info kafka.producer for order-service-producer-1 unregistered
12-08-2026 17:35:49.149 [SpringApplicationShutdownHook] [-] INFO  order-service-o.s.o.j.LocalContainerEntityManagerFactoryBean.destroy - Closing JPA EntityManagerFactory for persistence unit 'default'
12-08-2026 17:35:49.154 [SpringApplicationShutdownHook] [-] INFO  order-service-com.zaxxer.hikari.HikariDataSource.close - HikariPool-1 - Shutdown initiated...
12-08-2026 17:35:49.158 [SpringApplicationShutdownHook] [-] INFO  order-service-com.zaxxer.hikari.HikariDataSource.close - HikariPool-1 - Shutdown completed.
12-08-2026 17:35:49.686 [SpringApplicationShutdownHook] [-] INFO  order-service-c.netflix.discovery.DiscoveryClient.shutdown - Shutting down DiscoveryClient ...
12-08-2026 17:35:52.777 [SpringApplicationShutdownHook] [-] INFO  order-service-c.netflix.discovery.DiscoveryClient.unregister - Unregistering ...
12-08-2026 17:35:52.788 [SpringApplicationShutdownHook] [-] INFO  order-service-c.netflix.discovery.DiscoveryClient.unregister - DiscoveryClient_ORDER-SERVICE/DESKTOP-5CC3FG7.mshome.net:order-service:9040 - deregister  status: 200
12-08-2026 17:35:52.788 [SpringApplicationShutdownHook] [-] INFO  order-service-c.netflix.discovery.DiscoveryClient.shutdown - Completed shut down of DiscoveryClient
12-08-2026 17:36:05.173 [main] [-] INFO  order-service-c.n.o.OrderServiceApplication.logStarting - Starting OrderServiceApplication using Java 25.0.3 with PID 23048 (C:\Users\Admin\Documents\SpringBoot_learnings\eCommerce\order-service\target\classes started by Admin in C:\Users\Admin\Documents\SpringBoot_learnings\eCommerce)
12-08-2026 17:36:05.179 [main] [-] INFO  order-service-c.n.o.OrderServiceApplication.logStartupProfileInfo - The following 1 profile is active: "dev"
12-08-2026 17:36:05.288 [main] [-] INFO  order-service-o.s.c.c.c.ConfigServerConfigDataLoader.log - Fetching config from server at : http://localhost:8888
12-08-2026 17:36:05.288 [main] [-] INFO  order-service-o.s.c.c.c.ConfigServerConfigDataLoader.log - Located environment: name=order-service, profiles=[default], label=null, version=0ea68e7bd44f5a1fe092f8c5aa4a27ddfcec0fa8, state=
12-08-2026 17:36:05.291 [main] [-] INFO  order-service-o.s.c.c.c.ConfigServerConfigDataLoader.log - Fetching config from server at : http://localhost:8888
12-08-2026 17:36:05.291 [main] [-] INFO  order-service-o.s.c.c.c.ConfigServerConfigDataLoader.log - Located environment: name=order-service, profiles=[dev], label=null, version=0ea68e7bd44f5a1fe092f8c5aa4a27ddfcec0fa8, state=
12-08-2026 17:36:07.222 [main] [-] INFO  order-service-o.s.d.r.c.RepositoryConfigurationDelegate.registerRepositoriesIn - Bootstrapping Spring Data JPA repositories in DEFAULT mode.
12-08-2026 17:36:07.411 [main] [-] INFO  order-service-o.s.d.r.c.RepositoryConfigurationDelegate.registerRepositoriesIn - Finished Spring Data repository scanning in 178 ms. Found 1 JPA repository interface.
12-08-2026 17:36:08.137 [main] [-] INFO  order-service-o.s.cloud.context.scope.GenericScope.setSerializationId - BeanFactory id=bc090770-d138-3a38-8d80-97d0ddd81a15
12-08-2026 17:36:09.034 [main] [-] INFO  order-service-o.s.boot.tomcat.TomcatWebServer.initialize - Tomcat initialized with port 9040 (http)
12-08-2026 17:36:09.049 [main] [-] INFO  order-service-o.a.coyote.http11.Http11NioProtocol.log - Initializing ProtocolHandler ["http-nio-9040"]
12-08-2026 17:36:09.051 [main] [-] INFO  order-service-o.a.catalina.core.StandardService.log - Starting service [Tomcat]
12-08-2026 17:36:09.053 [main] [-] INFO  order-service-o.a.catalina.core.StandardEngine.log - Starting Servlet engine: [Apache Tomcat/11.0.22]
12-08-2026 17:36:09.154 [main] [-] INFO  order-service-o.s.b.w.c.s.WebApplicationContextInitializer.prepareWebApplicationContext - Root WebApplicationContext: initialization completed in 3859 ms
12-08-2026 17:36:10.219 [main] [-] INFO  order-service-org.hibernate.orm.jpa.logPersistenceUnitInformation - HHH008540: Processing PersistenceUnitInfo [name: default]
12-08-2026 17:36:10.280 [main] [-] INFO  order-service-org.hibernate.orm.core.logVersion - HHH000001: Hibernate ORM core version 7.4.1.Final
12-08-2026 17:36:10.838 [main] [-] INFO  order-service-o.s.o.j.p.SpringPersistenceUnitInfo.addTransformer - No LoadTimeWeaver setup: ignoring JPA class transformer
12-08-2026 17:36:10.875 [main] [-] INFO  order-service-com.zaxxer.hikari.HikariDataSource.getConnection - HikariPool-1 - Starting...
12-08-2026 17:36:11.140 [main] [-] INFO  order-service-com.zaxxer.hikari.pool.HikariPool.checkFailFast - HikariPool-1 - Added connection com.mysql.cj.jdbc.ConnectionImpl@38a3c078
12-08-2026 17:36:11.144 [main] [-] INFO  order-service-com.zaxxer.hikari.HikariDataSource.getConnection - HikariPool-1 - Start completed.
12-08-2026 17:36:11.253 [main] [-] INFO  order-service-o.hibernate.orm.connections.pooling.logConnectionInfo - HHH10001005: Database info:
	Database JDBC URL [jdbc:mysql://localhost:3306/ordersdb?useSSL=false]
	Database driver: MySQL Connector/J
	Database dialect: MySQLDialect
	Database version: 8.0.46
	Default catalog/schema: ordersdb/undefined
	Autocommit mode: undefined/unknown
	Isolation level: REPEATABLE_READ [default REPEATABLE_READ]
	JDBC fetch size: none
	Pool: DataSourceConnectionProvider
	Minimum pool size: undefined/unknown
	Maximum pool size: undefined/unknown
12-08-2026 17:36:13.006 [main] [-] INFO  order-service-org.hibernate.orm.core.initiateService - HHH000489: No JTA platform available (set 'hibernate.transaction.jta.platform' to enable JTA platform integration)
12-08-2026 17:36:13.385 [main] [-] INFO  order-service-o.s.o.j.LocalContainerEntityManagerFactoryBean.buildNativeEntityManagerFactory - Initialized JPA EntityManagerFactory for persistence unit 'default'
12-08-2026 17:36:13.556 [main] [-] INFO  order-service-o.s.d.j.r.q.QueryEnhancerFactories.<clinit> - Hibernate is in classpath; If applicable, HQL parser will be used.
12-08-2026 17:36:13.922 [main] [-] WARN  order-service-o.s.b.j.a.JpaBaseConfiguration$JpaWebConfiguration.openEntityManagerInViewInterceptor - spring.jpa.open-in-view is enabled by default. Therefore, database queries may be performed during view rendering. Explicitly configure spring.jpa.open-in-view to disable this warning
12-08-2026 17:36:14.142 [main] [-] INFO  order-service-o.s.c.o.FeignClientFactoryBean.getTarget - For 'inventory-service' URL not provided. Will try picking an instance via load-balancing.
12-08-2026 17:36:14.266 [main] [-] INFO  order-service-o.s.c.o.FeignClientFactoryBean.getTarget - For 'shipping-service' URL not provided. Will try picking an instance via load-balancing.
12-08-2026 17:36:16.825 [main] [-] INFO  order-service-o.s.c.n.e.c.DiscoveryClientOptionalArgsConfiguration.restClientDiscoveryClientOptionalArgs - Eureka HTTP Client uses RestClient.
12-08-2026 17:36:16.893 [main] [-] WARN  order-service-o.s.c.l.c.LoadBalancerCacheAutoConfiguration$LoadBalancerCaffeineWarnLogger.afterPropertiesSet - Spring Cloud LoadBalancer is currently working with the default cache. While this cache implementation is useful for development and tests, it's recommended to use Caffeine cache in production.You can switch to using Caffeine cache, by adding it and org.springframework.cache.caffeine.CaffeineCacheManager to the classpath.
12-08-2026 17:36:16.917 [main] [-] INFO  order-service-o.s.b.a.e.web.EndpointLinksResolver.<init> - Exposing 26 endpoints beneath base path '/actuator'
12-08-2026 17:36:17.050 [main] [-] INFO  order-service-o.a.k.common.config.AbstractConfig.logAll - AdminClientConfig values: 
	bootstrap.controllers = []
	bootstrap.servers = [localhost:9092]
	client.dns.lookup = use_all_dns_ips
	client.id = order-service-admin-0
	config.providers = []
	connections.max.idle.ms = 300000
	default.api.timeout.ms = 60000
	enable.metrics.push = false
	metadata.max.age.ms = 300000
	metadata.recovery.rebootstrap.trigger.ms = 300000
	metadata.recovery.strategy = rebootstrap
	metric.reporters = [org.apache.kafka.common.metrics.JmxReporter]
	metrics.num.samples = 2
	metrics.recording.level = INFO
	metrics.sample.window.ms = 30000
	receive.buffer.bytes = 65536
	reconnect.backoff.max.ms = 1000
	reconnect.backoff.ms = 50
	request.timeout.ms = 30000
	retries = 2147483647
	retry.backoff.max.ms = 1000
	retry.backoff.ms = 100
	sasl.client.callback.handler.class = null
	sasl.jaas.config = null
	sasl.kerberos.kinit.cmd = /usr/bin/kinit
	sasl.kerberos.min.time.before.relogin = 60000
	sasl.kerberos.service.name = null
	sasl.kerberos.ticket.renew.jitter = 0.05
	sasl.kerberos.ticket.renew.window.factor = 0.8
	sasl.login.callback.handler.class = null
	sasl.login.class = null
	sasl.login.connect.timeout.ms = null
	sasl.login.read.timeout.ms = null
	sasl.login.refresh.buffer.seconds = 300
	sasl.login.refresh.min.period.seconds = 60
	sasl.login.refresh.window.factor = 0.8
	sasl.login.refresh.window.jitter = 0.05
	sasl.login.retry.backoff.max.ms = 10000
	sasl.login.retry.backoff.ms = 100
	sasl.mechanism = GSSAPI
	sasl.oauthbearer.assertion.algorithm = RS256
	sasl.oauthbearer.assertion.claim.aud = null
	sasl.oauthbearer.assertion.claim.exp.seconds = 300
	sasl.oauthbearer.assertion.claim.iss = null
	sasl.oauthbearer.assertion.claim.jti.include = false
	sasl.oauthbearer.assertion.claim.nbf.seconds = 60
	sasl.oauthbearer.assertion.claim.sub = null
	sasl.oauthbearer.assertion.file = null
	sasl.oauthbearer.assertion.private.key.file = null
	sasl.oauthbearer.assertion.private.key.passphrase = null
	sasl.oauthbearer.assertion.template.file = null
	sasl.oauthbearer.client.credentials.client.id = null
	sasl.oauthbearer.client.credentials.client.secret = null
	sasl.oauthbearer.clock.skew.seconds = 30
	sasl.oauthbearer.expected.audience = []
	sasl.oauthbearer.expected.issuer = null
	sasl.oauthbearer.header.urlencode = false
	sasl.oauthbearer.jwks.endpoint.refresh.ms = 3600000
	sasl.oauthbearer.jwks.endpoint.retry.backoff.max.ms = 10000
	sasl.oauthbearer.jwks.endpoint.retry.backoff.ms = 100
	sasl.oauthbearer.jwks.endpoint.url = null
	sasl.oauthbearer.jwt.retriever.class = class org.apache.kafka.common.security.oauthbearer.DefaultJwtRetriever
	sasl.oauthbearer.jwt.validator.class = class org.apache.kafka.common.security.oauthbearer.DefaultJwtValidator
	sasl.oauthbearer.scope = null
	sasl.oauthbearer.scope.claim.name = scope
	sasl.oauthbearer.sub.claim.name = sub
	sasl.oauthbearer.token.endpoint.url = null
	security.protocol = PLAINTEXT
	security.providers = null
	send.buffer.bytes = 131072
	socket.connection.setup.timeout.max.ms = 30000
	socket.connection.setup.timeout.ms = 10000
	ssl.cipher.suites = []
	ssl.enabled.protocols = [TLSv1.2, TLSv1.3]
	ssl.endpoint.identification.algorithm = https
	ssl.engine.factory.class = null
	ssl.key.password = null
	ssl.keymanager.algorithm = SunX509
	ssl.keystore.certificate.chain = null
	ssl.keystore.key = null
	ssl.keystore.location = null
	ssl.keystore.password = null
	ssl.keystore.type = JKS
	ssl.protocol = TLSv1.3
	ssl.provider = null
	ssl.secure.random.implementation = null
	ssl.trustmanager.algorithm = PKIX
	ssl.truststore.certificates = null
	ssl.truststore.location = null
	ssl.truststore.password = null
	ssl.truststore.type = JKS

12-08-2026 17:36:17.189 [main] [-] INFO  order-service-o.a.kafka.common.utils.AppInfoParser.<init> - Kafka version: 4.2.1
12-08-2026 17:36:17.190 [main] [-] INFO  order-service-o.a.kafka.common.utils.AppInfoParser.<init> - Kafka commitId: 92f61c44867f39dc
12-08-2026 17:36:17.190 [main] [-] INFO  order-service-o.a.kafka.common.utils.AppInfoParser.<init> - Kafka startTimeMs: 1786536377188
12-08-2026 17:36:17.625 [main] [-] INFO  order-service-o.a.kafka.common.metrics.Metrics.close - Metrics scheduler closed
12-08-2026 17:36:17.626 [main] [-] INFO  order-service-o.a.kafka.common.metrics.Metrics.close - Closing reporter org.apache.kafka.common.metrics.JmxReporter
12-08-2026 17:36:17.626 [main] [-] INFO  order-service-o.a.kafka.common.metrics.Metrics.close - Metrics reporters closed
12-08-2026 17:36:17.627 [kafka-admin-client-thread | order-service-admin-0] [-] INFO  order-service-o.a.kafka.common.utils.AppInfoParser.unregisterAppInfo - App info kafka.admin.client for order-service-admin-0 unregistered
12-08-2026 17:36:17.633 [kafka-admin-client-thread | order-service-admin-0] [-] INFO  order-service-o.a.kafka.common.metrics.Metrics.close - Metrics scheduler closed
12-08-2026 17:36:17.634 [kafka-admin-client-thread | order-service-admin-0] [-] INFO  order-service-o.a.kafka.common.metrics.Metrics.close - Closing reporter org.apache.kafka.common.metrics.JmxReporter
12-08-2026 17:36:17.634 [kafka-admin-client-thread | order-service-admin-0] [-] INFO  order-service-o.a.kafka.common.metrics.Metrics.close - Metrics reporters closed
12-08-2026 17:36:17.659 [main] [-] INFO  order-service-o.s.c.n.eureka.InstanceInfoFactory.create - Setting initial instance status as: STARTING
12-08-2026 17:36:17.692 [main] [-] INFO  order-service-c.netflix.discovery.DiscoveryClient.<init> - Initializing Eureka in region us-east-1
12-08-2026 17:36:17.697 [main] [-] INFO  order-service-c.n.d.s.r.aws.ConfigClusterResolver.getClusterEndpoints - Resolving eureka endpoints via configuration
12-08-2026 17:36:17.711 [main] [-] INFO  order-service-c.netflix.discovery.DiscoveryClient.fetchRegistry - Disable delta property : false
12-08-2026 17:36:17.711 [main] [-] INFO  order-service-c.netflix.discovery.DiscoveryClient.fetchRegistry - Single vip registry refresh property : null
12-08-2026 17:36:17.711 [main] [-] INFO  order-service-c.netflix.discovery.DiscoveryClient.fetchRegistry - Force full registry fetch : false
12-08-2026 17:36:17.711 [main] [-] INFO  order-service-c.netflix.discovery.DiscoveryClient.fetchRegistry - Application is null : false
12-08-2026 17:36:17.711 [main] [-] INFO  order-service-c.netflix.discovery.DiscoveryClient.fetchRegistry - Registered Applications size is zero : true
12-08-2026 17:36:17.711 [main] [-] INFO  order-service-c.netflix.discovery.DiscoveryClient.fetchRegistry - Application version is -1: true
12-08-2026 17:36:17.712 [main] [-] INFO  order-service-c.netflix.discovery.DiscoveryClient.getAndStoreFullRegistry - Getting all instance registry info from the eureka server
12-08-2026 17:36:17.995 [main] [-] INFO  order-service-c.netflix.discovery.DiscoveryClient.getAndStoreFullRegistry - The response status is 200
12-08-2026 17:36:17.997 [main] [-] INFO  order-service-c.netflix.discovery.DiscoveryClient.initScheduledTasks - Starting heartbeat executor: renew interval is: 30
12-08-2026 17:36:18.000 [main] [-] INFO  order-service-c.n.discovery.InstanceInfoReplicator.<init> - InstanceInfoReplicator onDemand update allowed rate per min is 4
12-08-2026 17:36:18.003 [main] [-] INFO  order-service-c.netflix.discovery.DiscoveryClient.<init> - Discovery Client initialized at timestamp 1786536378003 with initial instances count: 2
12-08-2026 17:36:18.017 [main] [-] INFO  order-service-o.s.c.n.e.s.EurekaServiceRegistry.register - Registering application ORDER-SERVICE with eureka with status UP
12-08-2026 17:36:18.018 [main] [-] INFO  order-service-c.netflix.discovery.DiscoveryClient.notify - Saw local status change event StatusChangeEvent [timestamp=1786536378018, current=UP, previous=STARTING]
12-08-2026 17:36:18.020 [main] [-] INFO  order-service-o.a.coyote.http11.Http11NioProtocol.log - Starting ProtocolHandler ["http-nio-9040"]
12-08-2026 17:36:18.021 [DiscoveryClient-InstanceInfoReplicator-%d] [-] INFO  order-service-c.netflix.discovery.DiscoveryClient.register - DiscoveryClient_ORDER-SERVICE/DESKTOP-5CC3FG7.mshome.net:order-service:9040: registering service...
12-08-2026 17:36:18.034 [main] [-] INFO  order-service-o.s.boot.tomcat.TomcatWebServer.start - Tomcat started on port 9040 (http) with context path '/orders'
12-08-2026 17:36:18.036 [main] [-] INFO  order-service-o.s.c.n.e.s.EurekaAutoServiceRegistration.onApplicationEvent - Updating port to 9040
12-08-2026 17:36:18.084 [DiscoveryClient-InstanceInfoReplicator-%d] [-] INFO  order-service-c.netflix.discovery.DiscoveryClient.register - DiscoveryClient_ORDER-SERVICE/DESKTOP-5CC3FG7.mshome.net:order-service:9040 - registration status: 204
12-08-2026 17:36:18.111 [main] [-] INFO  order-service-o.a.k.common.config.AbstractConfig.logAll - ConsumerConfig values: 
	allow.auto.create.topics = true
	auto.commit.interval.ms = 5000
	auto.offset.reset = latest
	bootstrap.servers = [localhost:9092]
	check.crcs = true
	client.dns.lookup = use_all_dns_ips
	client.id = consumer-order-service-1
	client.rack = 
	config.providers = []
	connections.max.idle.ms = 540000
	default.api.timeout.ms = 60000
	enable.auto.commit = false
	enable.metrics.push = true
	exclude.internal.topics = true
	fetch.max.bytes = 52428800
	fetch.max.wait.ms = 500
	fetch.min.bytes = 1
	group.id = order-service
	group.instance.id = null
	group.protocol = classic
	group.remote.assignor = null
	heartbeat.interval.ms = 3000
	interceptor.classes = []
	internal.throw.on.fetch.stable.offset.unsupported = false
	isolation.level = read_uncommitted
	key.deserializer = class org.apache.kafka.common.serialization.LongDeserializer
	max.partition.fetch.bytes = 1048576
	max.poll.interval.ms = 300000
	max.poll.records = 500
	metadata.max.age.ms = 300000
	metadata.recovery.rebootstrap.trigger.ms = 300000
	metadata.recovery.strategy = rebootstrap
	metric.reporters = [org.apache.kafka.common.metrics.JmxReporter]
	metrics.num.samples = 2
	metrics.recording.level = INFO
	metrics.sample.window.ms = 30000
	partition.assignment.strategy = [class org.apache.kafka.clients.consumer.RangeAssignor, class org.apache.kafka.clients.consumer.CooperativeStickyAssignor]
	receive.buffer.bytes = 65536
	reconnect.backoff.max.ms = 1000
	reconnect.backoff.ms = 50
	request.timeout.ms = 30000
	retry.backoff.max.ms = 1000
	retry.backoff.ms = 100
	sasl.client.callback.handler.class = null
	sasl.jaas.config = null
	sasl.kerberos.kinit.cmd = /usr/bin/kinit
	sasl.kerberos.min.time.before.relogin = 60000
	sasl.kerberos.service.name = null
	sasl.kerberos.ticket.renew.jitter = 0.05
	sasl.kerberos.ticket.renew.window.factor = 0.8
	sasl.login.callback.handler.class = null
	sasl.login.class = null
	sasl.login.connect.timeout.ms = null
	sasl.login.read.timeout.ms = null
	sasl.login.refresh.buffer.seconds = 300
	sasl.login.refresh.min.period.seconds = 60
	sasl.login.refresh.window.factor = 0.8
	sasl.login.refresh.window.jitter = 0.05
	sasl.login.retry.backoff.max.ms = 10000
	sasl.login.retry.backoff.ms = 100
	sasl.mechanism = GSSAPI
	sasl.oauthbearer.assertion.algorithm = RS256
	sasl.oauthbearer.assertion.claim.aud = null
	sasl.oauthbearer.assertion.claim.exp.seconds = 300
	sasl.oauthbearer.assertion.claim.iss = null
	sasl.oauthbearer.assertion.claim.jti.include = false
	sasl.oauthbearer.assertion.claim.nbf.seconds = 60
	sasl.oauthbearer.assertion.claim.sub = null
	sasl.oauthbearer.assertion.file = null
	sasl.oauthbearer.assertion.private.key.file = null
	sasl.oauthbearer.assertion.private.key.passphrase = null
	sasl.oauthbearer.assertion.template.file = null
	sasl.oauthbearer.client.credentials.client.id = null
	sasl.oauthbearer.client.credentials.client.secret = null
	sasl.oauthbearer.clock.skew.seconds = 30
	sasl.oauthbearer.expected.audience = []
	sasl.oauthbearer.expected.issuer = null
	sasl.oauthbearer.header.urlencode = false
	sasl.oauthbearer.jwks.endpoint.refresh.ms = 3600000
	sasl.oauthbearer.jwks.endpoint.retry.backoff.max.ms = 10000
	sasl.oauthbearer.jwks.endpoint.retry.backoff.ms = 100
	sasl.oauthbearer.jwks.endpoint.url = null
	sasl.oauthbearer.jwt.retriever.class = class org.apache.kafka.common.security.oauthbearer.DefaultJwtRetriever
	sasl.oauthbearer.jwt.validator.class = class org.apache.kafka.common.security.oauthbearer.DefaultJwtValidator
	sasl.oauthbearer.scope = null
	sasl.oauthbearer.scope.claim.name = scope
	sasl.oauthbearer.sub.claim.name = sub
	sasl.oauthbearer.token.endpoint.url = null
	security.protocol = PLAINTEXT
	security.providers = null
	send.buffer.bytes = 131072
	session.timeout.ms = 45000
	share.acknowledgement.mode = implicit
	share.acquire.mode = BATCH_OPTIMIZED
	socket.connection.setup.timeout.max.ms = 30000
	socket.connection.setup.timeout.ms = 10000
	ssl.cipher.suites = []
	ssl.enabled.protocols = [TLSv1.2, TLSv1.3]
	ssl.endpoint.identification.algorithm = https
	ssl.engine.factory.class = null
	ssl.key.password = null
	ssl.keymanager.algorithm = SunX509
	ssl.keystore.certificate.chain = null
	ssl.keystore.key = null
	ssl.keystore.location = null
	ssl.keystore.password = null
	ssl.keystore.type = JKS
	ssl.protocol = TLSv1.3
	ssl.provider = null
	ssl.secure.random.implementation = null
	ssl.trustmanager.algorithm = PKIX
	ssl.truststore.certificates = null
	ssl.truststore.location = null
	ssl.truststore.password = null
	ssl.truststore.type = JKS
	value.deserializer = class org.springframework.kafka.support.serializer.JacksonJsonDeserializer

12-08-2026 17:36:18.178 [main] [-] INFO  order-service-o.a.k.c.t.i.KafkaMetricsCollector.init - initializing Kafka metrics collector
12-08-2026 17:36:18.263 [main] [-] INFO  order-service-o.a.kafka.common.utils.AppInfoParser.<init> - Kafka version: 4.2.1
12-08-2026 17:36:18.264 [main] [-] INFO  order-service-o.a.kafka.common.utils.AppInfoParser.<init> - Kafka commitId: 92f61c44867f39dc
12-08-2026 17:36:18.264 [main] [-] INFO  order-service-o.a.kafka.common.utils.AppInfoParser.<init> - Kafka startTimeMs: 1786536378263
12-08-2026 17:36:18.275 [main] [-] INFO  order-service-o.a.k.c.c.i.ClassicKafkaConsumer.subscribeInternal - [Consumer clientId=consumer-order-service-1, groupId=order-service] Subscribed to topic(s): order-status-updated
12-08-2026 17:36:18.326 [org.springframework.kafka.KafkaListenerEndpointContainer#0-0-C-1] [-] INFO  order-service-org.apache.kafka.clients.Metadata.update - [Consumer clientId=consumer-order-service-1, groupId=order-service] Cluster ID: MkU3OEVBNTcwNTJENDM2Qk
12-08-2026 17:36:18.330 [org.springframework.kafka.KafkaListenerEndpointContainer#0-0-C-1] [-] INFO  order-service-o.a.k.c.c.i.ConsumerCoordinator.onSuccess - [Consumer clientId=consumer-order-service-1, groupId=order-service] Discovered group coordinator localhost:9092 (id: 2147483646 rack: null isFenced: false)
12-08-2026 17:36:18.331 [main] [-] INFO  order-service-c.n.o.OrderServiceApplication.logStarted - Started OrderServiceApplication in 18.394 seconds (process running for 19.456)
12-08-2026 17:36:18.334 [org.springframework.kafka.KafkaListenerEndpointContainer#0-0-C-1] [-] INFO  order-service-o.a.k.c.c.i.ConsumerCoordinator.sendJoinGroupRequest - [Consumer clientId=consumer-order-service-1, groupId=order-service] (Re-)joining group
12-08-2026 17:36:18.366 [org.springframework.kafka.KafkaListenerEndpointContainer#0-0-C-1] [-] INFO  order-service-o.a.k.c.c.i.ConsumerCoordinator.requestRejoin - [Consumer clientId=consumer-order-service-1, groupId=order-service] Request joining group due to: need to re-join with the given member-id: consumer-order-service-1-208f4e72-f108-4fd8-92a6-bd1c3cfe14ba
12-08-2026 17:36:18.366 [org.springframework.kafka.KafkaListenerEndpointContainer#0-0-C-1] [-] INFO  order-service-o.a.k.c.c.i.ConsumerCoordinator.sendJoinGroupRequest - [Consumer clientId=consumer-order-service-1, groupId=order-service] (Re-)joining group
12-08-2026 17:36:18.372 [org.springframework.kafka.KafkaListenerEndpointContainer#0-0-C-1] [-] INFO  order-service-o.a.k.c.c.i.ConsumerCoordinator.handle - [Consumer clientId=consumer-order-service-1, groupId=order-service] Successfully joined group with generation Generation{generationId=5, memberId='consumer-order-service-1-208f4e72-f108-4fd8-92a6-bd1c3cfe14ba', protocol='range'}
12-08-2026 17:36:18.382 [org.springframework.kafka.KafkaListenerEndpointContainer#0-0-C-1] [-] INFO  order-service-o.a.k.c.c.i.ConsumerCoordinator.onLeaderElected - [Consumer clientId=consumer-order-service-1, groupId=order-service] Finished assignment for group at generation 5: {consumer-order-service-1-208f4e72-f108-4fd8-92a6-bd1c3cfe14ba=Assignment(partitions=[order-status-updated-0, order-status-updated-1, order-status-updated-2])}
12-08-2026 17:36:18.395 [org.springframework.kafka.KafkaListenerEndpointContainer#0-0-C-1] [-] INFO  order-service-o.a.k.c.c.i.ConsumerCoordinator.handle - [Consumer clientId=consumer-order-service-1, groupId=order-service] Successfully synced group in generation Generation{generationId=5, memberId='consumer-order-service-1-208f4e72-f108-4fd8-92a6-bd1c3cfe14ba', protocol='range'}
12-08-2026 17:36:18.396 [org.springframework.kafka.KafkaListenerEndpointContainer#0-0-C-1] [-] INFO  order-service-o.a.k.c.c.i.ConsumerCoordinator.invokeOnAssignment - [Consumer clientId=consumer-order-service-1, groupId=order-service] Notifying assignor about the new Assignment(partitions=[order-status-updated-0, order-status-updated-1, order-status-updated-2])
12-08-2026 17:36:18.401 [org.springframework.kafka.KafkaListenerEndpointContainer#0-0-C-1] [-] INFO  order-service-o.a.k.c.c.i.ConsumerRebalanceListenerInvoker.invokePartitionsAssigned - [Consumer clientId=consumer-order-service-1, groupId=order-service] Adding newly assigned partitions: [order-status-updated-0, order-status-updated-1, order-status-updated-2]
12-08-2026 17:36:18.432 [org.springframework.kafka.KafkaListenerEndpointContainer#0-0-C-1] [-] INFO  order-service-o.a.k.c.c.internals.ConsumerUtils.refreshCommittedOffsets - Setting offset for partition order-status-updated-2 to the committed offset FetchPosition{offset=0, offsetEpoch=Optional.empty, currentLeader=LeaderAndEpoch{leader=Optional[localhost:9092 (id: 1 rack: null isFenced: false)], epoch=0}}
12-08-2026 17:36:18.435 [org.springframework.kafka.KafkaListenerEndpointContainer#0-0-C-1] [-] INFO  order-service-o.a.k.c.c.internals.ConsumerUtils.refreshCommittedOffsets - Setting offset for partition order-status-updated-1 to the committed offset FetchPosition{offset=0, offsetEpoch=Optional.empty, currentLeader=LeaderAndEpoch{leader=Optional[localhost:9092 (id: 1 rack: null isFenced: false)], epoch=0}}
12-08-2026 17:36:18.436 [org.springframework.kafka.KafkaListenerEndpointContainer#0-0-C-1] [-] INFO  order-service-o.a.k.c.c.internals.ConsumerUtils.refreshCommittedOffsets - Setting offset for partition order-status-updated-0 to the committed offset FetchPosition{offset=0, offsetEpoch=Optional.empty, currentLeader=LeaderAndEpoch{leader=Optional[localhost:9092 (id: 1 rack: null isFenced: false)], epoch=0}}
12-08-2026 17:36:18.438 [org.springframework.kafka.KafkaListenerEndpointContainer#0-0-C-1] [-] INFO  order-service-o.s.k.l.KafkaMessageListenerContainer.info - order-service: partitions assigned: [order-status-updated-0, order-status-updated-1, order-status-updated-2]
12-08-2026 17:37:25.253 [SpringApplicationShutdownHook] [-] INFO  order-service-o.s.c.n.e.s.EurekaServiceRegistry.deregister - Unregistering application ORDER-SERVICE with eureka with status DOWN
12-08-2026 17:37:25.255 [SpringApplicationShutdownHook] [-] INFO  order-service-c.netflix.discovery.DiscoveryClient.notify - Saw local status change event StatusChangeEvent [timestamp=1786536445255, current=DOWN, previous=UP]
12-08-2026 17:37:25.255 [DiscoveryClient-InstanceInfoReplicator-%d] [-] INFO  order-service-c.netflix.discovery.DiscoveryClient.register - DiscoveryClient_ORDER-SERVICE/DESKTOP-5CC3FG7.mshome.net:order-service:9040: registering service...
12-08-2026 17:37:25.262 [DiscoveryClient-InstanceInfoReplicator-%d] [-] INFO  order-service-c.netflix.discovery.DiscoveryClient.register - DiscoveryClient_ORDER-SERVICE/DESKTOP-5CC3FG7.mshome.net:order-service:9040 - registration status: 204
12-08-2026 17:37:25.263 [org.springframework.kafka.KafkaListenerEndpointContainer#0-0-C-1] [-] INFO  order-service-o.a.k.c.c.i.ConsumerRebalanceListenerInvoker.invokePartitionsRevoked - [Consumer clientId=consumer-order-service-1, groupId=order-service] Revoke previously assigned partitions [order-status-updated-0, order-status-updated-1, order-status-updated-2]
12-08-2026 17:37:25.263 [org.springframework.kafka.KafkaListenerEndpointContainer#0-0-C-1] [-] INFO  order-service-o.s.k.l.KafkaMessageListenerContainer.info - order-service: partitions revoked: [order-status-updated-0, order-status-updated-1, order-status-updated-2]
12-08-2026 17:37:25.264 [org.springframework.kafka.KafkaListenerEndpointContainer#0-0-C-1] [-] INFO  order-service-o.a.k.c.c.i.ConsumerCoordinator.maybeLeaveGroup - [Consumer clientId=consumer-order-service-1, groupId=order-service] Member consumer-order-service-1-208f4e72-f108-4fd8-92a6-bd1c3cfe14ba sending LeaveGroup request to coordinator localhost:9092 (id: 2147483646 rack: null isFenced: false) due to the consumer unsubscribed from all topics
12-08-2026 17:37:25.264 [org.springframework.kafka.KafkaListenerEndpointContainer#0-0-C-1] [-] INFO  order-service-o.a.k.c.c.i.ConsumerCoordinator.resetStateAndGeneration - [Consumer clientId=consumer-order-service-1, groupId=order-service] Resetting generation and member id due to: consumer pro-actively leaving the group
12-08-2026 17:37:25.265 [org.springframework.kafka.KafkaListenerEndpointContainer#0-0-C-1] [-] INFO  order-service-o.a.k.c.c.i.ConsumerCoordinator.requestRejoin - [Consumer clientId=consumer-order-service-1, groupId=order-service] Request joining group due to: consumer pro-actively leaving the group
12-08-2026 17:37:25.265 [org.springframework.kafka.KafkaListenerEndpointContainer#0-0-C-1] [-] INFO  order-service-o.a.k.c.c.i.ClassicKafkaConsumer.unsubscribe - [Consumer clientId=consumer-order-service-1, groupId=order-service] Unsubscribed all topics or patterns and assigned partitions
12-08-2026 17:37:25.267 [org.springframework.kafka.KafkaListenerEndpointContainer#0-0-C-1] [-] INFO  order-service-o.a.k.c.c.i.ConsumerCoordinator.resetStateAndGeneration - [Consumer clientId=consumer-order-service-1, groupId=order-service] Resetting generation and member id due to: consumer pro-actively leaving the group
12-08-2026 17:37:25.267 [org.springframework.kafka.KafkaListenerEndpointContainer#0-0-C-1] [-] INFO  order-service-o.a.k.c.c.i.ConsumerCoordinator.requestRejoin - [Consumer clientId=consumer-order-service-1, groupId=order-service] Request joining group due to: consumer pro-actively leaving the group
12-08-2026 17:37:25.494 [org.springframework.kafka.KafkaListenerEndpointContainer#0-0-C-1] [-] INFO  order-service-o.a.kafka.common.metrics.Metrics.close - Metrics scheduler closed
12-08-2026 17:37:25.494 [org.springframework.kafka.KafkaListenerEndpointContainer#0-0-C-1] [-] INFO  order-service-o.a.kafka.common.metrics.Metrics.close - Closing reporter org.apache.kafka.common.metrics.JmxReporter
12-08-2026 17:37:25.494 [org.springframework.kafka.KafkaListenerEndpointContainer#0-0-C-1] [-] INFO  order-service-o.a.kafka.common.metrics.Metrics.close - Closing reporter org.apache.kafka.common.telemetry.internals.ClientTelemetryReporter
12-08-2026 17:37:25.495 [org.springframework.kafka.KafkaListenerEndpointContainer#0-0-C-1] [-] INFO  order-service-o.a.kafka.common.metrics.Metrics.close - Metrics reporters closed
12-08-2026 17:37:25.512 [org.springframework.kafka.KafkaListenerEndpointContainer#0-0-C-1] [-] INFO  order-service-o.a.kafka.common.utils.AppInfoParser.unregisterAppInfo - App info kafka.consumer for consumer-order-service-1 unregistered
12-08-2026 17:37:25.514 [org.springframework.kafka.KafkaListenerEndpointContainer#0-0-C-1] [-] INFO  order-service-o.s.k.l.KafkaMessageListenerContainer.info - order-service: Consumer stopped
12-08-2026 17:37:25.518 [SpringApplicationShutdownHook] [-] INFO  order-service-o.s.boot.tomcat.GracefulShutdown.shutDownGracefully - Commencing graceful shutdown. Waiting for active requests to complete
12-08-2026 17:37:25.532 [tomcat-shutdown] [-] INFO  order-service-o.s.boot.tomcat.GracefulShutdown.doShutdown - Graceful shutdown complete
12-08-2026 17:37:25.551 [SpringApplicationShutdownHook] [-] INFO  order-service-o.s.o.j.LocalContainerEntityManagerFactoryBean.destroy - Closing JPA EntityManagerFactory for persistence unit 'default'
12-08-2026 17:37:25.553 [SpringApplicationShutdownHook] [-] INFO  order-service-com.zaxxer.hikari.HikariDataSource.close - HikariPool-1 - Shutdown initiated...
12-08-2026 17:37:25.562 [SpringApplicationShutdownHook] [-] INFO  order-service-com.zaxxer.hikari.HikariDataSource.close - HikariPool-1 - Shutdown completed.
12-08-2026 17:37:26.566 [SpringApplicationShutdownHook] [-] INFO  order-service-c.netflix.discovery.DiscoveryClient.shutdown - Shutting down DiscoveryClient ...
12-08-2026 17:37:29.567 [SpringApplicationShutdownHook] [-] INFO  order-service-c.netflix.discovery.DiscoveryClient.unregister - Unregistering ...
12-08-2026 17:37:29.574 [SpringApplicationShutdownHook] [-] INFO  order-service-c.netflix.discovery.DiscoveryClient.unregister - DiscoveryClient_ORDER-SERVICE/DESKTOP-5CC3FG7.mshome.net:order-service:9040 - deregister  status: 200
12-08-2026 17:37:29.575 [SpringApplicationShutdownHook] [-] INFO  order-service-c.netflix.discovery.DiscoveryClient.shutdown - Completed shut down of DiscoveryClient
12-08-2026 17:37:38.639 [main] [-] INFO  order-service-c.n.o.OrderServiceApplication.logStarting - Starting OrderServiceApplication using Java 25.0.3 with PID 25440 (C:\Users\Admin\Documents\SpringBoot_learnings\eCommerce\order-service\target\classes started by Admin in C:\Users\Admin\Documents\SpringBoot_learnings\eCommerce)
12-08-2026 17:37:38.645 [main] [-] INFO  order-service-c.n.o.OrderServiceApplication.logStartupProfileInfo - The following 1 profile is active: "dev"
12-08-2026 17:37:38.748 [main] [-] INFO  order-service-o.s.c.c.c.ConfigServerConfigDataLoader.log - Fetching config from server at : http://localhost:8888
12-08-2026 17:37:38.749 [main] [-] INFO  order-service-o.s.c.c.c.ConfigServerConfigDataLoader.log - Located environment: name=order-service, profiles=[default], label=null, version=0ea68e7bd44f5a1fe092f8c5aa4a27ddfcec0fa8, state=
12-08-2026 17:37:38.750 [main] [-] INFO  order-service-o.s.c.c.c.ConfigServerConfigDataLoader.log - Fetching config from server at : http://localhost:8888
12-08-2026 17:37:38.751 [main] [-] INFO  order-service-o.s.c.c.c.ConfigServerConfigDataLoader.log - Located environment: name=order-service, profiles=[dev], label=null, version=0ea68e7bd44f5a1fe092f8c5aa4a27ddfcec0fa8, state=
12-08-2026 17:37:40.444 [main] [-] INFO  order-service-o.s.d.r.c.RepositoryConfigurationDelegate.registerRepositoriesIn - Bootstrapping Spring Data JPA repositories in DEFAULT mode.
12-08-2026 17:37:40.642 [main] [-] INFO  order-service-o.s.d.r.c.RepositoryConfigurationDelegate.registerRepositoriesIn - Finished Spring Data repository scanning in 184 ms. Found 1 JPA repository interface.
12-08-2026 17:37:41.349 [main] [-] INFO  order-service-o.s.cloud.context.scope.GenericScope.setSerializationId - BeanFactory id=bc090770-d138-3a38-8d80-97d0ddd81a15
12-08-2026 17:37:42.393 [main] [-] INFO  order-service-o.s.boot.tomcat.TomcatWebServer.initialize - Tomcat initialized with port 9040 (http)
12-08-2026 17:37:42.415 [main] [-] INFO  order-service-o.a.coyote.http11.Http11NioProtocol.log - Initializing ProtocolHandler ["http-nio-9040"]
12-08-2026 17:37:42.419 [main] [-] INFO  order-service-o.a.catalina.core.StandardService.log - Starting service [Tomcat]
12-08-2026 17:37:42.419 [main] [-] INFO  order-service-o.a.catalina.core.StandardEngine.log - Starting Servlet engine: [Apache Tomcat/11.0.22]
12-08-2026 17:37:42.538 [main] [-] INFO  order-service-o.s.b.w.c.s.WebApplicationContextInitializer.prepareWebApplicationContext - Root WebApplicationContext: initialization completed in 3777 ms
12-08-2026 17:37:44.056 [main] [-] INFO  order-service-org.hibernate.orm.jpa.logPersistenceUnitInformation - HHH008540: Processing PersistenceUnitInfo [name: default]
12-08-2026 17:37:44.200 [main] [-] INFO  order-service-org.hibernate.orm.core.logVersion - HHH000001: Hibernate ORM core version 7.4.1.Final
12-08-2026 17:37:45.258 [main] [-] INFO  order-service-o.s.o.j.p.SpringPersistenceUnitInfo.addTransformer - No LoadTimeWeaver setup: ignoring JPA class transformer
12-08-2026 17:37:45.326 [main] [-] INFO  order-service-com.zaxxer.hikari.HikariDataSource.getConnection - HikariPool-1 - Starting...
12-08-2026 17:37:45.612 [main] [-] INFO  order-service-com.zaxxer.hikari.pool.HikariPool.checkFailFast - HikariPool-1 - Added connection com.mysql.cj.jdbc.ConnectionImpl@32cfd722
12-08-2026 17:37:45.616 [main] [-] INFO  order-service-com.zaxxer.hikari.HikariDataSource.getConnection - HikariPool-1 - Start completed.
12-08-2026 17:37:45.743 [main] [-] INFO  order-service-o.hibernate.orm.connections.pooling.logConnectionInfo - HHH10001005: Database info:
	Database JDBC URL [jdbc:mysql://localhost:3306/ordersdb?useSSL=false]
	Database driver: MySQL Connector/J
	Database dialect: MySQLDialect
	Database version: 8.0.46
	Default catalog/schema: ordersdb/undefined
	Autocommit mode: undefined/unknown
	Isolation level: REPEATABLE_READ [default REPEATABLE_READ]
	JDBC fetch size: none
	Pool: DataSourceConnectionProvider
	Minimum pool size: undefined/unknown
	Maximum pool size: undefined/unknown
12-08-2026 17:37:48.161 [main] [-] INFO  order-service-org.hibernate.orm.core.initiateService - HHH000489: No JTA platform available (set 'hibernate.transaction.jta.platform' to enable JTA platform integration)
12-08-2026 17:37:48.622 [main] [-] INFO  order-service-o.s.o.j.LocalContainerEntityManagerFactoryBean.buildNativeEntityManagerFactory - Initialized JPA EntityManagerFactory for persistence unit 'default'
12-08-2026 17:37:48.927 [main] [-] INFO  order-service-o.s.d.j.r.q.QueryEnhancerFactories.<clinit> - Hibernate is in classpath; If applicable, HQL parser will be used.
12-08-2026 17:37:49.572 [main] [-] WARN  order-service-o.s.b.j.a.JpaBaseConfiguration$JpaWebConfiguration.openEntityManagerInViewInterceptor - spring.jpa.open-in-view is enabled by default. Therefore, database queries may be performed during view rendering. Explicitly configure spring.jpa.open-in-view to disable this warning
12-08-2026 17:37:50.135 [main] [-] INFO  order-service-o.s.c.o.FeignClientFactoryBean.getTarget - For 'inventory-service' URL not provided. Will try picking an instance via load-balancing.
12-08-2026 17:37:50.464 [main] [-] INFO  order-service-o.s.c.o.FeignClientFactoryBean.getTarget - For 'shipping-service' URL not provided. Will try picking an instance via load-balancing.
12-08-2026 17:37:54.889 [main] [-] INFO  order-service-o.s.c.n.e.c.DiscoveryClientOptionalArgsConfiguration.restClientDiscoveryClientOptionalArgs - Eureka HTTP Client uses RestClient.
12-08-2026 17:37:55.036 [main] [-] WARN  order-service-o.s.c.l.c.LoadBalancerCacheAutoConfiguration$LoadBalancerCaffeineWarnLogger.afterPropertiesSet - Spring Cloud LoadBalancer is currently working with the default cache. While this cache implementation is useful for development and tests, it's recommended to use Caffeine cache in production.You can switch to using Caffeine cache, by adding it and org.springframework.cache.caffeine.CaffeineCacheManager to the classpath.
12-08-2026 17:37:55.097 [main] [-] INFO  order-service-o.s.b.a.e.web.EndpointLinksResolver.<init> - Exposing 26 endpoints beneath base path '/actuator'
12-08-2026 17:37:55.375 [main] [-] INFO  order-service-o.a.k.common.config.AbstractConfig.logAll - AdminClientConfig values: 
	bootstrap.controllers = []
	bootstrap.servers = [localhost:9092]
	client.dns.lookup = use_all_dns_ips
	client.id = order-service-admin-0
	config.providers = []
	connections.max.idle.ms = 300000
	default.api.timeout.ms = 60000
	enable.metrics.push = false
	metadata.max.age.ms = 300000
	metadata.recovery.rebootstrap.trigger.ms = 300000
	metadata.recovery.strategy = rebootstrap
	metric.reporters = [org.apache.kafka.common.metrics.JmxReporter]
	metrics.num.samples = 2
	metrics.recording.level = INFO
	metrics.sample.window.ms = 30000
	receive.buffer.bytes = 65536
	reconnect.backoff.max.ms = 1000
	reconnect.backoff.ms = 50
	request.timeout.ms = 30000
	retries = 2147483647
	retry.backoff.max.ms = 1000
	retry.backoff.ms = 100
	sasl.client.callback.handler.class = null
	sasl.jaas.config = null
	sasl.kerberos.kinit.cmd = /usr/bin/kinit
	sasl.kerberos.min.time.before.relogin = 60000
	sasl.kerberos.service.name = null
	sasl.kerberos.ticket.renew.jitter = 0.05
	sasl.kerberos.ticket.renew.window.factor = 0.8
	sasl.login.callback.handler.class = null
	sasl.login.class = null
	sasl.login.connect.timeout.ms = null
	sasl.login.read.timeout.ms = null
	sasl.login.refresh.buffer.seconds = 300
	sasl.login.refresh.min.period.seconds = 60
	sasl.login.refresh.window.factor = 0.8
	sasl.login.refresh.window.jitter = 0.05
	sasl.login.retry.backoff.max.ms = 10000
	sasl.login.retry.backoff.ms = 100
	sasl.mechanism = GSSAPI
	sasl.oauthbearer.assertion.algorithm = RS256
	sasl.oauthbearer.assertion.claim.aud = null
	sasl.oauthbearer.assertion.claim.exp.seconds = 300
	sasl.oauthbearer.assertion.claim.iss = null
	sasl.oauthbearer.assertion.claim.jti.include = false
	sasl.oauthbearer.assertion.claim.nbf.seconds = 60
	sasl.oauthbearer.assertion.claim.sub = null
	sasl.oauthbearer.assertion.file = null
	sasl.oauthbearer.assertion.private.key.file = null
	sasl.oauthbearer.assertion.private.key.passphrase = null
	sasl.oauthbearer.assertion.template.file = null
	sasl.oauthbearer.client.credentials.client.id = null
	sasl.oauthbearer.client.credentials.client.secret = null
	sasl.oauthbearer.clock.skew.seconds = 30
	sasl.oauthbearer.expected.audience = []
	sasl.oauthbearer.expected.issuer = null
	sasl.oauthbearer.header.urlencode = false
	sasl.oauthbearer.jwks.endpoint.refresh.ms = 3600000
	sasl.oauthbearer.jwks.endpoint.retry.backoff.max.ms = 10000
	sasl.oauthbearer.jwks.endpoint.retry.backoff.ms = 100
	sasl.oauthbearer.jwks.endpoint.url = null
	sasl.oauthbearer.jwt.retriever.class = class org.apache.kafka.common.security.oauthbearer.DefaultJwtRetriever
	sasl.oauthbearer.jwt.validator.class = class org.apache.kafka.common.security.oauthbearer.DefaultJwtValidator
	sasl.oauthbearer.scope = null
	sasl.oauthbearer.scope.claim.name = scope
	sasl.oauthbearer.sub.claim.name = sub
	sasl.oauthbearer.token.endpoint.url = null
	security.protocol = PLAINTEXT
	security.providers = null
	send.buffer.bytes = 131072
	socket.connection.setup.timeout.max.ms = 30000
	socket.connection.setup.timeout.ms = 10000
	ssl.cipher.suites = []
	ssl.enabled.protocols = [TLSv1.2, TLSv1.3]
	ssl.endpoint.identification.algorithm = https
	ssl.engine.factory.class = null
	ssl.key.password = null
	ssl.keymanager.algorithm = SunX509
	ssl.keystore.certificate.chain = null
	ssl.keystore.key = null
	ssl.keystore.location = null
	ssl.keystore.password = null
	ssl.keystore.type = JKS
	ssl.protocol = TLSv1.3
	ssl.provider = null
	ssl.secure.random.implementation = null
	ssl.trustmanager.algorithm = PKIX
	ssl.truststore.certificates = null
	ssl.truststore.location = null
	ssl.truststore.password = null
	ssl.truststore.type = JKS

12-08-2026 17:37:55.659 [main] [-] INFO  order-service-o.a.kafka.common.utils.AppInfoParser.<init> - Kafka version: 4.2.1
12-08-2026 17:37:55.659 [main] [-] INFO  order-service-o.a.kafka.common.utils.AppInfoParser.<init> - Kafka commitId: 92f61c44867f39dc
12-08-2026 17:37:55.659 [main] [-] INFO  order-service-o.a.kafka.common.utils.AppInfoParser.<init> - Kafka startTimeMs: 1786536475656
12-08-2026 17:37:56.575 [main] [-] INFO  order-service-o.a.kafka.common.metrics.Metrics.close - Metrics scheduler closed
12-08-2026 17:37:56.576 [main] [-] INFO  order-service-o.a.kafka.common.metrics.Metrics.close - Closing reporter org.apache.kafka.common.metrics.JmxReporter
12-08-2026 17:37:56.576 [main] [-] INFO  order-service-o.a.kafka.common.metrics.Metrics.close - Metrics reporters closed
12-08-2026 17:37:56.577 [kafka-admin-client-thread | order-service-admin-0] [-] INFO  order-service-o.a.kafka.common.utils.AppInfoParser.unregisterAppInfo - App info kafka.admin.client for order-service-admin-0 unregistered
12-08-2026 17:37:56.583 [kafka-admin-client-thread | order-service-admin-0] [-] INFO  order-service-o.a.kafka.common.metrics.Metrics.close - Metrics scheduler closed
12-08-2026 17:37:56.583 [kafka-admin-client-thread | order-service-admin-0] [-] INFO  order-service-o.a.kafka.common.metrics.Metrics.close - Closing reporter org.apache.kafka.common.metrics.JmxReporter
12-08-2026 17:37:56.584 [kafka-admin-client-thread | order-service-admin-0] [-] INFO  order-service-o.a.kafka.common.metrics.Metrics.close - Metrics reporters closed
12-08-2026 17:37:56.605 [main] [-] INFO  order-service-o.s.c.n.eureka.InstanceInfoFactory.create - Setting initial instance status as: STARTING
12-08-2026 17:37:56.661 [main] [-] INFO  order-service-c.netflix.discovery.DiscoveryClient.<init> - Initializing Eureka in region us-east-1
12-08-2026 17:37:56.667 [main] [-] INFO  order-service-c.n.d.s.r.aws.ConfigClusterResolver.getClusterEndpoints - Resolving eureka endpoints via configuration
12-08-2026 17:37:56.691 [main] [-] INFO  order-service-c.netflix.discovery.DiscoveryClient.fetchRegistry - Disable delta property : false
12-08-2026 17:37:56.692 [main] [-] INFO  order-service-c.netflix.discovery.DiscoveryClient.fetchRegistry - Single vip registry refresh property : null
12-08-2026 17:37:56.693 [main] [-] INFO  order-service-c.netflix.discovery.DiscoveryClient.fetchRegistry - Force full registry fetch : false
12-08-2026 17:37:56.693 [main] [-] INFO  order-service-c.netflix.discovery.DiscoveryClient.fetchRegistry - Application is null : false
12-08-2026 17:37:56.693 [main] [-] INFO  order-service-c.netflix.discovery.DiscoveryClient.fetchRegistry - Registered Applications size is zero : true
12-08-2026 17:37:56.693 [main] [-] INFO  order-service-c.netflix.discovery.DiscoveryClient.fetchRegistry - Application version is -1: true
12-08-2026 17:37:56.694 [main] [-] INFO  order-service-c.netflix.discovery.DiscoveryClient.getAndStoreFullRegistry - Getting all instance registry info from the eureka server
12-08-2026 17:37:57.149 [main] [-] INFO  order-service-c.netflix.discovery.DiscoveryClient.getAndStoreFullRegistry - The response status is 200
12-08-2026 17:37:57.152 [main] [-] INFO  order-service-c.netflix.discovery.DiscoveryClient.initScheduledTasks - Starting heartbeat executor: renew interval is: 30
12-08-2026 17:37:57.155 [main] [-] INFO  order-service-c.n.discovery.InstanceInfoReplicator.<init> - InstanceInfoReplicator onDemand update allowed rate per min is 4
12-08-2026 17:37:57.158 [main] [-] INFO  order-service-c.netflix.discovery.DiscoveryClient.<init> - Discovery Client initialized at timestamp 1786536477157 with initial instances count: 3
12-08-2026 17:37:57.176 [main] [-] INFO  order-service-o.s.c.n.e.s.EurekaServiceRegistry.register - Registering application ORDER-SERVICE with eureka with status UP
12-08-2026 17:37:57.177 [main] [-] INFO  order-service-c.netflix.discovery.DiscoveryClient.notify - Saw local status change event StatusChangeEvent [timestamp=1786536477177, current=UP, previous=STARTING]
12-08-2026 17:37:57.180 [main] [-] INFO  order-service-o.a.coyote.http11.Http11NioProtocol.log - Starting ProtocolHandler ["http-nio-9040"]
12-08-2026 17:37:57.180 [DiscoveryClient-InstanceInfoReplicator-%d] [-] INFO  order-service-c.netflix.discovery.DiscoveryClient.register - DiscoveryClient_ORDER-SERVICE/DESKTOP-5CC3FG7.mshome.net:order-service:9040: registering service...
12-08-2026 17:37:57.203 [main] [-] INFO  order-service-o.s.boot.tomcat.TomcatWebServer.start - Tomcat started on port 9040 (http) with context path '/orders'
12-08-2026 17:37:57.205 [main] [-] INFO  order-service-o.s.c.n.e.s.EurekaAutoServiceRegistration.onApplicationEvent - Updating port to 9040
12-08-2026 17:37:57.257 [DiscoveryClient-InstanceInfoReplicator-%d] [-] INFO  order-service-c.netflix.discovery.DiscoveryClient.register - DiscoveryClient_ORDER-SERVICE/DESKTOP-5CC3FG7.mshome.net:order-service:9040 - registration status: 204
12-08-2026 17:37:57.268 [main] [-] INFO  order-service-o.a.k.common.config.AbstractConfig.logAll - ConsumerConfig values: 
	allow.auto.create.topics = true
	auto.commit.interval.ms = 5000
	auto.offset.reset = latest
	bootstrap.servers = [localhost:9092]
	check.crcs = true
	client.dns.lookup = use_all_dns_ips
	client.id = consumer-order-service-1
	client.rack = 
	config.providers = []
	connections.max.idle.ms = 540000
	default.api.timeout.ms = 60000
	enable.auto.commit = false
	enable.metrics.push = true
	exclude.internal.topics = true
	fetch.max.bytes = 52428800
	fetch.max.wait.ms = 500
	fetch.min.bytes = 1
	group.id = order-service
	group.instance.id = null
	group.protocol = classic
	group.remote.assignor = null
	heartbeat.interval.ms = 3000
	interceptor.classes = []
	internal.throw.on.fetch.stable.offset.unsupported = false
	isolation.level = read_uncommitted
	key.deserializer = class org.apache.kafka.common.serialization.LongDeserializer
	max.partition.fetch.bytes = 1048576
	max.poll.interval.ms = 300000
	max.poll.records = 500
	metadata.max.age.ms = 300000
	metadata.recovery.rebootstrap.trigger.ms = 300000
	metadata.recovery.strategy = rebootstrap
	metric.reporters = [org.apache.kafka.common.metrics.JmxReporter]
	metrics.num.samples = 2
	metrics.recording.level = INFO
	metrics.sample.window.ms = 30000
	partition.assignment.strategy = [class org.apache.kafka.clients.consumer.RangeAssignor, class org.apache.kafka.clients.consumer.CooperativeStickyAssignor]
	receive.buffer.bytes = 65536
	reconnect.backoff.max.ms = 1000
	reconnect.backoff.ms = 50
	request.timeout.ms = 30000
	retry.backoff.max.ms = 1000
	retry.backoff.ms = 100
	sasl.client.callback.handler.class = null
	sasl.jaas.config = null
	sasl.kerberos.kinit.cmd = /usr/bin/kinit
	sasl.kerberos.min.time.before.relogin = 60000
	sasl.kerberos.service.name = null
	sasl.kerberos.ticket.renew.jitter = 0.05
	sasl.kerberos.ticket.renew.window.factor = 0.8
	sasl.login.callback.handler.class = null
	sasl.login.class = null
	sasl.login.connect.timeout.ms = null
	sasl.login.read.timeout.ms = null
	sasl.login.refresh.buffer.seconds = 300
	sasl.login.refresh.min.period.seconds = 60
	sasl.login.refresh.window.factor = 0.8
	sasl.login.refresh.window.jitter = 0.05
	sasl.login.retry.backoff.max.ms = 10000
	sasl.login.retry.backoff.ms = 100
	sasl.mechanism = GSSAPI
	sasl.oauthbearer.assertion.algorithm = RS256
	sasl.oauthbearer.assertion.claim.aud = null
	sasl.oauthbearer.assertion.claim.exp.seconds = 300
	sasl.oauthbearer.assertion.claim.iss = null
	sasl.oauthbearer.assertion.claim.jti.include = false
	sasl.oauthbearer.assertion.claim.nbf.seconds = 60
	sasl.oauthbearer.assertion.claim.sub = null
	sasl.oauthbearer.assertion.file = null
	sasl.oauthbearer.assertion.private.key.file = null
	sasl.oauthbearer.assertion.private.key.passphrase = null
	sasl.oauthbearer.assertion.template.file = null
	sasl.oauthbearer.client.credentials.client.id = null
	sasl.oauthbearer.client.credentials.client.secret = null
	sasl.oauthbearer.clock.skew.seconds = 30
	sasl.oauthbearer.expected.audience = []
	sasl.oauthbearer.expected.issuer = null
	sasl.oauthbearer.header.urlencode = false
	sasl.oauthbearer.jwks.endpoint.refresh.ms = 3600000
	sasl.oauthbearer.jwks.endpoint.retry.backoff.max.ms = 10000
	sasl.oauthbearer.jwks.endpoint.retry.backoff.ms = 100
	sasl.oauthbearer.jwks.endpoint.url = null
	sasl.oauthbearer.jwt.retriever.class = class org.apache.kafka.common.security.oauthbearer.DefaultJwtRetriever
	sasl.oauthbearer.jwt.validator.class = class org.apache.kafka.common.security.oauthbearer.DefaultJwtValidator
	sasl.oauthbearer.scope = null
	sasl.oauthbearer.scope.claim.name = scope
	sasl.oauthbearer.sub.claim.name = sub
	sasl.oauthbearer.token.endpoint.url = null
	security.protocol = PLAINTEXT
	security.providers = null
	send.buffer.bytes = 131072
	session.timeout.ms = 45000
	share.acknowledgement.mode = implicit
	share.acquire.mode = BATCH_OPTIMIZED
	socket.connection.setup.timeout.max.ms = 30000
	socket.connection.setup.timeout.ms = 10000
	ssl.cipher.suites = []
	ssl.enabled.protocols = [TLSv1.2, TLSv1.3]
	ssl.endpoint.identification.algorithm = https
	ssl.engine.factory.class = null
	ssl.key.password = null
	ssl.keymanager.algorithm = SunX509
	ssl.keystore.certificate.chain = null
	ssl.keystore.key = null
	ssl.keystore.location = null
	ssl.keystore.password = null
	ssl.keystore.type = JKS
	ssl.protocol = TLSv1.3
	ssl.provider = null
	ssl.secure.random.implementation = null
	ssl.trustmanager.algorithm = PKIX
	ssl.truststore.certificates = null
	ssl.truststore.location = null
	ssl.truststore.password = null
	ssl.truststore.type = JKS
	value.deserializer = class org.springframework.kafka.support.serializer.JacksonJsonDeserializer

12-08-2026 17:37:57.332 [main] [-] INFO  order-service-o.a.k.c.t.i.KafkaMetricsCollector.init - initializing Kafka metrics collector
12-08-2026 17:37:57.418 [main] [-] INFO  order-service-o.a.kafka.common.utils.AppInfoParser.<init> - Kafka version: 4.2.1
12-08-2026 17:37:57.418 [main] [-] INFO  order-service-o.a.kafka.common.utils.AppInfoParser.<init> - Kafka commitId: 92f61c44867f39dc
12-08-2026 17:37:57.419 [main] [-] INFO  order-service-o.a.kafka.common.utils.AppInfoParser.<init> - Kafka startTimeMs: 1786536477418
12-08-2026 17:37:57.434 [main] [-] INFO  order-service-o.a.k.c.c.i.ClassicKafkaConsumer.subscribeInternal - [Consumer clientId=consumer-order-service-1, groupId=order-service] Subscribed to topic(s): order-status-updated
12-08-2026 17:37:57.507 [org.springframework.kafka.KafkaListenerEndpointContainer#0-0-C-1] [-] INFO  order-service-org.apache.kafka.clients.Metadata.update - [Consumer clientId=consumer-order-service-1, groupId=order-service] Cluster ID: MkU3OEVBNTcwNTJENDM2Qk
12-08-2026 17:37:57.510 [org.springframework.kafka.KafkaListenerEndpointContainer#0-0-C-1] [-] INFO  order-service-o.a.k.c.c.i.ConsumerCoordinator.onSuccess - [Consumer clientId=consumer-order-service-1, groupId=order-service] Discovered group coordinator localhost:9092 (id: 2147483646 rack: null isFenced: false)
12-08-2026 17:37:57.512 [main] [-] INFO  order-service-c.n.o.OrderServiceApplication.logStarted - Started OrderServiceApplication in 23.322 seconds (process running for 26.034)
12-08-2026 17:37:57.514 [org.springframework.kafka.KafkaListenerEndpointContainer#0-0-C-1] [-] INFO  order-service-o.a.k.c.c.i.ConsumerCoordinator.sendJoinGroupRequest - [Consumer clientId=consumer-order-service-1, groupId=order-service] (Re-)joining group
12-08-2026 17:37:57.542 [org.springframework.kafka.KafkaListenerEndpointContainer#0-0-C-1] [-] INFO  order-service-o.a.k.c.c.i.ConsumerCoordinator.requestRejoin - [Consumer clientId=consumer-order-service-1, groupId=order-service] Request joining group due to: need to re-join with the given member-id: consumer-order-service-1-8081d6e6-f6b9-4f48-8717-3e7f5da87e1e
12-08-2026 17:37:57.543 [org.springframework.kafka.KafkaListenerEndpointContainer#0-0-C-1] [-] INFO  order-service-o.a.k.c.c.i.ConsumerCoordinator.sendJoinGroupRequest - [Consumer clientId=consumer-order-service-1, groupId=order-service] (Re-)joining group
12-08-2026 17:37:57.548 [org.springframework.kafka.KafkaListenerEndpointContainer#0-0-C-1] [-] INFO  order-service-o.a.k.c.c.i.ConsumerCoordinator.handle - [Consumer clientId=consumer-order-service-1, groupId=order-service] Successfully joined group with generation Generation{generationId=7, memberId='consumer-order-service-1-8081d6e6-f6b9-4f48-8717-3e7f5da87e1e', protocol='range'}
12-08-2026 17:37:57.561 [org.springframework.kafka.KafkaListenerEndpointContainer#0-0-C-1] [-] INFO  order-service-o.a.k.c.c.i.ConsumerCoordinator.onLeaderElected - [Consumer clientId=consumer-order-service-1, groupId=order-service] Finished assignment for group at generation 7: {consumer-order-service-1-8081d6e6-f6b9-4f48-8717-3e7f5da87e1e=Assignment(partitions=[order-status-updated-0, order-status-updated-1, order-status-updated-2])}
12-08-2026 17:37:57.570 [org.springframework.kafka.KafkaListenerEndpointContainer#0-0-C-1] [-] INFO  order-service-o.a.k.c.c.i.ConsumerCoordinator.handle - [Consumer clientId=consumer-order-service-1, groupId=order-service] Successfully synced group in generation Generation{generationId=7, memberId='consumer-order-service-1-8081d6e6-f6b9-4f48-8717-3e7f5da87e1e', protocol='range'}
12-08-2026 17:37:57.570 [org.springframework.kafka.KafkaListenerEndpointContainer#0-0-C-1] [-] INFO  order-service-o.a.k.c.c.i.ConsumerCoordinator.invokeOnAssignment - [Consumer clientId=consumer-order-service-1, groupId=order-service] Notifying assignor about the new Assignment(partitions=[order-status-updated-0, order-status-updated-1, order-status-updated-2])
12-08-2026 17:37:57.574 [org.springframework.kafka.KafkaListenerEndpointContainer#0-0-C-1] [-] INFO  order-service-o.a.k.c.c.i.ConsumerRebalanceListenerInvoker.invokePartitionsAssigned - [Consumer clientId=consumer-order-service-1, groupId=order-service] Adding newly assigned partitions: [order-status-updated-0, order-status-updated-1, order-status-updated-2]
12-08-2026 17:37:57.592 [org.springframework.kafka.KafkaListenerEndpointContainer#0-0-C-1] [-] INFO  order-service-o.a.k.c.c.internals.ConsumerUtils.refreshCommittedOffsets - Setting offset for partition order-status-updated-2 to the committed offset FetchPosition{offset=0, offsetEpoch=Optional.empty, currentLeader=LeaderAndEpoch{leader=Optional[localhost:9092 (id: 1 rack: null isFenced: false)], epoch=0}}
12-08-2026 17:37:57.595 [org.springframework.kafka.KafkaListenerEndpointContainer#0-0-C-1] [-] INFO  order-service-o.a.k.c.c.internals.ConsumerUtils.refreshCommittedOffsets - Setting offset for partition order-status-updated-1 to the committed offset FetchPosition{offset=0, offsetEpoch=Optional.empty, currentLeader=LeaderAndEpoch{leader=Optional[localhost:9092 (id: 1 rack: null isFenced: false)], epoch=0}}
12-08-2026 17:37:57.595 [org.springframework.kafka.KafkaListenerEndpointContainer#0-0-C-1] [-] INFO  order-service-o.a.k.c.c.internals.ConsumerUtils.refreshCommittedOffsets - Setting offset for partition order-status-updated-0 to the committed offset FetchPosition{offset=0, offsetEpoch=Optional.empty, currentLeader=LeaderAndEpoch{leader=Optional[localhost:9092 (id: 1 rack: null isFenced: false)], epoch=0}}
12-08-2026 17:37:57.597 [org.springframework.kafka.KafkaListenerEndpointContainer#0-0-C-1] [-] INFO  order-service-o.s.k.l.KafkaMessageListenerContainer.info - order-service: partitions assigned: [order-status-updated-0, order-status-updated-1, order-status-updated-2]
12-08-2026 17:38:34.723 [http-nio-9040-exec-1] [-] INFO  order-service-o.a.c.c.C.[.[localhost].[/orders].log - Initializing Spring DispatcherServlet 'dispatcherServlet'
12-08-2026 17:38:34.725 [http-nio-9040-exec-1] [-] INFO  order-service-o.s.web.servlet.DispatcherServlet.initServletBean - Initializing Servlet 'dispatcherServlet'
12-08-2026 17:38:34.731 [http-nio-9040-exec-1] [-] INFO  order-service-o.s.web.servlet.DispatcherServlet.initServletBean - Completed initialization in 6 ms
12-08-2026 17:38:35.157 [http-nio-9040-exec-1] [6a7c62424fef8e5d69968a5d76491008-58d284ed296f9cfa] INFO  order-service-c.n.o.service.OrdersService.createOrder - Creating order with this details : OrderRequestDto(id=null, items=[OrderRequestItemDto(id=null, productId=4, quantity=1), OrderRequestItemDto(id=null, productId=5, quantity=1)], totalPrice=null)
12-08-2026 17:39:32.607 [http-nio-9040-exec-1] [6a7c62424fef8e5d69968a5d76491008-58d284ed296f9cfa] INFO  order-service-o.a.k.common.config.AbstractConfig.logAll - ProducerConfig values: 
	acks = -1
	batch.size = 16384
	bootstrap.servers = [localhost:9092]
	buffer.memory = 33554432
	client.dns.lookup = use_all_dns_ips
	client.id = order-service-producer-1
	compression.gzip.level = -1
	compression.lz4.level = 9
	compression.type = none
	compression.zstd.level = 3
	config.providers = []
	connections.max.idle.ms = 540000
	delivery.timeout.ms = 120000
	enable.idempotence = true
	enable.metrics.push = true
	interceptor.classes = []
	key.serializer = class org.apache.kafka.common.serialization.LongSerializer
	linger.ms = 5
	max.block.ms = 60000
	max.in.flight.requests.per.connection = 5
	max.request.size = 1048576
	metadata.max.age.ms = 300000
	metadata.max.idle.ms = 300000
	metadata.recovery.rebootstrap.trigger.ms = 300000
	metadata.recovery.strategy = rebootstrap
	metric.reporters = [org.apache.kafka.common.metrics.JmxReporter]
	metrics.num.samples = 2
	metrics.recording.level = INFO
	metrics.sample.window.ms = 30000
	partitioner.adaptive.partitioning.enable = true
	partitioner.availability.timeout.ms = 0
	partitioner.class = null
	partitioner.ignore.keys = false
	receive.buffer.bytes = 32768
	reconnect.backoff.max.ms = 1000
	reconnect.backoff.ms = 50
	request.timeout.ms = 30000
	retries = 3
	retry.backoff.max.ms = 1000
	retry.backoff.ms = 100
	sasl.client.callback.handler.class = null
	sasl.jaas.config = null
	sasl.kerberos.kinit.cmd = /usr/bin/kinit
	sasl.kerberos.min.time.before.relogin = 60000
	sasl.kerberos.service.name = null
	sasl.kerberos.ticket.renew.jitter = 0.05
	sasl.kerberos.ticket.renew.window.factor = 0.8
	sasl.login.callback.handler.class = null
	sasl.login.class = null
	sasl.login.connect.timeout.ms = null
	sasl.login.read.timeout.ms = null
	sasl.login.refresh.buffer.seconds = 300
	sasl.login.refresh.min.period.seconds = 60
	sasl.login.refresh.window.factor = 0.8
	sasl.login.refresh.window.jitter = 0.05
	sasl.login.retry.backoff.max.ms = 10000
	sasl.login.retry.backoff.ms = 100
	sasl.mechanism = GSSAPI
	sasl.oauthbearer.assertion.algorithm = RS256
	sasl.oauthbearer.assertion.claim.aud = null
	sasl.oauthbearer.assertion.claim.exp.seconds = 300
	sasl.oauthbearer.assertion.claim.iss = null
	sasl.oauthbearer.assertion.claim.jti.include = false
	sasl.oauthbearer.assertion.claim.nbf.seconds = 60
	sasl.oauthbearer.assertion.claim.sub = null
	sasl.oauthbearer.assertion.file = null
	sasl.oauthbearer.assertion.private.key.file = null
	sasl.oauthbearer.assertion.private.key.passphrase = null
	sasl.oauthbearer.assertion.template.file = null
	sasl.oauthbearer.client.credentials.client.id = null
	sasl.oauthbearer.client.credentials.client.secret = null
	sasl.oauthbearer.clock.skew.seconds = 30
	sasl.oauthbearer.expected.audience = []
	sasl.oauthbearer.expected.issuer = null
	sasl.oauthbearer.header.urlencode = false
	sasl.oauthbearer.jwks.endpoint.refresh.ms = 3600000
	sasl.oauthbearer.jwks.endpoint.retry.backoff.max.ms = 10000
	sasl.oauthbearer.jwks.endpoint.retry.backoff.ms = 100
	sasl.oauthbearer.jwks.endpoint.url = null
	sasl.oauthbearer.jwt.retriever.class = class org.apache.kafka.common.security.oauthbearer.DefaultJwtRetriever
	sasl.oauthbearer.jwt.validator.class = class org.apache.kafka.common.security.oauthbearer.DefaultJwtValidator
	sasl.oauthbearer.scope = null
	sasl.oauthbearer.scope.claim.name = scope
	sasl.oauthbearer.sub.claim.name = sub
	sasl.oauthbearer.token.endpoint.url = null
	security.protocol = PLAINTEXT
	security.providers = null
	send.buffer.bytes = 131072
	socket.connection.setup.timeout.max.ms = 30000
	socket.connection.setup.timeout.ms = 10000
	ssl.cipher.suites = []
	ssl.enabled.protocols = [TLSv1.2, TLSv1.3]
	ssl.endpoint.identification.algorithm = https
	ssl.engine.factory.class = null
	ssl.key.password = null
	ssl.keymanager.algorithm = SunX509
	ssl.keystore.certificate.chain = null
	ssl.keystore.key = null
	ssl.keystore.location = null
	ssl.keystore.password = null
	ssl.keystore.type = JKS
	ssl.protocol = TLSv1.3
	ssl.provider = null
	ssl.secure.random.implementation = null
	ssl.trustmanager.algorithm = PKIX
	ssl.truststore.certificates = null
	ssl.truststore.location = null
	ssl.truststore.password = null
	ssl.truststore.type = JKS
	transaction.timeout.ms = 60000
	transaction.two.phase.commit.enable = false
	transactional.id = null
	value.serializer = class org.springframework.kafka.support.serializer.JacksonJsonSerializer

12-08-2026 17:39:32.608 [http-nio-9040-exec-1] [6a7c62424fef8e5d69968a5d76491008-58d284ed296f9cfa] INFO  order-service-o.a.k.c.t.i.KafkaMetricsCollector.init - initializing Kafka metrics collector
12-08-2026 17:39:32.630 [http-nio-9040-exec-1] [6a7c62424fef8e5d69968a5d76491008-58d284ed296f9cfa] INFO  order-service-o.a.k.clients.producer.KafkaProducer.configureTransactionState - [Producer clientId=order-service-producer-1] Instantiated an idempotent producer.
12-08-2026 17:39:32.655 [http-nio-9040-exec-1] [6a7c62424fef8e5d69968a5d76491008-58d284ed296f9cfa] INFO  order-service-o.a.kafka.common.utils.AppInfoParser.<init> - Kafka version: 4.2.1
12-08-2026 17:39:32.656 [http-nio-9040-exec-1] [6a7c62424fef8e5d69968a5d76491008-58d284ed296f9cfa] INFO  order-service-o.a.kafka.common.utils.AppInfoParser.<init> - Kafka commitId: 92f61c44867f39dc
12-08-2026 17:39:32.656 [http-nio-9040-exec-1] [6a7c62424fef8e5d69968a5d76491008-58d284ed296f9cfa] INFO  order-service-o.a.kafka.common.utils.AppInfoParser.<init> - Kafka startTimeMs: 1786536572655
12-08-2026 17:39:32.670 [kafka-producer-network-thread | order-service-producer-1] [-] INFO  order-service-org.apache.kafka.clients.Metadata.update - [Producer clientId=order-service-producer-1] Cluster ID: MkU3OEVBNTcwNTJENDM2Qk
12-08-2026 17:39:32.672 [kafka-producer-network-thread | order-service-producer-1] [-] INFO  order-service-o.a.k.c.p.i.TransactionManager.setProducerIdAndEpoch - [Producer clientId=order-service-producer-1] ProducerId set to 18 with epoch 0
12-08-2026 17:39:35.992 [AsyncReporter{ZipkinHttpClientSender{http://localhost:9411/api/v2/spans}}] [-] WARN  order-service-z.r.i.AsyncReporter$BoundedAsyncReporter.flush - Spans were dropped due to exceptions. All subsequent errors will be logged at FINE level.
12-08-2026 17:39:35.993 [AsyncReporter{ZipkinHttpClientSender{http://localhost:9411/api/v2/spans}}] [-] WARN  order-service-z.r.i.AsyncReporter$BoundedAsyncReporter.flush - Dropped 1 spans due to ConnectException()
java.net.ConnectException
	at java.net.http/jdk.internal.net.http.HttpClientImpl.send(HttpClientImpl.java:923)
	at java.net.http/jdk.internal.net.http.HttpClientFacade.send(HttpClientFacade.java:133)
	at org.springframework.boot.zipkin.autoconfigure.ZipkinHttpClientSender.postSpans(ZipkinHttpClientSender.java:59)
	at org.springframework.boot.zipkin.autoconfigure.HttpSender.postSpans(HttpSender.java:69)
	at org.springframework.boot.zipkin.autoconfigure.HttpSender.postSpans(HttpSender.java:41)
	at zipkin2.reporter.BaseHttpSender.send(BaseHttpSender.java:123)
	at zipkin2.reporter.internal.AsyncReporter$BoundedAsyncReporter.flush(AsyncReporter.java:266)
	at zipkin2.reporter.internal.AsyncReporter$Flusher.run(AsyncReporter.java:352)
	at java.base/java.lang.Thread.run(Thread.java:1474)
Caused by: java.net.ConnectException
	at java.net.http/jdk.internal.net.http.common.Utils.toConnectException(Utils.java:1070)
	at java.net.http/jdk.internal.net.http.PlainHttpConnection.connectAsync(PlainHttpConnection.java:223)
	at java.net.http/jdk.internal.net.http.PlainHttpConnection.checkRetryConnect(PlainHttpConnection.java:277)
	at java.net.http/jdk.internal.net.http.PlainHttpConnection.lambda$connectAsync$0(PlainHttpConnection.java:235)
	at java.base/java.util.concurrent.CompletableFuture.uniHandle(CompletableFuture.java:955)
	at java.base/java.util.concurrent.CompletableFuture$UniHandle.tryFire$$$capture(CompletableFuture.java:932)
	at java.base/java.util.concurrent.CompletableFuture$UniHandle.tryFire(CompletableFuture.java)
	at java.base/java.util.concurrent.CompletableFuture.postComplete(CompletableFuture.java:531)
	at java.base/java.util.concurrent.CompletableFuture$AsyncSupply.run$$$capture(CompletableFuture.java:1794)
	at java.base/java.util.concurrent.CompletableFuture$AsyncSupply.run(CompletableFuture.java)
	at java.base/java.util.concurrent.ThreadPoolExecutor.runWorker(ThreadPoolExecutor.java:1090)
	at java.base/java.util.concurrent.ThreadPoolExecutor$Worker.run(ThreadPoolExecutor.java:614)
	... 1 common frames omitted
Caused by: java.nio.channels.ClosedChannelException
	at java.base/sun.nio.ch.SocketChannelImpl.ensureOpen(SocketChannelImpl.java:204)
	at java.base/sun.nio.ch.SocketChannelImpl.connect(SocketChannelImpl.java:942)
	at java.net.http/jdk.internal.net.http.PlainHttpConnection.connectAsync(PlainHttpConnection.java:211)
	... 11 common frames omitted
12-08-2026 17:42:56.700 [AsyncResolver-bootstrap-executor-%d] [-] INFO  order-service-c.n.d.s.r.aws.ConfigClusterResolver.getClusterEndpoints - Resolving eureka endpoints via configuration
12-08-2026 17:46:18.081 [SpringApplicationShutdownHook] [-] INFO  order-service-o.s.c.n.e.s.EurekaServiceRegistry.deregister - Unregistering application ORDER-SERVICE with eureka with status DOWN
12-08-2026 17:46:18.081 [SpringApplicationShutdownHook] [-] INFO  order-service-c.netflix.discovery.DiscoveryClient.notify - Saw local status change event StatusChangeEvent [timestamp=1786536978081, current=DOWN, previous=UP]
12-08-2026 17:46:18.082 [DiscoveryClient-InstanceInfoReplicator-%d] [-] INFO  order-service-c.netflix.discovery.DiscoveryClient.register - DiscoveryClient_ORDER-SERVICE/DESKTOP-5CC3FG7.mshome.net:order-service:9040: registering service...
12-08-2026 17:46:18.088 [DiscoveryClient-InstanceInfoReplicator-%d] [-] INFO  order-service-c.netflix.discovery.DiscoveryClient.register - DiscoveryClient_ORDER-SERVICE/DESKTOP-5CC3FG7.mshome.net:order-service:9040 - registration status: 204
12-08-2026 17:46:18.091 [org.springframework.kafka.KafkaListenerEndpointContainer#0-0-C-1] [-] INFO  order-service-o.a.k.c.c.i.ConsumerRebalanceListenerInvoker.invokePartitionsRevoked - [Consumer clientId=consumer-order-service-1, groupId=order-service] Revoke previously assigned partitions [order-status-updated-0, order-status-updated-1, order-status-updated-2]
12-08-2026 17:46:18.092 [org.springframework.kafka.KafkaListenerEndpointContainer#0-0-C-1] [-] INFO  order-service-o.s.k.l.KafkaMessageListenerContainer.info - order-service: partitions revoked: [order-status-updated-0, order-status-updated-1, order-status-updated-2]
12-08-2026 17:46:18.094 [org.springframework.kafka.KafkaListenerEndpointContainer#0-0-C-1] [-] INFO  order-service-o.a.k.c.c.i.ConsumerCoordinator.maybeLeaveGroup - [Consumer clientId=consumer-order-service-1, groupId=order-service] Member consumer-order-service-1-8081d6e6-f6b9-4f48-8717-3e7f5da87e1e sending LeaveGroup request to coordinator localhost:9092 (id: 2147483646 rack: null isFenced: false) due to the consumer unsubscribed from all topics
12-08-2026 17:46:18.095 [org.springframework.kafka.KafkaListenerEndpointContainer#0-0-C-1] [-] INFO  order-service-o.a.k.c.c.i.ConsumerCoordinator.resetStateAndGeneration - [Consumer clientId=consumer-order-service-1, groupId=order-service] Resetting generation and member id due to: consumer pro-actively leaving the group
12-08-2026 17:46:18.095 [org.springframework.kafka.KafkaListenerEndpointContainer#0-0-C-1] [-] INFO  order-service-o.a.k.c.c.i.ConsumerCoordinator.requestRejoin - [Consumer clientId=consumer-order-service-1, groupId=order-service] Request joining group due to: consumer pro-actively leaving the group
12-08-2026 17:46:18.095 [org.springframework.kafka.KafkaListenerEndpointContainer#0-0-C-1] [-] INFO  order-service-o.a.k.c.c.i.ClassicKafkaConsumer.unsubscribe - [Consumer clientId=consumer-order-service-1, groupId=order-service] Unsubscribed all topics or patterns and assigned partitions
12-08-2026 17:46:18.098 [org.springframework.kafka.KafkaListenerEndpointContainer#0-0-C-1] [-] INFO  order-service-o.a.k.c.c.i.ConsumerCoordinator.resetStateAndGeneration - [Consumer clientId=consumer-order-service-1, groupId=order-service] Resetting generation and member id due to: consumer pro-actively leaving the group
12-08-2026 17:46:18.099 [org.springframework.kafka.KafkaListenerEndpointContainer#0-0-C-1] [-] INFO  order-service-o.a.k.c.c.i.ConsumerCoordinator.requestRejoin - [Consumer clientId=consumer-order-service-1, groupId=order-service] Request joining group due to: consumer pro-actively leaving the group
12-08-2026 17:46:18.550 [org.springframework.kafka.KafkaListenerEndpointContainer#0-0-C-1] [-] INFO  order-service-o.a.kafka.common.metrics.Metrics.close - Metrics scheduler closed
12-08-2026 17:46:18.551 [org.springframework.kafka.KafkaListenerEndpointContainer#0-0-C-1] [-] INFO  order-service-o.a.kafka.common.metrics.Metrics.close - Closing reporter org.apache.kafka.common.metrics.JmxReporter
12-08-2026 17:46:18.551 [org.springframework.kafka.KafkaListenerEndpointContainer#0-0-C-1] [-] INFO  order-service-o.a.kafka.common.metrics.Metrics.close - Closing reporter org.apache.kafka.common.telemetry.internals.ClientTelemetryReporter
12-08-2026 17:46:18.551 [org.springframework.kafka.KafkaListenerEndpointContainer#0-0-C-1] [-] INFO  order-service-o.a.kafka.common.metrics.Metrics.close - Metrics reporters closed
12-08-2026 17:46:18.559 [org.springframework.kafka.KafkaListenerEndpointContainer#0-0-C-1] [-] INFO  order-service-o.a.kafka.common.utils.AppInfoParser.unregisterAppInfo - App info kafka.consumer for consumer-order-service-1 unregistered
12-08-2026 17:46:18.560 [org.springframework.kafka.KafkaListenerEndpointContainer#0-0-C-1] [-] INFO  order-service-o.s.k.l.KafkaMessageListenerContainer.info - order-service: Consumer stopped
12-08-2026 17:46:18.563 [SpringApplicationShutdownHook] [-] INFO  order-service-o.s.boot.tomcat.GracefulShutdown.shutDownGracefully - Commencing graceful shutdown. Waiting for active requests to complete
12-08-2026 17:46:18.571 [tomcat-shutdown] [-] INFO  order-service-o.s.boot.tomcat.GracefulShutdown.doShutdown - Graceful shutdown complete
12-08-2026 17:46:18.574 [SpringApplicationShutdownHook] [-] INFO  order-service-o.a.k.clients.producer.KafkaProducer.close - [Producer clientId=order-service-producer-1] Closing the Kafka producer with timeoutMillis = 30000 ms.
12-08-2026 17:46:18.581 [SpringApplicationShutdownHook] [-] INFO  order-service-o.a.kafka.common.metrics.Metrics.close - Metrics scheduler closed
12-08-2026 17:46:18.581 [SpringApplicationShutdownHook] [-] INFO  order-service-o.a.kafka.common.metrics.Metrics.close - Closing reporter org.apache.kafka.common.metrics.JmxReporter
12-08-2026 17:46:18.582 [SpringApplicationShutdownHook] [-] INFO  order-service-o.a.kafka.common.metrics.Metrics.close - Closing reporter org.apache.kafka.common.telemetry.internals.ClientTelemetryReporter
12-08-2026 17:46:18.582 [SpringApplicationShutdownHook] [-] INFO  order-service-o.a.kafka.common.metrics.Metrics.close - Metrics reporters closed
12-08-2026 17:46:18.582 [SpringApplicationShutdownHook] [-] INFO  order-service-o.a.kafka.common.utils.AppInfoParser.unregisterAppInfo - App info kafka.producer for order-service-producer-1 unregistered
12-08-2026 17:46:18.592 [SpringApplicationShutdownHook] [-] INFO  order-service-o.s.o.j.LocalContainerEntityManagerFactoryBean.destroy - Closing JPA EntityManagerFactory for persistence unit 'default'
12-08-2026 17:46:18.595 [SpringApplicationShutdownHook] [-] INFO  order-service-com.zaxxer.hikari.HikariDataSource.close - HikariPool-1 - Shutdown initiated...
12-08-2026 17:46:18.605 [SpringApplicationShutdownHook] [-] INFO  order-service-com.zaxxer.hikari.HikariDataSource.close - HikariPool-1 - Shutdown completed.
12-08-2026 17:46:19.499 [SpringApplicationShutdownHook] [-] INFO  order-service-c.netflix.discovery.DiscoveryClient.shutdown - Shutting down DiscoveryClient ...
12-08-2026 17:46:22.501 [SpringApplicationShutdownHook] [-] INFO  order-service-c.netflix.discovery.DiscoveryClient.unregister - Unregistering ...
12-08-2026 17:46:22.510 [SpringApplicationShutdownHook] [-] INFO  order-service-c.netflix.discovery.DiscoveryClient.unregister - DiscoveryClient_ORDER-SERVICE/DESKTOP-5CC3FG7.mshome.net:order-service:9040 - deregister  status: 200
12-08-2026 17:46:22.510 [SpringApplicationShutdownHook] [-] INFO  order-service-c.netflix.discovery.DiscoveryClient.shutdown - Completed shut down of DiscoveryClient
12-08-2026 17:46:30.161 [main] [-] INFO  order-service-c.n.o.OrderServiceApplication.logStarting - Starting OrderServiceApplication using Java 25.0.3 with PID 9452 (C:\Users\Admin\Documents\SpringBoot_learnings\eCommerce\order-service\target\classes started by Admin in C:\Users\Admin\Documents\SpringBoot_learnings\eCommerce)
12-08-2026 17:46:30.168 [main] [-] INFO  order-service-c.n.o.OrderServiceApplication.logStartupProfileInfo - The following 1 profile is active: "dev"
12-08-2026 17:46:30.278 [main] [-] INFO  order-service-o.s.c.c.c.ConfigServerConfigDataLoader.log - Fetching config from server at : http://localhost:8888
12-08-2026 17:46:30.279 [main] [-] INFO  order-service-o.s.c.c.c.ConfigServerConfigDataLoader.log - Located environment: name=order-service, profiles=[default], label=null, version=0ea68e7bd44f5a1fe092f8c5aa4a27ddfcec0fa8, state=
12-08-2026 17:46:30.281 [main] [-] INFO  order-service-o.s.c.c.c.ConfigServerConfigDataLoader.log - Fetching config from server at : http://localhost:8888
12-08-2026 17:46:30.282 [main] [-] INFO  order-service-o.s.c.c.c.ConfigServerConfigDataLoader.log - Located environment: name=order-service, profiles=[dev], label=null, version=0ea68e7bd44f5a1fe092f8c5aa4a27ddfcec0fa8, state=
12-08-2026 17:46:31.722 [main] [-] INFO  order-service-o.s.d.r.c.RepositoryConfigurationDelegate.registerRepositoriesIn - Bootstrapping Spring Data JPA repositories in DEFAULT mode.
12-08-2026 17:46:31.909 [main] [-] INFO  order-service-o.s.d.r.c.RepositoryConfigurationDelegate.registerRepositoriesIn - Finished Spring Data repository scanning in 171 ms. Found 1 JPA repository interface.
12-08-2026 17:46:32.523 [main] [-] INFO  order-service-o.s.cloud.context.scope.GenericScope.setSerializationId - BeanFactory id=bc090770-d138-3a38-8d80-97d0ddd81a15
12-08-2026 17:46:33.346 [main] [-] INFO  order-service-o.s.boot.tomcat.TomcatWebServer.initialize - Tomcat initialized with port 9040 (http)
12-08-2026 17:46:33.361 [main] [-] INFO  order-service-o.a.coyote.http11.Http11NioProtocol.log - Initializing ProtocolHandler ["http-nio-9040"]
12-08-2026 17:46:33.366 [main] [-] INFO  order-service-o.a.catalina.core.StandardService.log - Starting service [Tomcat]
12-08-2026 17:46:33.367 [main] [-] INFO  order-service-o.a.catalina.core.StandardEngine.log - Starting Servlet engine: [Apache Tomcat/11.0.22]
12-08-2026 17:46:33.472 [main] [-] INFO  order-service-o.s.b.w.c.s.WebApplicationContextInitializer.prepareWebApplicationContext - Root WebApplicationContext: initialization completed in 3185 ms
12-08-2026 17:46:34.510 [main] [-] INFO  order-service-org.hibernate.orm.jpa.logPersistenceUnitInformation - HHH008540: Processing PersistenceUnitInfo [name: default]
12-08-2026 17:46:34.578 [main] [-] INFO  order-service-org.hibernate.orm.core.logVersion - HHH000001: Hibernate ORM core version 7.4.1.Final
12-08-2026 17:46:35.203 [main] [-] INFO  order-service-o.s.o.j.p.SpringPersistenceUnitInfo.addTransformer - No LoadTimeWeaver setup: ignoring JPA class transformer
12-08-2026 17:46:35.253 [main] [-] INFO  order-service-com.zaxxer.hikari.HikariDataSource.getConnection - HikariPool-1 - Starting...
12-08-2026 17:46:35.460 [main] [-] INFO  order-service-com.zaxxer.hikari.pool.HikariPool.checkFailFast - HikariPool-1 - Added connection com.mysql.cj.jdbc.ConnectionImpl@4ff3ca23
12-08-2026 17:46:35.464 [main] [-] INFO  order-service-com.zaxxer.hikari.HikariDataSource.getConnection - HikariPool-1 - Start completed.
12-08-2026 17:46:35.567 [main] [-] INFO  order-service-o.hibernate.orm.connections.pooling.logConnectionInfo - HHH10001005: Database info:
	Database JDBC URL [jdbc:mysql://localhost:3306/ordersdb?useSSL=false]
	Database driver: MySQL Connector/J
	Database dialect: MySQLDialect
	Database version: 8.0.46
	Default catalog/schema: ordersdb/undefined
	Autocommit mode: undefined/unknown
	Isolation level: REPEATABLE_READ [default REPEATABLE_READ]
	JDBC fetch size: none
	Pool: DataSourceConnectionProvider
	Minimum pool size: undefined/unknown
	Maximum pool size: undefined/unknown
12-08-2026 17:46:37.030 [main] [-] INFO  order-service-org.hibernate.orm.core.initiateService - HHH000489: No JTA platform available (set 'hibernate.transaction.jta.platform' to enable JTA platform integration)
12-08-2026 17:46:37.460 [main] [-] INFO  order-service-o.s.o.j.LocalContainerEntityManagerFactoryBean.buildNativeEntityManagerFactory - Initialized JPA EntityManagerFactory for persistence unit 'default'
12-08-2026 17:46:37.651 [main] [-] INFO  order-service-o.s.d.j.r.q.QueryEnhancerFactories.<clinit> - Hibernate is in classpath; If applicable, HQL parser will be used.
12-08-2026 17:46:38.017 [main] [-] WARN  order-service-o.s.b.j.a.JpaBaseConfiguration$JpaWebConfiguration.openEntityManagerInViewInterceptor - spring.jpa.open-in-view is enabled by default. Therefore, database queries may be performed during view rendering. Explicitly configure spring.jpa.open-in-view to disable this warning
12-08-2026 17:46:38.199 [main] [-] INFO  order-service-o.s.c.o.FeignClientFactoryBean.getTarget - For 'inventory-service' URL not provided. Will try picking an instance via load-balancing.
12-08-2026 17:46:38.308 [main] [-] INFO  order-service-o.s.c.o.FeignClientFactoryBean.getTarget - For 'shipping-service' URL not provided. Will try picking an instance via load-balancing.
12-08-2026 17:46:40.812 [main] [-] INFO  order-service-o.s.c.n.e.c.DiscoveryClientOptionalArgsConfiguration.restClientDiscoveryClientOptionalArgs - Eureka HTTP Client uses RestClient.
12-08-2026 17:46:40.927 [main] [-] WARN  order-service-o.s.c.l.c.LoadBalancerCacheAutoConfiguration$LoadBalancerCaffeineWarnLogger.afterPropertiesSet - Spring Cloud LoadBalancer is currently working with the default cache. While this cache implementation is useful for development and tests, it's recommended to use Caffeine cache in production.You can switch to using Caffeine cache, by adding it and org.springframework.cache.caffeine.CaffeineCacheManager to the classpath.
12-08-2026 17:46:40.962 [main] [-] INFO  order-service-o.s.b.a.e.web.EndpointLinksResolver.<init> - Exposing 26 endpoints beneath base path '/actuator'
12-08-2026 17:46:41.138 [main] [-] INFO  order-service-o.a.k.common.config.AbstractConfig.logAll - AdminClientConfig values: 
	bootstrap.controllers = []
	bootstrap.servers = [localhost:9092]
	client.dns.lookup = use_all_dns_ips
	client.id = order-service-admin-0
	config.providers = []
	connections.max.idle.ms = 300000
	default.api.timeout.ms = 60000
	enable.metrics.push = false
	metadata.max.age.ms = 300000
	metadata.recovery.rebootstrap.trigger.ms = 300000
	metadata.recovery.strategy = rebootstrap
	metric.reporters = [org.apache.kafka.common.metrics.JmxReporter]
	metrics.num.samples = 2
	metrics.recording.level = INFO
	metrics.sample.window.ms = 30000
	receive.buffer.bytes = 65536
	reconnect.backoff.max.ms = 1000
	reconnect.backoff.ms = 50
	request.timeout.ms = 30000
	retries = 2147483647
	retry.backoff.max.ms = 1000
	retry.backoff.ms = 100
	sasl.client.callback.handler.class = null
	sasl.jaas.config = null
	sasl.kerberos.kinit.cmd = /usr/bin/kinit
	sasl.kerberos.min.time.before.relogin = 60000
	sasl.kerberos.service.name = null
	sasl.kerberos.ticket.renew.jitter = 0.05
	sasl.kerberos.ticket.renew.window.factor = 0.8
	sasl.login.callback.handler.class = null
	sasl.login.class = null
	sasl.login.connect.timeout.ms = null
	sasl.login.read.timeout.ms = null
	sasl.login.refresh.buffer.seconds = 300
	sasl.login.refresh.min.period.seconds = 60
	sasl.login.refresh.window.factor = 0.8
	sasl.login.refresh.window.jitter = 0.05
	sasl.login.retry.backoff.max.ms = 10000
	sasl.login.retry.backoff.ms = 100
	sasl.mechanism = GSSAPI
	sasl.oauthbearer.assertion.algorithm = RS256
	sasl.oauthbearer.assertion.claim.aud = null
	sasl.oauthbearer.assertion.claim.exp.seconds = 300
	sasl.oauthbearer.assertion.claim.iss = null
	sasl.oauthbearer.assertion.claim.jti.include = false
	sasl.oauthbearer.assertion.claim.nbf.seconds = 60
	sasl.oauthbearer.assertion.claim.sub = null
	sasl.oauthbearer.assertion.file = null
	sasl.oauthbearer.assertion.private.key.file = null
	sasl.oauthbearer.assertion.private.key.passphrase = null
	sasl.oauthbearer.assertion.template.file = null
	sasl.oauthbearer.client.credentials.client.id = null
	sasl.oauthbearer.client.credentials.client.secret = null
	sasl.oauthbearer.clock.skew.seconds = 30
	sasl.oauthbearer.expected.audience = []
	sasl.oauthbearer.expected.issuer = null
	sasl.oauthbearer.header.urlencode = false
	sasl.oauthbearer.jwks.endpoint.refresh.ms = 3600000
	sasl.oauthbearer.jwks.endpoint.retry.backoff.max.ms = 10000
	sasl.oauthbearer.jwks.endpoint.retry.backoff.ms = 100
	sasl.oauthbearer.jwks.endpoint.url = null
	sasl.oauthbearer.jwt.retriever.class = class org.apache.kafka.common.security.oauthbearer.DefaultJwtRetriever
	sasl.oauthbearer.jwt.validator.class = class org.apache.kafka.common.security.oauthbearer.DefaultJwtValidator
	sasl.oauthbearer.scope = null
	sasl.oauthbearer.scope.claim.name = scope
	sasl.oauthbearer.sub.claim.name = sub
	sasl.oauthbearer.token.endpoint.url = null
	security.protocol = PLAINTEXT
	security.providers = null
	send.buffer.bytes = 131072
	socket.connection.setup.timeout.max.ms = 30000
	socket.connection.setup.timeout.ms = 10000
	ssl.cipher.suites = []
	ssl.enabled.protocols = [TLSv1.2, TLSv1.3]
	ssl.endpoint.identification.algorithm = https
	ssl.engine.factory.class = null
	ssl.key.password = null
	ssl.keymanager.algorithm = SunX509
	ssl.keystore.certificate.chain = null
	ssl.keystore.key = null
	ssl.keystore.location = null
	ssl.keystore.password = null
	ssl.keystore.type = JKS
	ssl.protocol = TLSv1.3
	ssl.provider = null
	ssl.secure.random.implementation = null
	ssl.trustmanager.algorithm = PKIX
	ssl.truststore.certificates = null
	ssl.truststore.location = null
	ssl.truststore.password = null
	ssl.truststore.type = JKS

12-08-2026 17:46:41.342 [main] [-] INFO  order-service-o.a.kafka.common.utils.AppInfoParser.<init> - Kafka version: 4.2.1
12-08-2026 17:46:41.342 [main] [-] INFO  order-service-o.a.kafka.common.utils.AppInfoParser.<init> - Kafka commitId: 92f61c44867f39dc
12-08-2026 17:46:41.342 [main] [-] INFO  order-service-o.a.kafka.common.utils.AppInfoParser.<init> - Kafka startTimeMs: 1786537001340
12-08-2026 17:46:41.942 [main] [-] INFO  order-service-o.a.kafka.common.metrics.Metrics.close - Metrics scheduler closed
12-08-2026 17:46:41.943 [main] [-] INFO  order-service-o.a.kafka.common.metrics.Metrics.close - Closing reporter org.apache.kafka.common.metrics.JmxReporter
12-08-2026 17:46:41.943 [main] [-] INFO  order-service-o.a.kafka.common.metrics.Metrics.close - Metrics reporters closed
12-08-2026 17:46:41.944 [kafka-admin-client-thread | order-service-admin-0] [-] INFO  order-service-o.a.kafka.common.utils.AppInfoParser.unregisterAppInfo - App info kafka.admin.client for order-service-admin-0 unregistered
12-08-2026 17:46:41.950 [kafka-admin-client-thread | order-service-admin-0] [-] INFO  order-service-o.a.kafka.common.metrics.Metrics.close - Metrics scheduler closed
12-08-2026 17:46:41.950 [kafka-admin-client-thread | order-service-admin-0] [-] INFO  order-service-o.a.kafka.common.metrics.Metrics.close - Closing reporter org.apache.kafka.common.metrics.JmxReporter
12-08-2026 17:46:41.951 [kafka-admin-client-thread | order-service-admin-0] [-] INFO  order-service-o.a.kafka.common.metrics.Metrics.close - Metrics reporters closed
12-08-2026 17:46:41.971 [main] [-] INFO  order-service-o.s.c.n.eureka.InstanceInfoFactory.create - Setting initial instance status as: STARTING
12-08-2026 17:46:42.016 [main] [-] INFO  order-service-c.netflix.discovery.DiscoveryClient.<init> - Initializing Eureka in region us-east-1
12-08-2026 17:46:42.023 [main] [-] INFO  order-service-c.n.d.s.r.aws.ConfigClusterResolver.getClusterEndpoints - Resolving eureka endpoints via configuration
12-08-2026 17:46:42.039 [main] [-] INFO  order-service-c.netflix.discovery.DiscoveryClient.fetchRegistry - Disable delta property : false
12-08-2026 17:46:42.039 [main] [-] INFO  order-service-c.netflix.discovery.DiscoveryClient.fetchRegistry - Single vip registry refresh property : null
12-08-2026 17:46:42.040 [main] [-] INFO  order-service-c.netflix.discovery.DiscoveryClient.fetchRegistry - Force full registry fetch : false
12-08-2026 17:46:42.040 [main] [-] INFO  order-service-c.netflix.discovery.DiscoveryClient.fetchRegistry - Application is null : false
12-08-2026 17:46:42.041 [main] [-] INFO  order-service-c.netflix.discovery.DiscoveryClient.fetchRegistry - Registered Applications size is zero : true
12-08-2026 17:46:42.041 [main] [-] INFO  order-service-c.netflix.discovery.DiscoveryClient.fetchRegistry - Application version is -1: true
12-08-2026 17:46:42.041 [main] [-] INFO  order-service-c.netflix.discovery.DiscoveryClient.getAndStoreFullRegistry - Getting all instance registry info from the eureka server
12-08-2026 17:46:42.432 [main] [-] INFO  order-service-c.netflix.discovery.DiscoveryClient.getAndStoreFullRegistry - The response status is 200
12-08-2026 17:46:42.435 [main] [-] INFO  order-service-c.netflix.discovery.DiscoveryClient.initScheduledTasks - Starting heartbeat executor: renew interval is: 30
12-08-2026 17:46:42.439 [main] [-] INFO  order-service-c.n.discovery.InstanceInfoReplicator.<init> - InstanceInfoReplicator onDemand update allowed rate per min is 4
12-08-2026 17:46:42.441 [main] [-] INFO  order-service-c.netflix.discovery.DiscoveryClient.<init> - Discovery Client initialized at timestamp 1786537002440 with initial instances count: 3
12-08-2026 17:46:42.455 [main] [-] INFO  order-service-o.s.c.n.e.s.EurekaServiceRegistry.register - Registering application ORDER-SERVICE with eureka with status UP
12-08-2026 17:46:42.456 [main] [-] INFO  order-service-c.netflix.discovery.DiscoveryClient.notify - Saw local status change event StatusChangeEvent [timestamp=1786537002456, current=UP, previous=STARTING]
12-08-2026 17:46:42.459 [main] [-] INFO  order-service-o.a.coyote.http11.Http11NioProtocol.log - Starting ProtocolHandler ["http-nio-9040"]
12-08-2026 17:46:42.459 [DiscoveryClient-InstanceInfoReplicator-%d] [-] INFO  order-service-c.netflix.discovery.DiscoveryClient.register - DiscoveryClient_ORDER-SERVICE/DESKTOP-5CC3FG7.mshome.net:order-service:9040: registering service...
12-08-2026 17:46:42.478 [main] [-] INFO  order-service-o.s.boot.tomcat.TomcatWebServer.start - Tomcat started on port 9040 (http) with context path '/orders'
12-08-2026 17:46:42.479 [main] [-] INFO  order-service-o.s.c.n.e.s.EurekaAutoServiceRegistration.onApplicationEvent - Updating port to 9040
12-08-2026 17:46:42.517 [DiscoveryClient-InstanceInfoReplicator-%d] [-] INFO  order-service-c.netflix.discovery.DiscoveryClient.register - DiscoveryClient_ORDER-SERVICE/DESKTOP-5CC3FG7.mshome.net:order-service:9040 - registration status: 204
12-08-2026 17:46:42.530 [main] [-] INFO  order-service-o.a.k.common.config.AbstractConfig.logAll - ConsumerConfig values: 
	allow.auto.create.topics = true
	auto.commit.interval.ms = 5000
	auto.offset.reset = latest
	bootstrap.servers = [localhost:9092]
	check.crcs = true
	client.dns.lookup = use_all_dns_ips
	client.id = consumer-order-service-1
	client.rack = 
	config.providers = []
	connections.max.idle.ms = 540000
	default.api.timeout.ms = 60000
	enable.auto.commit = false
	enable.metrics.push = true
	exclude.internal.topics = true
	fetch.max.bytes = 52428800
	fetch.max.wait.ms = 500
	fetch.min.bytes = 1
	group.id = order-service
	group.instance.id = null
	group.protocol = classic
	group.remote.assignor = null
	heartbeat.interval.ms = 3000
	interceptor.classes = []
	internal.throw.on.fetch.stable.offset.unsupported = false
	isolation.level = read_uncommitted
	key.deserializer = class org.apache.kafka.common.serialization.LongDeserializer
	max.partition.fetch.bytes = 1048576
	max.poll.interval.ms = 300000
	max.poll.records = 500
	metadata.max.age.ms = 300000
	metadata.recovery.rebootstrap.trigger.ms = 300000
	metadata.recovery.strategy = rebootstrap
	metric.reporters = [org.apache.kafka.common.metrics.JmxReporter]
	metrics.num.samples = 2
	metrics.recording.level = INFO
	metrics.sample.window.ms = 30000
	partition.assignment.strategy = [class org.apache.kafka.clients.consumer.RangeAssignor, class org.apache.kafka.clients.consumer.CooperativeStickyAssignor]
	receive.buffer.bytes = 65536
	reconnect.backoff.max.ms = 1000
	reconnect.backoff.ms = 50
	request.timeout.ms = 30000
	retry.backoff.max.ms = 1000
	retry.backoff.ms = 100
	sasl.client.callback.handler.class = null
	sasl.jaas.config = null
	sasl.kerberos.kinit.cmd = /usr/bin/kinit
	sasl.kerberos.min.time.before.relogin = 60000
	sasl.kerberos.service.name = null
	sasl.kerberos.ticket.renew.jitter = 0.05
	sasl.kerberos.ticket.renew.window.factor = 0.8
	sasl.login.callback.handler.class = null
	sasl.login.class = null
	sasl.login.connect.timeout.ms = null
	sasl.login.read.timeout.ms = null
	sasl.login.refresh.buffer.seconds = 300
	sasl.login.refresh.min.period.seconds = 60
	sasl.login.refresh.window.factor = 0.8
	sasl.login.refresh.window.jitter = 0.05
	sasl.login.retry.backoff.max.ms = 10000
	sasl.login.retry.backoff.ms = 100
	sasl.mechanism = GSSAPI
	sasl.oauthbearer.assertion.algorithm = RS256
	sasl.oauthbearer.assertion.claim.aud = null
	sasl.oauthbearer.assertion.claim.exp.seconds = 300
	sasl.oauthbearer.assertion.claim.iss = null
	sasl.oauthbearer.assertion.claim.jti.include = false
	sasl.oauthbearer.assertion.claim.nbf.seconds = 60
	sasl.oauthbearer.assertion.claim.sub = null
	sasl.oauthbearer.assertion.file = null
	sasl.oauthbearer.assertion.private.key.file = null
	sasl.oauthbearer.assertion.private.key.passphrase = null
	sasl.oauthbearer.assertion.template.file = null
	sasl.oauthbearer.client.credentials.client.id = null
	sasl.oauthbearer.client.credentials.client.secret = null
	sasl.oauthbearer.clock.skew.seconds = 30
	sasl.oauthbearer.expected.audience = []
	sasl.oauthbearer.expected.issuer = null
	sasl.oauthbearer.header.urlencode = false
	sasl.oauthbearer.jwks.endpoint.refresh.ms = 3600000
	sasl.oauthbearer.jwks.endpoint.retry.backoff.max.ms = 10000
	sasl.oauthbearer.jwks.endpoint.retry.backoff.ms = 100
	sasl.oauthbearer.jwks.endpoint.url = null
	sasl.oauthbearer.jwt.retriever.class = class org.apache.kafka.common.security.oauthbearer.DefaultJwtRetriever
	sasl.oauthbearer.jwt.validator.class = class org.apache.kafka.common.security.oauthbearer.DefaultJwtValidator
	sasl.oauthbearer.scope = null
	sasl.oauthbearer.scope.claim.name = scope
	sasl.oauthbearer.sub.claim.name = sub
	sasl.oauthbearer.token.endpoint.url = null
	security.protocol = PLAINTEXT
	security.providers = null
	send.buffer.bytes = 131072
	session.timeout.ms = 45000
	share.acknowledgement.mode = implicit
	share.acquire.mode = BATCH_OPTIMIZED
	socket.connection.setup.timeout.max.ms = 30000
	socket.connection.setup.timeout.ms = 10000
	ssl.cipher.suites = []
	ssl.enabled.protocols = [TLSv1.2, TLSv1.3]
	ssl.endpoint.identification.algorithm = https
	ssl.engine.factory.class = null
	ssl.key.password = null
	ssl.keymanager.algorithm = SunX509
	ssl.keystore.certificate.chain = null
	ssl.keystore.key = null
	ssl.keystore.location = null
	ssl.keystore.password = null
	ssl.keystore.type = JKS
	ssl.protocol = TLSv1.3
	ssl.provider = null
	ssl.secure.random.implementation = null
	ssl.trustmanager.algorithm = PKIX
	ssl.truststore.certificates = null
	ssl.truststore.location = null
	ssl.truststore.password = null
	ssl.truststore.type = JKS
	value.deserializer = class org.springframework.kafka.support.serializer.JacksonJsonDeserializer

12-08-2026 17:46:42.602 [main] [-] INFO  order-service-o.a.k.c.t.i.KafkaMetricsCollector.init - initializing Kafka metrics collector
12-08-2026 17:46:42.703 [main] [-] INFO  order-service-o.a.kafka.common.utils.AppInfoParser.<init> - Kafka version: 4.2.1
12-08-2026 17:46:42.704 [main] [-] INFO  order-service-o.a.kafka.common.utils.AppInfoParser.<init> - Kafka commitId: 92f61c44867f39dc
12-08-2026 17:46:42.704 [main] [-] INFO  order-service-o.a.kafka.common.utils.AppInfoParser.<init> - Kafka startTimeMs: 1786537002703
12-08-2026 17:46:42.720 [main] [-] INFO  order-service-o.a.k.c.c.i.ClassicKafkaConsumer.subscribeInternal - [Consumer clientId=consumer-order-service-1, groupId=order-service] Subscribed to topic(s): order-status-updated
12-08-2026 17:46:42.769 [org.springframework.kafka.KafkaListenerEndpointContainer#0-0-C-1] [-] INFO  order-service-org.apache.kafka.clients.Metadata.update - [Consumer clientId=consumer-order-service-1, groupId=order-service] Cluster ID: MkU3OEVBNTcwNTJENDM2Qk
12-08-2026 17:46:42.774 [org.springframework.kafka.KafkaListenerEndpointContainer#0-0-C-1] [-] INFO  order-service-o.a.k.c.c.i.ConsumerCoordinator.onSuccess - [Consumer clientId=consumer-order-service-1, groupId=order-service] Discovered group coordinator localhost:9092 (id: 2147483646 rack: null isFenced: false)
12-08-2026 17:46:42.777 [main] [-] INFO  order-service-c.n.o.OrderServiceApplication.logStarted - Started OrderServiceApplication in 17.094 seconds (process running for 18.76)
12-08-2026 17:46:42.779 [org.springframework.kafka.KafkaListenerEndpointContainer#0-0-C-1] [-] INFO  order-service-o.a.k.c.c.i.ConsumerCoordinator.sendJoinGroupRequest - [Consumer clientId=consumer-order-service-1, groupId=order-service] (Re-)joining group
12-08-2026 17:46:42.812 [org.springframework.kafka.KafkaListenerEndpointContainer#0-0-C-1] [-] INFO  order-service-o.a.k.c.c.i.ConsumerCoordinator.requestRejoin - [Consumer clientId=consumer-order-service-1, groupId=order-service] Request joining group due to: need to re-join with the given member-id: consumer-order-service-1-e9a9cbe5-093f-48ae-ba40-c592ff218de2
12-08-2026 17:46:42.812 [org.springframework.kafka.KafkaListenerEndpointContainer#0-0-C-1] [-] INFO  order-service-o.a.k.c.c.i.ConsumerCoordinator.sendJoinGroupRequest - [Consumer clientId=consumer-order-service-1, groupId=order-service] (Re-)joining group
12-08-2026 17:46:42.817 [org.springframework.kafka.KafkaListenerEndpointContainer#0-0-C-1] [-] INFO  order-service-o.a.k.c.c.i.ConsumerCoordinator.handle - [Consumer clientId=consumer-order-service-1, groupId=order-service] Successfully joined group with generation Generation{generationId=9, memberId='consumer-order-service-1-e9a9cbe5-093f-48ae-ba40-c592ff218de2', protocol='range'}
12-08-2026 17:46:42.829 [org.springframework.kafka.KafkaListenerEndpointContainer#0-0-C-1] [-] INFO  order-service-o.a.k.c.c.i.ConsumerCoordinator.onLeaderElected - [Consumer clientId=consumer-order-service-1, groupId=order-service] Finished assignment for group at generation 9: {consumer-order-service-1-e9a9cbe5-093f-48ae-ba40-c592ff218de2=Assignment(partitions=[order-status-updated-0, order-status-updated-1, order-status-updated-2])}
12-08-2026 17:46:42.839 [org.springframework.kafka.KafkaListenerEndpointContainer#0-0-C-1] [-] INFO  order-service-o.a.k.c.c.i.ConsumerCoordinator.handle - [Consumer clientId=consumer-order-service-1, groupId=order-service] Successfully synced group in generation Generation{generationId=9, memberId='consumer-order-service-1-e9a9cbe5-093f-48ae-ba40-c592ff218de2', protocol='range'}
12-08-2026 17:46:42.840 [org.springframework.kafka.KafkaListenerEndpointContainer#0-0-C-1] [-] INFO  order-service-o.a.k.c.c.i.ConsumerCoordinator.invokeOnAssignment - [Consumer clientId=consumer-order-service-1, groupId=order-service] Notifying assignor about the new Assignment(partitions=[order-status-updated-0, order-status-updated-1, order-status-updated-2])
12-08-2026 17:46:42.844 [org.springframework.kafka.KafkaListenerEndpointContainer#0-0-C-1] [-] INFO  order-service-o.a.k.c.c.i.ConsumerRebalanceListenerInvoker.invokePartitionsAssigned - [Consumer clientId=consumer-order-service-1, groupId=order-service] Adding newly assigned partitions: [order-status-updated-0, order-status-updated-1, order-status-updated-2]
12-08-2026 17:46:42.862 [org.springframework.kafka.KafkaListenerEndpointContainer#0-0-C-1] [-] INFO  order-service-o.a.k.c.c.internals.ConsumerUtils.refreshCommittedOffsets - Setting offset for partition order-status-updated-2 to the committed offset FetchPosition{offset=0, offsetEpoch=Optional.empty, currentLeader=LeaderAndEpoch{leader=Optional[localhost:9092 (id: 1 rack: null isFenced: false)], epoch=0}}
12-08-2026 17:46:42.864 [org.springframework.kafka.KafkaListenerEndpointContainer#0-0-C-1] [-] INFO  order-service-o.a.k.c.c.internals.ConsumerUtils.refreshCommittedOffsets - Setting offset for partition order-status-updated-1 to the committed offset FetchPosition{offset=0, offsetEpoch=Optional.empty, currentLeader=LeaderAndEpoch{leader=Optional[localhost:9092 (id: 1 rack: null isFenced: false)], epoch=0}}
12-08-2026 17:46:42.864 [org.springframework.kafka.KafkaListenerEndpointContainer#0-0-C-1] [-] INFO  order-service-o.a.k.c.c.internals.ConsumerUtils.refreshCommittedOffsets - Setting offset for partition order-status-updated-0 to the committed offset FetchPosition{offset=0, offsetEpoch=Optional.empty, currentLeader=LeaderAndEpoch{leader=Optional[localhost:9092 (id: 1 rack: null isFenced: false)], epoch=0}}
12-08-2026 17:46:42.866 [org.springframework.kafka.KafkaListenerEndpointContainer#0-0-C-1] [-] INFO  order-service-o.s.k.l.KafkaMessageListenerContainer.info - order-service: partitions assigned: [order-status-updated-0, order-status-updated-1, order-status-updated-2]
12-08-2026 17:51:42.055 [AsyncResolver-bootstrap-executor-%d] [-] INFO  order-service-c.n.d.s.r.aws.ConfigClusterResolver.getClusterEndpoints - Resolving eureka endpoints via configuration
12-08-2026 17:53:31.986 [SpringApplicationShutdownHook] [-] INFO  order-service-o.s.c.n.e.s.EurekaServiceRegistry.deregister - Unregistering application ORDER-SERVICE with eureka with status DOWN
12-08-2026 17:53:31.987 [SpringApplicationShutdownHook] [-] INFO  order-service-c.netflix.discovery.DiscoveryClient.notify - Saw local status change event StatusChangeEvent [timestamp=1786537411987, current=DOWN, previous=UP]
12-08-2026 17:53:31.987 [DiscoveryClient-InstanceInfoReplicator-%d] [-] INFO  order-service-c.netflix.discovery.DiscoveryClient.register - DiscoveryClient_ORDER-SERVICE/DESKTOP-5CC3FG7.mshome.net:order-service:9040: registering service...
12-08-2026 17:53:31.994 [DiscoveryClient-InstanceInfoReplicator-%d] [-] INFO  order-service-c.netflix.discovery.DiscoveryClient.register - DiscoveryClient_ORDER-SERVICE/DESKTOP-5CC3FG7.mshome.net:order-service:9040 - registration status: 204
12-08-2026 17:53:31.998 [org.springframework.kafka.KafkaListenerEndpointContainer#0-0-C-1] [-] INFO  order-service-o.a.k.c.c.i.ConsumerRebalanceListenerInvoker.invokePartitionsRevoked - [Consumer clientId=consumer-order-service-1, groupId=order-service] Revoke previously assigned partitions [order-status-updated-0, order-status-updated-1, order-status-updated-2]
12-08-2026 17:53:31.999 [org.springframework.kafka.KafkaListenerEndpointContainer#0-0-C-1] [-] INFO  order-service-o.s.k.l.KafkaMessageListenerContainer.info - order-service: partitions revoked: [order-status-updated-0, order-status-updated-1, order-status-updated-2]
12-08-2026 17:53:32.000 [org.springframework.kafka.KafkaListenerEndpointContainer#0-0-C-1] [-] INFO  order-service-o.a.k.c.c.i.ConsumerCoordinator.maybeLeaveGroup - [Consumer clientId=consumer-order-service-1, groupId=order-service] Member consumer-order-service-1-e9a9cbe5-093f-48ae-ba40-c592ff218de2 sending LeaveGroup request to coordinator localhost:9092 (id: 2147483646 rack: null isFenced: false) due to the consumer unsubscribed from all topics
12-08-2026 17:53:32.001 [org.springframework.kafka.KafkaListenerEndpointContainer#0-0-C-1] [-] INFO  order-service-o.a.k.c.c.i.ConsumerCoordinator.resetStateAndGeneration - [Consumer clientId=consumer-order-service-1, groupId=order-service] Resetting generation and member id due to: consumer pro-actively leaving the group
12-08-2026 17:53:32.001 [org.springframework.kafka.KafkaListenerEndpointContainer#0-0-C-1] [-] INFO  order-service-o.a.k.c.c.i.ConsumerCoordinator.requestRejoin - [Consumer clientId=consumer-order-service-1, groupId=order-service] Request joining group due to: consumer pro-actively leaving the group
12-08-2026 17:53:32.001 [org.springframework.kafka.KafkaListenerEndpointContainer#0-0-C-1] [-] INFO  order-service-o.a.k.c.c.i.ClassicKafkaConsumer.unsubscribe - [Consumer clientId=consumer-order-service-1, groupId=order-service] Unsubscribed all topics or patterns and assigned partitions
12-08-2026 17:53:32.006 [org.springframework.kafka.KafkaListenerEndpointContainer#0-0-C-1] [-] INFO  order-service-o.a.k.c.c.i.ConsumerCoordinator.resetStateAndGeneration - [Consumer clientId=consumer-order-service-1, groupId=order-service] Resetting generation and member id due to: consumer pro-actively leaving the group
12-08-2026 17:53:32.006 [org.springframework.kafka.KafkaListenerEndpointContainer#0-0-C-1] [-] INFO  order-service-o.a.k.c.c.i.ConsumerCoordinator.requestRejoin - [Consumer clientId=consumer-order-service-1, groupId=order-service] Request joining group due to: consumer pro-actively leaving the group
12-08-2026 17:53:32.026 [org.springframework.kafka.KafkaListenerEndpointContainer#0-0-C-1] [-] INFO  order-service-o.a.kafka.common.metrics.Metrics.close - Metrics scheduler closed
12-08-2026 17:53:32.027 [org.springframework.kafka.KafkaListenerEndpointContainer#0-0-C-1] [-] INFO  order-service-o.a.kafka.common.metrics.Metrics.close - Closing reporter org.apache.kafka.common.metrics.JmxReporter
12-08-2026 17:53:32.027 [org.springframework.kafka.KafkaListenerEndpointContainer#0-0-C-1] [-] INFO  order-service-o.a.kafka.common.metrics.Metrics.close - Closing reporter org.apache.kafka.common.telemetry.internals.ClientTelemetryReporter
12-08-2026 17:53:32.027 [org.springframework.kafka.KafkaListenerEndpointContainer#0-0-C-1] [-] INFO  order-service-o.a.kafka.common.metrics.Metrics.close - Metrics reporters closed
12-08-2026 17:53:32.034 [org.springframework.kafka.KafkaListenerEndpointContainer#0-0-C-1] [-] INFO  order-service-o.a.kafka.common.utils.AppInfoParser.unregisterAppInfo - App info kafka.consumer for consumer-order-service-1 unregistered
12-08-2026 17:53:32.036 [org.springframework.kafka.KafkaListenerEndpointContainer#0-0-C-1] [-] INFO  order-service-o.s.k.l.KafkaMessageListenerContainer.info - order-service: Consumer stopped
12-08-2026 17:53:32.039 [SpringApplicationShutdownHook] [-] INFO  order-service-o.s.boot.tomcat.GracefulShutdown.shutDownGracefully - Commencing graceful shutdown. Waiting for active requests to complete
12-08-2026 17:53:32.047 [tomcat-shutdown] [-] INFO  order-service-o.s.boot.tomcat.GracefulShutdown.doShutdown - Graceful shutdown complete
12-08-2026 17:53:32.061 [SpringApplicationShutdownHook] [-] INFO  order-service-o.s.o.j.LocalContainerEntityManagerFactoryBean.destroy - Closing JPA EntityManagerFactory for persistence unit 'default'
12-08-2026 17:53:32.065 [SpringApplicationShutdownHook] [-] INFO  order-service-com.zaxxer.hikari.HikariDataSource.close - HikariPool-1 - Shutdown initiated...
12-08-2026 17:53:32.074 [SpringApplicationShutdownHook] [-] INFO  order-service-com.zaxxer.hikari.HikariDataSource.close - HikariPool-1 - Shutdown completed.
12-08-2026 17:53:33.079 [SpringApplicationShutdownHook] [-] INFO  order-service-c.netflix.discovery.DiscoveryClient.shutdown - Shutting down DiscoveryClient ...
12-08-2026 17:53:36.083 [SpringApplicationShutdownHook] [-] INFO  order-service-c.netflix.discovery.DiscoveryClient.unregister - Unregistering ...
12-08-2026 17:53:36.095 [SpringApplicationShutdownHook] [-] INFO  order-service-c.netflix.discovery.DiscoveryClient.unregister - DiscoveryClient_ORDER-SERVICE/DESKTOP-5CC3FG7.mshome.net:order-service:9040 - deregister  status: 200
12-08-2026 17:53:36.096 [SpringApplicationShutdownHook] [-] INFO  order-service-c.netflix.discovery.DiscoveryClient.shutdown - Completed shut down of DiscoveryClient
12-08-2026 17:53:52.898 [main] [-] INFO  order-service-c.n.o.OrderServiceApplication.logStarting - Starting OrderServiceApplication using Java 25.0.3 with PID 20060 (C:\Users\Admin\Documents\SpringBoot_learnings\eCommerce\order-service\target\classes started by Admin in C:\Users\Admin\Documents\SpringBoot_learnings\eCommerce)
12-08-2026 17:53:52.904 [main] [-] INFO  order-service-c.n.o.OrderServiceApplication.logStartupProfileInfo - The following 1 profile is active: "dev"
12-08-2026 17:53:53.004 [main] [-] INFO  order-service-o.s.c.c.c.ConfigServerConfigDataLoader.log - Fetching config from server at : http://localhost:8888
12-08-2026 17:53:53.004 [main] [-] INFO  order-service-o.s.c.c.c.ConfigServerConfigDataLoader.log - Located environment: name=order-service, profiles=[default], label=null, version=0ea68e7bd44f5a1fe092f8c5aa4a27ddfcec0fa8, state=
12-08-2026 17:53:53.005 [main] [-] INFO  order-service-o.s.c.c.c.ConfigServerConfigDataLoader.log - Fetching config from server at : http://localhost:8888
12-08-2026 17:53:53.006 [main] [-] INFO  order-service-o.s.c.c.c.ConfigServerConfigDataLoader.log - Located environment: name=order-service, profiles=[dev], label=null, version=0ea68e7bd44f5a1fe092f8c5aa4a27ddfcec0fa8, state=
12-08-2026 17:53:54.945 [main] [-] INFO  order-service-o.s.d.r.c.RepositoryConfigurationDelegate.registerRepositoriesIn - Bootstrapping Spring Data JPA repositories in DEFAULT mode.
12-08-2026 17:53:55.191 [main] [-] INFO  order-service-o.s.d.r.c.RepositoryConfigurationDelegate.registerRepositoriesIn - Finished Spring Data repository scanning in 231 ms. Found 1 JPA repository interface.
12-08-2026 17:53:55.959 [main] [-] INFO  order-service-o.s.cloud.context.scope.GenericScope.setSerializationId - BeanFactory id=bc090770-d138-3a38-8d80-97d0ddd81a15
12-08-2026 17:53:57.326 [main] [-] INFO  order-service-o.s.boot.tomcat.TomcatWebServer.initialize - Tomcat initialized with port 9040 (http)
12-08-2026 17:53:57.348 [main] [-] INFO  order-service-o.a.coyote.http11.Http11NioProtocol.log - Initializing ProtocolHandler ["http-nio-9040"]
12-08-2026 17:53:57.352 [main] [-] INFO  order-service-o.a.catalina.core.StandardService.log - Starting service [Tomcat]
12-08-2026 17:53:57.352 [main] [-] INFO  order-service-o.a.catalina.core.StandardEngine.log - Starting Servlet engine: [Apache Tomcat/11.0.22]
12-08-2026 17:53:57.469 [main] [-] INFO  order-service-o.s.b.w.c.s.WebApplicationContextInitializer.prepareWebApplicationContext - Root WebApplicationContext: initialization completed in 4457 ms
12-08-2026 17:53:58.772 [main] [-] INFO  order-service-org.hibernate.orm.jpa.logPersistenceUnitInformation - HHH008540: Processing PersistenceUnitInfo [name: default]
12-08-2026 17:53:58.868 [main] [-] INFO  order-service-org.hibernate.orm.core.logVersion - HHH000001: Hibernate ORM core version 7.4.1.Final
12-08-2026 17:53:59.782 [main] [-] INFO  order-service-o.s.o.j.p.SpringPersistenceUnitInfo.addTransformer - No LoadTimeWeaver setup: ignoring JPA class transformer
12-08-2026 17:53:59.839 [main] [-] INFO  order-service-com.zaxxer.hikari.HikariDataSource.getConnection - HikariPool-1 - Starting...
12-08-2026 17:54:00.174 [main] [-] INFO  order-service-com.zaxxer.hikari.pool.HikariPool.checkFailFast - HikariPool-1 - Added connection com.mysql.cj.jdbc.ConnectionImpl@4ff3ca23
12-08-2026 17:54:00.179 [main] [-] INFO  order-service-com.zaxxer.hikari.HikariDataSource.getConnection - HikariPool-1 - Start completed.
12-08-2026 17:54:00.322 [main] [-] INFO  order-service-o.hibernate.orm.connections.pooling.logConnectionInfo - HHH10001005: Database info:
	Database JDBC URL [jdbc:mysql://localhost:3306/ordersdb?useSSL=false]
	Database driver: MySQL Connector/J
	Database dialect: MySQLDialect
	Database version: 8.0.46
	Default catalog/schema: ordersdb/undefined
	Autocommit mode: undefined/unknown
	Isolation level: REPEATABLE_READ [default REPEATABLE_READ]
	JDBC fetch size: none
	Pool: DataSourceConnectionProvider
	Minimum pool size: undefined/unknown
	Maximum pool size: undefined/unknown
12-08-2026 17:54:02.135 [main] [-] INFO  order-service-org.hibernate.orm.core.initiateService - HHH000489: No JTA platform available (set 'hibernate.transaction.jta.platform' to enable JTA platform integration)
12-08-2026 17:54:02.502 [main] [-] INFO  order-service-o.s.o.j.LocalContainerEntityManagerFactoryBean.buildNativeEntityManagerFactory - Initialized JPA EntityManagerFactory for persistence unit 'default'
12-08-2026 17:54:02.780 [main] [-] INFO  order-service-o.s.d.j.r.q.QueryEnhancerFactories.<clinit> - Hibernate is in classpath; If applicable, HQL parser will be used.
12-08-2026 17:54:03.455 [main] [-] WARN  order-service-o.s.b.j.a.JpaBaseConfiguration$JpaWebConfiguration.openEntityManagerInViewInterceptor - spring.jpa.open-in-view is enabled by default. Therefore, database queries may be performed during view rendering. Explicitly configure spring.jpa.open-in-view to disable this warning
12-08-2026 17:54:03.807 [main] [-] INFO  order-service-o.s.c.o.FeignClientFactoryBean.getTarget - For 'inventory-service' URL not provided. Will try picking an instance via load-balancing.
12-08-2026 17:54:03.935 [main] [-] INFO  order-service-o.s.c.o.FeignClientFactoryBean.getTarget - For 'shipping-service' URL not provided. Will try picking an instance via load-balancing.
12-08-2026 17:54:06.247 [main] [-] INFO  order-service-o.s.c.n.e.c.DiscoveryClientOptionalArgsConfiguration.restClientDiscoveryClientOptionalArgs - Eureka HTTP Client uses RestClient.
12-08-2026 17:54:06.327 [main] [-] WARN  order-service-o.s.c.l.c.LoadBalancerCacheAutoConfiguration$LoadBalancerCaffeineWarnLogger.afterPropertiesSet - Spring Cloud LoadBalancer is currently working with the default cache. While this cache implementation is useful for development and tests, it's recommended to use Caffeine cache in production.You can switch to using Caffeine cache, by adding it and org.springframework.cache.caffeine.CaffeineCacheManager to the classpath.
12-08-2026 17:54:06.361 [main] [-] INFO  order-service-o.s.b.a.e.web.EndpointLinksResolver.<init> - Exposing 26 endpoints beneath base path '/actuator'
12-08-2026 17:54:06.548 [main] [-] INFO  order-service-o.a.k.common.config.AbstractConfig.logAll - AdminClientConfig values: 
	bootstrap.controllers = []
	bootstrap.servers = [localhost:9092]
	client.dns.lookup = use_all_dns_ips
	client.id = order-service-admin-0
	config.providers = []
	connections.max.idle.ms = 300000
	default.api.timeout.ms = 60000
	enable.metrics.push = false
	metadata.max.age.ms = 300000
	metadata.recovery.rebootstrap.trigger.ms = 300000
	metadata.recovery.strategy = rebootstrap
	metric.reporters = [org.apache.kafka.common.metrics.JmxReporter]
	metrics.num.samples = 2
	metrics.recording.level = INFO
	metrics.sample.window.ms = 30000
	receive.buffer.bytes = 65536
	reconnect.backoff.max.ms = 1000
	reconnect.backoff.ms = 50
	request.timeout.ms = 30000
	retries = 2147483647
	retry.backoff.max.ms = 1000
	retry.backoff.ms = 100
	sasl.client.callback.handler.class = null
	sasl.jaas.config = null
	sasl.kerberos.kinit.cmd = /usr/bin/kinit
	sasl.kerberos.min.time.before.relogin = 60000
	sasl.kerberos.service.name = null
	sasl.kerberos.ticket.renew.jitter = 0.05
	sasl.kerberos.ticket.renew.window.factor = 0.8
	sasl.login.callback.handler.class = null
	sasl.login.class = null
	sasl.login.connect.timeout.ms = null
	sasl.login.read.timeout.ms = null
	sasl.login.refresh.buffer.seconds = 300
	sasl.login.refresh.min.period.seconds = 60
	sasl.login.refresh.window.factor = 0.8
	sasl.login.refresh.window.jitter = 0.05
	sasl.login.retry.backoff.max.ms = 10000
	sasl.login.retry.backoff.ms = 100
	sasl.mechanism = GSSAPI
	sasl.oauthbearer.assertion.algorithm = RS256
	sasl.oauthbearer.assertion.claim.aud = null
	sasl.oauthbearer.assertion.claim.exp.seconds = 300
	sasl.oauthbearer.assertion.claim.iss = null
	sasl.oauthbearer.assertion.claim.jti.include = false
	sasl.oauthbearer.assertion.claim.nbf.seconds = 60
	sasl.oauthbearer.assertion.claim.sub = null
	sasl.oauthbearer.assertion.file = null
	sasl.oauthbearer.assertion.private.key.file = null
	sasl.oauthbearer.assertion.private.key.passphrase = null
	sasl.oauthbearer.assertion.template.file = null
	sasl.oauthbearer.client.credentials.client.id = null
	sasl.oauthbearer.client.credentials.client.secret = null
	sasl.oauthbearer.clock.skew.seconds = 30
	sasl.oauthbearer.expected.audience = []
	sasl.oauthbearer.expected.issuer = null
	sasl.oauthbearer.header.urlencode = false
	sasl.oauthbearer.jwks.endpoint.refresh.ms = 3600000
	sasl.oauthbearer.jwks.endpoint.retry.backoff.max.ms = 10000
	sasl.oauthbearer.jwks.endpoint.retry.backoff.ms = 100
	sasl.oauthbearer.jwks.endpoint.url = null
	sasl.oauthbearer.jwt.retriever.class = class org.apache.kafka.common.security.oauthbearer.DefaultJwtRetriever
	sasl.oauthbearer.jwt.validator.class = class org.apache.kafka.common.security.oauthbearer.DefaultJwtValidator
	sasl.oauthbearer.scope = null
	sasl.oauthbearer.scope.claim.name = scope
	sasl.oauthbearer.sub.claim.name = sub
	sasl.oauthbearer.token.endpoint.url = null
	security.protocol = PLAINTEXT
	security.providers = null
	send.buffer.bytes = 131072
	socket.connection.setup.timeout.max.ms = 30000
	socket.connection.setup.timeout.ms = 10000
	ssl.cipher.suites = []
	ssl.enabled.protocols = [TLSv1.2, TLSv1.3]
	ssl.endpoint.identification.algorithm = https
	ssl.engine.factory.class = null
	ssl.key.password = null
	ssl.keymanager.algorithm = SunX509
	ssl.keystore.certificate.chain = null
	ssl.keystore.key = null
	ssl.keystore.location = null
	ssl.keystore.password = null
	ssl.keystore.type = JKS
	ssl.protocol = TLSv1.3
	ssl.provider = null
	ssl.secure.random.implementation = null
	ssl.trustmanager.algorithm = PKIX
	ssl.truststore.certificates = null
	ssl.truststore.location = null
	ssl.truststore.password = null
	ssl.truststore.type = JKS

12-08-2026 17:54:06.853 [main] [-] INFO  order-service-o.a.kafka.common.utils.AppInfoParser.<init> - Kafka version: 4.2.1
12-08-2026 17:54:06.857 [main] [-] INFO  order-service-o.a.kafka.common.utils.AppInfoParser.<init> - Kafka commitId: 92f61c44867f39dc
12-08-2026 17:54:06.858 [main] [-] INFO  order-service-o.a.kafka.common.utils.AppInfoParser.<init> - Kafka startTimeMs: 1786537446849
12-08-2026 17:54:07.602 [main] [-] INFO  order-service-o.a.kafka.common.metrics.Metrics.close - Metrics scheduler closed
12-08-2026 17:54:07.602 [main] [-] INFO  order-service-o.a.kafka.common.metrics.Metrics.close - Closing reporter org.apache.kafka.common.metrics.JmxReporter
12-08-2026 17:54:07.603 [main] [-] INFO  order-service-o.a.kafka.common.metrics.Metrics.close - Metrics reporters closed
12-08-2026 17:54:07.604 [kafka-admin-client-thread | order-service-admin-0] [-] INFO  order-service-o.a.kafka.common.utils.AppInfoParser.unregisterAppInfo - App info kafka.admin.client for order-service-admin-0 unregistered
12-08-2026 17:54:07.611 [kafka-admin-client-thread | order-service-admin-0] [-] INFO  order-service-o.a.kafka.common.metrics.Metrics.close - Metrics scheduler closed
12-08-2026 17:54:07.611 [kafka-admin-client-thread | order-service-admin-0] [-] INFO  order-service-o.a.kafka.common.metrics.Metrics.close - Closing reporter org.apache.kafka.common.metrics.JmxReporter
12-08-2026 17:54:07.612 [kafka-admin-client-thread | order-service-admin-0] [-] INFO  order-service-o.a.kafka.common.metrics.Metrics.close - Metrics reporters closed
12-08-2026 17:54:07.634 [main] [-] INFO  order-service-o.s.c.n.eureka.InstanceInfoFactory.create - Setting initial instance status as: STARTING
12-08-2026 17:54:07.677 [main] [-] INFO  order-service-c.netflix.discovery.DiscoveryClient.<init> - Initializing Eureka in region us-east-1
12-08-2026 17:54:07.683 [main] [-] INFO  order-service-c.n.d.s.r.aws.ConfigClusterResolver.getClusterEndpoints - Resolving eureka endpoints via configuration
12-08-2026 17:54:07.697 [main] [-] INFO  order-service-c.netflix.discovery.DiscoveryClient.fetchRegistry - Disable delta property : false
12-08-2026 17:54:07.697 [main] [-] INFO  order-service-c.netflix.discovery.DiscoveryClient.fetchRegistry - Single vip registry refresh property : null
12-08-2026 17:54:07.698 [main] [-] INFO  order-service-c.netflix.discovery.DiscoveryClient.fetchRegistry - Force full registry fetch : false
12-08-2026 17:54:07.699 [main] [-] INFO  order-service-c.netflix.discovery.DiscoveryClient.fetchRegistry - Application is null : false
12-08-2026 17:54:07.699 [main] [-] INFO  order-service-c.netflix.discovery.DiscoveryClient.fetchRegistry - Registered Applications size is zero : true
12-08-2026 17:54:07.699 [main] [-] INFO  order-service-c.netflix.discovery.DiscoveryClient.fetchRegistry - Application version is -1: true
12-08-2026 17:54:07.699 [main] [-] INFO  order-service-c.netflix.discovery.DiscoveryClient.getAndStoreFullRegistry - Getting all instance registry info from the eureka server
12-08-2026 17:54:08.114 [main] [-] INFO  order-service-c.netflix.discovery.DiscoveryClient.getAndStoreFullRegistry - The response status is 200
12-08-2026 17:54:08.117 [main] [-] INFO  order-service-c.netflix.discovery.DiscoveryClient.initScheduledTasks - Starting heartbeat executor: renew interval is: 30
12-08-2026 17:54:08.121 [main] [-] INFO  order-service-c.n.discovery.InstanceInfoReplicator.<init> - InstanceInfoReplicator onDemand update allowed rate per min is 4
12-08-2026 17:54:08.124 [main] [-] INFO  order-service-c.netflix.discovery.DiscoveryClient.<init> - Discovery Client initialized at timestamp 1786537448124 with initial instances count: 3
12-08-2026 17:54:08.146 [main] [-] INFO  order-service-o.s.c.n.e.s.EurekaServiceRegistry.register - Registering application ORDER-SERVICE with eureka with status UP
12-08-2026 17:54:08.147 [main] [-] INFO  order-service-c.netflix.discovery.DiscoveryClient.notify - Saw local status change event StatusChangeEvent [timestamp=1786537448147, current=UP, previous=STARTING]
12-08-2026 17:54:08.152 [main] [-] INFO  order-service-o.a.coyote.http11.Http11NioProtocol.log - Starting ProtocolHandler ["http-nio-9040"]
12-08-2026 17:54:08.152 [DiscoveryClient-InstanceInfoReplicator-%d] [-] INFO  order-service-c.netflix.discovery.DiscoveryClient.register - DiscoveryClient_ORDER-SERVICE/DESKTOP-5CC3FG7.mshome.net:order-service:9040: registering service...
12-08-2026 17:54:08.175 [main] [-] INFO  order-service-o.s.boot.tomcat.TomcatWebServer.start - Tomcat started on port 9040 (http) with context path '/orders'
12-08-2026 17:54:08.177 [main] [-] INFO  order-service-o.s.c.n.e.s.EurekaAutoServiceRegistration.onApplicationEvent - Updating port to 9040
12-08-2026 17:54:08.218 [DiscoveryClient-InstanceInfoReplicator-%d] [-] INFO  order-service-c.netflix.discovery.DiscoveryClient.register - DiscoveryClient_ORDER-SERVICE/DESKTOP-5CC3FG7.mshome.net:order-service:9040 - registration status: 204
12-08-2026 17:54:08.236 [main] [-] INFO  order-service-o.a.k.common.config.AbstractConfig.logAll - ConsumerConfig values: 
	allow.auto.create.topics = true
	auto.commit.interval.ms = 5000
	auto.offset.reset = latest
	bootstrap.servers = [localhost:9092]
	check.crcs = true
	client.dns.lookup = use_all_dns_ips
	client.id = consumer-order-service-1
	client.rack = 
	config.providers = []
	connections.max.idle.ms = 540000
	default.api.timeout.ms = 60000
	enable.auto.commit = false
	enable.metrics.push = true
	exclude.internal.topics = true
	fetch.max.bytes = 52428800
	fetch.max.wait.ms = 500
	fetch.min.bytes = 1
	group.id = order-service
	group.instance.id = null
	group.protocol = classic
	group.remote.assignor = null
	heartbeat.interval.ms = 3000
	interceptor.classes = []
	internal.throw.on.fetch.stable.offset.unsupported = false
	isolation.level = read_uncommitted
	key.deserializer = class org.apache.kafka.common.serialization.LongDeserializer
	max.partition.fetch.bytes = 1048576
	max.poll.interval.ms = 300000
	max.poll.records = 500
	metadata.max.age.ms = 300000
	metadata.recovery.rebootstrap.trigger.ms = 300000
	metadata.recovery.strategy = rebootstrap
	metric.reporters = [org.apache.kafka.common.metrics.JmxReporter]
	metrics.num.samples = 2
	metrics.recording.level = INFO
	metrics.sample.window.ms = 30000
	partition.assignment.strategy = [class org.apache.kafka.clients.consumer.RangeAssignor, class org.apache.kafka.clients.consumer.CooperativeStickyAssignor]
	receive.buffer.bytes = 65536
	reconnect.backoff.max.ms = 1000
	reconnect.backoff.ms = 50
	request.timeout.ms = 30000
	retry.backoff.max.ms = 1000
	retry.backoff.ms = 100
	sasl.client.callback.handler.class = null
	sasl.jaas.config = null
	sasl.kerberos.kinit.cmd = /usr/bin/kinit
	sasl.kerberos.min.time.before.relogin = 60000
	sasl.kerberos.service.name = null
	sasl.kerberos.ticket.renew.jitter = 0.05
	sasl.kerberos.ticket.renew.window.factor = 0.8
	sasl.login.callback.handler.class = null
	sasl.login.class = null
	sasl.login.connect.timeout.ms = null
	sasl.login.read.timeout.ms = null
	sasl.login.refresh.buffer.seconds = 300
	sasl.login.refresh.min.period.seconds = 60
	sasl.login.refresh.window.factor = 0.8
	sasl.login.refresh.window.jitter = 0.05
	sasl.login.retry.backoff.max.ms = 10000
	sasl.login.retry.backoff.ms = 100
	sasl.mechanism = GSSAPI
	sasl.oauthbearer.assertion.algorithm = RS256
	sasl.oauthbearer.assertion.claim.aud = null
	sasl.oauthbearer.assertion.claim.exp.seconds = 300
	sasl.oauthbearer.assertion.claim.iss = null
	sasl.oauthbearer.assertion.claim.jti.include = false
	sasl.oauthbearer.assertion.claim.nbf.seconds = 60
	sasl.oauthbearer.assertion.claim.sub = null
	sasl.oauthbearer.assertion.file = null
	sasl.oauthbearer.assertion.private.key.file = null
	sasl.oauthbearer.assertion.private.key.passphrase = null
	sasl.oauthbearer.assertion.template.file = null
	sasl.oauthbearer.client.credentials.client.id = null
	sasl.oauthbearer.client.credentials.client.secret = null
	sasl.oauthbearer.clock.skew.seconds = 30
	sasl.oauthbearer.expected.audience = []
	sasl.oauthbearer.expected.issuer = null
	sasl.oauthbearer.header.urlencode = false
	sasl.oauthbearer.jwks.endpoint.refresh.ms = 3600000
	sasl.oauthbearer.jwks.endpoint.retry.backoff.max.ms = 10000
	sasl.oauthbearer.jwks.endpoint.retry.backoff.ms = 100
	sasl.oauthbearer.jwks.endpoint.url = null
	sasl.oauthbearer.jwt.retriever.class = class org.apache.kafka.common.security.oauthbearer.DefaultJwtRetriever
	sasl.oauthbearer.jwt.validator.class = class org.apache.kafka.common.security.oauthbearer.DefaultJwtValidator
	sasl.oauthbearer.scope = null
	sasl.oauthbearer.scope.claim.name = scope
	sasl.oauthbearer.sub.claim.name = sub
	sasl.oauthbearer.token.endpoint.url = null
	security.protocol = PLAINTEXT
	security.providers = null
	send.buffer.bytes = 131072
	session.timeout.ms = 45000
	share.acknowledgement.mode = implicit
	share.acquire.mode = BATCH_OPTIMIZED
	socket.connection.setup.timeout.max.ms = 30000
	socket.connection.setup.timeout.ms = 10000
	ssl.cipher.suites = []
	ssl.enabled.protocols = [TLSv1.2, TLSv1.3]
	ssl.endpoint.identification.algorithm = https
	ssl.engine.factory.class = null
	ssl.key.password = null
	ssl.keymanager.algorithm = SunX509
	ssl.keystore.certificate.chain = null
	ssl.keystore.key = null
	ssl.keystore.location = null
	ssl.keystore.password = null
	ssl.keystore.type = JKS
	ssl.protocol = TLSv1.3
	ssl.provider = null
	ssl.secure.random.implementation = null
	ssl.trustmanager.algorithm = PKIX
	ssl.truststore.certificates = null
	ssl.truststore.location = null
	ssl.truststore.password = null
	ssl.truststore.type = JKS
	value.deserializer = class org.springframework.kafka.support.serializer.JacksonJsonDeserializer

12-08-2026 17:54:08.284 [main] [-] INFO  order-service-o.a.k.c.t.i.KafkaMetricsCollector.init - initializing Kafka metrics collector
12-08-2026 17:54:08.370 [main] [-] INFO  order-service-o.a.kafka.common.utils.AppInfoParser.<init> - Kafka version: 4.2.1
12-08-2026 17:54:08.370 [main] [-] INFO  order-service-o.a.kafka.common.utils.AppInfoParser.<init> - Kafka commitId: 92f61c44867f39dc
12-08-2026 17:54:08.370 [main] [-] INFO  order-service-o.a.kafka.common.utils.AppInfoParser.<init> - Kafka startTimeMs: 1786537448370
12-08-2026 17:54:08.385 [main] [-] INFO  order-service-o.a.k.c.c.i.ClassicKafkaConsumer.subscribeInternal - [Consumer clientId=consumer-order-service-1, groupId=order-service] Subscribed to topic(s): order-status-updated
12-08-2026 17:54:08.434 [org.springframework.kafka.KafkaListenerEndpointContainer#0-0-C-1] [-] INFO  order-service-org.apache.kafka.clients.Metadata.update - [Consumer clientId=consumer-order-service-1, groupId=order-service] Cluster ID: MkU3OEVBNTcwNTJENDM2Qk
12-08-2026 17:54:08.436 [org.springframework.kafka.KafkaListenerEndpointContainer#0-0-C-1] [-] INFO  order-service-o.a.k.c.c.i.ConsumerCoordinator.onSuccess - [Consumer clientId=consumer-order-service-1, groupId=order-service] Discovered group coordinator localhost:9092 (id: 2147483646 rack: null isFenced: false)
12-08-2026 17:54:08.440 [org.springframework.kafka.KafkaListenerEndpointContainer#0-0-C-1] [-] INFO  order-service-o.a.k.c.c.i.ConsumerCoordinator.sendJoinGroupRequest - [Consumer clientId=consumer-order-service-1, groupId=order-service] (Re-)joining group
12-08-2026 17:54:08.442 [main] [-] INFO  order-service-c.n.o.OrderServiceApplication.logStarted - Started OrderServiceApplication in 20.856 seconds (process running for 23.115)
12-08-2026 17:54:08.468 [org.springframework.kafka.KafkaListenerEndpointContainer#0-0-C-1] [-] INFO  order-service-o.a.k.c.c.i.ConsumerCoordinator.requestRejoin - [Consumer clientId=consumer-order-service-1, groupId=order-service] Request joining group due to: need to re-join with the given member-id: consumer-order-service-1-63e6a102-9c0f-4265-a6aa-ce243b4bf514
12-08-2026 17:54:08.468 [org.springframework.kafka.KafkaListenerEndpointContainer#0-0-C-1] [-] INFO  order-service-o.a.k.c.c.i.ConsumerCoordinator.sendJoinGroupRequest - [Consumer clientId=consumer-order-service-1, groupId=order-service] (Re-)joining group
12-08-2026 17:54:08.473 [org.springframework.kafka.KafkaListenerEndpointContainer#0-0-C-1] [-] INFO  order-service-o.a.k.c.c.i.ConsumerCoordinator.handle - [Consumer clientId=consumer-order-service-1, groupId=order-service] Successfully joined group with generation Generation{generationId=11, memberId='consumer-order-service-1-63e6a102-9c0f-4265-a6aa-ce243b4bf514', protocol='range'}
12-08-2026 17:54:08.485 [org.springframework.kafka.KafkaListenerEndpointContainer#0-0-C-1] [-] INFO  order-service-o.a.k.c.c.i.ConsumerCoordinator.onLeaderElected - [Consumer clientId=consumer-order-service-1, groupId=order-service] Finished assignment for group at generation 11: {consumer-order-service-1-63e6a102-9c0f-4265-a6aa-ce243b4bf514=Assignment(partitions=[order-status-updated-0, order-status-updated-1, order-status-updated-2])}
12-08-2026 17:54:08.493 [org.springframework.kafka.KafkaListenerEndpointContainer#0-0-C-1] [-] INFO  order-service-o.a.k.c.c.i.ConsumerCoordinator.handle - [Consumer clientId=consumer-order-service-1, groupId=order-service] Successfully synced group in generation Generation{generationId=11, memberId='consumer-order-service-1-63e6a102-9c0f-4265-a6aa-ce243b4bf514', protocol='range'}
12-08-2026 17:54:08.494 [org.springframework.kafka.KafkaListenerEndpointContainer#0-0-C-1] [-] INFO  order-service-o.a.k.c.c.i.ConsumerCoordinator.invokeOnAssignment - [Consumer clientId=consumer-order-service-1, groupId=order-service] Notifying assignor about the new Assignment(partitions=[order-status-updated-0, order-status-updated-1, order-status-updated-2])
12-08-2026 17:54:08.498 [org.springframework.kafka.KafkaListenerEndpointContainer#0-0-C-1] [-] INFO  order-service-o.a.k.c.c.i.ConsumerRebalanceListenerInvoker.invokePartitionsAssigned - [Consumer clientId=consumer-order-service-1, groupId=order-service] Adding newly assigned partitions: [order-status-updated-0, order-status-updated-1, order-status-updated-2]
12-08-2026 17:54:08.515 [org.springframework.kafka.KafkaListenerEndpointContainer#0-0-C-1] [-] INFO  order-service-o.a.k.c.c.internals.ConsumerUtils.refreshCommittedOffsets - Setting offset for partition order-status-updated-2 to the committed offset FetchPosition{offset=0, offsetEpoch=Optional.empty, currentLeader=LeaderAndEpoch{leader=Optional[localhost:9092 (id: 1 rack: null isFenced: false)], epoch=0}}
12-08-2026 17:54:08.517 [org.springframework.kafka.KafkaListenerEndpointContainer#0-0-C-1] [-] INFO  order-service-o.a.k.c.c.internals.ConsumerUtils.refreshCommittedOffsets - Setting offset for partition order-status-updated-1 to the committed offset FetchPosition{offset=0, offsetEpoch=Optional.empty, currentLeader=LeaderAndEpoch{leader=Optional[localhost:9092 (id: 1 rack: null isFenced: false)], epoch=0}}
12-08-2026 17:54:08.517 [org.springframework.kafka.KafkaListenerEndpointContainer#0-0-C-1] [-] INFO  order-service-o.a.k.c.c.internals.ConsumerUtils.refreshCommittedOffsets - Setting offset for partition order-status-updated-0 to the committed offset FetchPosition{offset=0, offsetEpoch=Optional.empty, currentLeader=LeaderAndEpoch{leader=Optional[localhost:9092 (id: 1 rack: null isFenced: false)], epoch=0}}
12-08-2026 17:54:08.519 [org.springframework.kafka.KafkaListenerEndpointContainer#0-0-C-1] [-] INFO  order-service-o.s.k.l.KafkaMessageListenerContainer.info - order-service: partitions assigned: [order-status-updated-0, order-status-updated-1, order-status-updated-2]
12-08-2026 17:58:00.018 [org.springframework.kafka.KafkaListenerEndpointContainer#0-0-C-1] [-] INFO  order-service-o.a.k.c.c.i.ClassicKafkaConsumer.seek - [Consumer clientId=consumer-order-service-1, groupId=order-service] Seeking to offset 0 for partition order-status-updated-0
12-08-2026 17:58:00.019 [org.springframework.kafka.KafkaListenerEndpointContainer#0-0-C-1] [-] INFO  order-service-o.s.k.l.KafkaMessageListenerContainer.info - Record in retry and not yet recovered
12-08-2026 17:58:00.290 [org.springframework.kafka.KafkaListenerEndpointContainer#0-0-C-1] [-] INFO  order-service-o.a.k.c.c.i.ClassicKafkaConsumer.seek - [Consumer clientId=consumer-order-service-1, groupId=order-service] Seeking to offset 0 for partition order-status-updated-0
12-08-2026 17:58:00.290 [org.springframework.kafka.KafkaListenerEndpointContainer#0-0-C-1] [-] INFO  order-service-o.s.k.l.KafkaMessageListenerContainer.info - Record in retry and not yet recovered
12-08-2026 17:58:00.794 [org.springframework.kafka.KafkaListenerEndpointContainer#0-0-C-1] [-] INFO  order-service-o.a.k.c.c.i.ClassicKafkaConsumer.seek - [Consumer clientId=consumer-order-service-1, groupId=order-service] Seeking to offset 0 for partition order-status-updated-0
12-08-2026 17:58:00.794 [org.springframework.kafka.KafkaListenerEndpointContainer#0-0-C-1] [-] INFO  order-service-o.s.k.l.KafkaMessageListenerContainer.info - Record in retry and not yet recovered
12-08-2026 17:58:01.300 [org.springframework.kafka.KafkaListenerEndpointContainer#0-0-C-1] [-] INFO  order-service-o.a.k.c.c.i.ClassicKafkaConsumer.seek - [Consumer clientId=consumer-order-service-1, groupId=order-service] Seeking to offset 0 for partition order-status-updated-0
12-08-2026 17:58:01.300 [org.springframework.kafka.KafkaListenerEndpointContainer#0-0-C-1] [-] INFO  order-service-o.s.k.l.KafkaMessageListenerContainer.info - Record in retry and not yet recovered
12-08-2026 17:58:01.803 [org.springframework.kafka.KafkaListenerEndpointContainer#0-0-C-1] [-] INFO  order-service-o.a.k.c.c.i.ClassicKafkaConsumer.seek - [Consumer clientId=consumer-order-service-1, groupId=order-service] Seeking to offset 0 for partition order-status-updated-0
12-08-2026 17:58:01.803 [org.springframework.kafka.KafkaListenerEndpointContainer#0-0-C-1] [-] INFO  order-service-o.s.k.l.KafkaMessageListenerContainer.info - Record in retry and not yet recovered
12-08-2026 17:58:02.310 [org.springframework.kafka.KafkaListenerEndpointContainer#0-0-C-1] [-] INFO  order-service-o.a.k.c.c.i.ClassicKafkaConsumer.seek - [Consumer clientId=consumer-order-service-1, groupId=order-service] Seeking to offset 0 for partition order-status-updated-0
12-08-2026 17:58:02.310 [org.springframework.kafka.KafkaListenerEndpointContainer#0-0-C-1] [-] INFO  order-service-o.s.k.l.KafkaMessageListenerContainer.info - Record in retry and not yet recovered
12-08-2026 17:58:02.820 [org.springframework.kafka.KafkaListenerEndpointContainer#0-0-C-1] [-] INFO  order-service-o.a.k.c.c.i.ClassicKafkaConsumer.seek - [Consumer clientId=consumer-order-service-1, groupId=order-service] Seeking to offset 0 for partition order-status-updated-0
12-08-2026 17:58:02.820 [org.springframework.kafka.KafkaListenerEndpointContainer#0-0-C-1] [-] INFO  order-service-o.s.k.l.KafkaMessageListenerContainer.info - Record in retry and not yet recovered
12-08-2026 17:58:03.325 [org.springframework.kafka.KafkaListenerEndpointContainer#0-0-C-1] [-] INFO  order-service-o.a.k.c.c.i.ClassicKafkaConsumer.seek - [Consumer clientId=consumer-order-service-1, groupId=order-service] Seeking to offset 0 for partition order-status-updated-0
12-08-2026 17:58:03.325 [org.springframework.kafka.KafkaListenerEndpointContainer#0-0-C-1] [-] INFO  order-service-o.s.k.l.KafkaMessageListenerContainer.info - Record in retry and not yet recovered
12-08-2026 17:58:03.834 [org.springframework.kafka.KafkaListenerEndpointContainer#0-0-C-1] [-] INFO  order-service-o.a.k.c.c.i.ClassicKafkaConsumer.seek - [Consumer clientId=consumer-order-service-1, groupId=order-service] Seeking to offset 0 for partition order-status-updated-0
12-08-2026 17:58:03.834 [org.springframework.kafka.KafkaListenerEndpointContainer#0-0-C-1] [-] INFO  order-service-o.s.k.l.KafkaMessageListenerContainer.info - Record in retry and not yet recovered
12-08-2026 17:58:04.336 [org.springframework.kafka.KafkaListenerEndpointContainer#0-0-C-1] [-] ERROR order-service-o.s.k.listener.DefaultErrorHandler.error - Backoff FixedBackOffExecution[interval=0, currentAttempts=10, maxAttempts=9] exhausted for order-status-updated-0@0
org.springframework.kafka.listener.ListenerExecutionFailedException: Listener method 'public void com.nithin.order_service.consumer.OrdersStatusConsumer.consumeOrderStatus(org.apache.kafka.clients.consumer.ConsumerRecord<java.lang.Long, java.util.Map<java.lang.String, java.lang.Object>>)' threw exception
	at org.springframework.kafka.listener.KafkaMessageListenerContainer$ListenerConsumer.decorateException(KafkaMessageListenerContainer.java:3160)
	at org.springframework.kafka.listener.KafkaMessageListenerContainer$ListenerConsumer.doInvokeOnMessage(KafkaMessageListenerContainer.java:3031)
	at org.springframework.kafka.listener.KafkaMessageListenerContainer$ListenerConsumer.invokeOnMessage(KafkaMessageListenerContainer.java:2997)
	at org.springframework.kafka.listener.KafkaMessageListenerContainer$ListenerConsumer.doInvokeRecordListener(KafkaMessageListenerContainer.java:2907)
	at org.springframework.kafka.listener.KafkaMessageListenerContainer$ListenerConsumer.doInvokeWithRecords(KafkaMessageListenerContainer.java:2749)
	at org.springframework.kafka.listener.KafkaMessageListenerContainer$ListenerConsumer.invokeRecordListener(KafkaMessageListenerContainer.java:2643)
	at org.springframework.kafka.listener.KafkaMessageListenerContainer$ListenerConsumer.invokeListener(KafkaMessageListenerContainer.java:2274)
	at org.springframework.kafka.listener.KafkaMessageListenerContainer$ListenerConsumer.invokeIfHaveRecords(KafkaMessageListenerContainer.java:1572)
	at org.springframework.kafka.listener.KafkaMessageListenerContainer$ListenerConsumer.pollAndInvoke(KafkaMessageListenerContainer.java:1504)
	at org.springframework.kafka.listener.KafkaMessageListenerContainer$ListenerConsumer.run(KafkaMessageListenerContainer.java:1373)
	at java.base/java.util.concurrent.CompletableFuture$AsyncRun.run$$$capture(CompletableFuture.java:1825)
	at java.base/java.util.concurrent.CompletableFuture$AsyncRun.run(CompletableFuture.java)
	at java.base/java.lang.Thread.run(Thread.java:1474)
	Suppressed: org.springframework.kafka.listener.ListenerExecutionFailedException: Restored Stack Trace
		at org.springframework.kafka.listener.adapter.MessagingMessageListenerAdapter.invokeHandler(MessagingMessageListenerAdapter.java:514)
		at org.springframework.kafka.listener.adapter.MessagingMessageListenerAdapter.invoke(MessagingMessageListenerAdapter.java:426)
		at org.springframework.kafka.listener.adapter.RecordMessagingMessageListenerAdapter.onMessage(RecordMessagingMessageListenerAdapter.java:92)
		at org.springframework.kafka.listener.adapter.RecordMessagingMessageListenerAdapter.onMessage(RecordMessagingMessageListenerAdapter.java:52)
		at org.springframework.kafka.listener.KafkaMessageListenerContainer$ListenerConsumer.doInvokeOnMessage(KafkaMessageListenerContainer.java:3018)
Caused by: java.lang.RuntimeException: order not found
	at com.nithin.order_service.consumer.OrdersStatusConsumer.lambda$consumeOrderStatus$0(OrdersStatusConsumer.java:25)
	at java.base/java.util.Optional.orElseThrow(Optional.java:403)
	at com.nithin.order_service.consumer.OrdersStatusConsumer.consumeOrderStatus(OrdersStatusConsumer.java:25)
	at java.base/jdk.internal.reflect.DirectMethodHandleAccessor.invoke(DirectMethodHandleAccessor.java:104)
	at java.base/java.lang.reflect.Method.invoke(Method.java:565)
	at org.springframework.aop.support.AopUtils.invokeJoinpointUsingReflection(AopUtils.java:359)
	at org.springframework.aop.framework.ReflectiveMethodInvocation.invokeJoinpoint(ReflectiveMethodInvocation.java:190)
	at org.springframework.aop.framework.ReflectiveMethodInvocation.proceed(ReflectiveMethodInvocation.java:158)
	at org.springframework.transaction.interceptor.TransactionInterceptor$1.proceedWithInvocation(TransactionInterceptor.java:133)
	at org.springframework.transaction.interceptor.TransactionAspectSupport.invokeWithinTransaction(TransactionAspectSupport.java:371)
	at org.springframework.transaction.interceptor.TransactionInterceptor.invoke(TransactionInterceptor.java:130)
	at org.springframework.aop.framework.ReflectiveMethodInvocation.proceed(ReflectiveMethodInvocation.java:179)
	at org.springframework.aop.framework.CglibAopProxy$DynamicAdvisedInterceptor.intercept(CglibAopProxy.java:719)
	at com.nithin.order_service.consumer.OrdersStatusConsumer$$SpringCGLIB$$0.consumeOrderStatus(<generated>)
	at java.base/jdk.internal.reflect.DirectMethodHandleAccessor.invoke(DirectMethodHandleAccessor.java:104)
	at java.base/java.lang.reflect.Method.invoke(Method.java:565)
	at org.springframework.messaging.handler.invocation.InvocableHandlerMethod.doInvoke(InvocableHandlerMethod.java:168)
	at org.springframework.kafka.listener.adapter.KotlinAwareInvocableHandlerMethod.doInvoke(KotlinAwareInvocableHandlerMethod.java:48)
	at org.springframework.messaging.handler.invocation.InvocableHandlerMethod.invoke(InvocableHandlerMethod.java:119)
	at org.springframework.kafka.listener.adapter.HandlerAdapter.invoke(HandlerAdapter.java:80)
	at org.springframework.kafka.listener.adapter.MessagingMessageListenerAdapter.invokeHandler(MessagingMessageListenerAdapter.java:489)
	at org.springframework.kafka.listener.adapter.MessagingMessageListenerAdapter.invoke(MessagingMessageListenerAdapter.java:426)
	at org.springframework.kafka.listener.adapter.RecordMessagingMessageListenerAdapter.onMessage(RecordMessagingMessageListenerAdapter.java:92)
	at org.springframework.kafka.listener.adapter.RecordMessagingMessageListenerAdapter.onMessage(RecordMessagingMessageListenerAdapter.java:52)
	at org.springframework.kafka.listener.KafkaMessageListenerContainer$ListenerConsumer.doInvokeOnMessage(KafkaMessageListenerContainer.java:3018)
	... 11 common frames omitted
12-08-2026 17:59:03.416 [org.springframework.kafka.KafkaListenerEndpointContainer#0-0-C-1] [-] INFO  order-service-o.a.k.c.c.i.ClassicKafkaConsumer.seek - [Consumer clientId=consumer-order-service-1, groupId=order-service] Seeking to offset 1 for partition order-status-updated-0
12-08-2026 17:59:03.416 [org.springframework.kafka.KafkaListenerEndpointContainer#0-0-C-1] [-] INFO  order-service-o.s.k.l.KafkaMessageListenerContainer.info - Record in retry and not yet recovered
12-08-2026 17:59:03.939 [org.springframework.kafka.KafkaListenerEndpointContainer#0-0-C-1] [-] INFO  order-service-o.a.k.c.c.i.ClassicKafkaConsumer.seek - [Consumer clientId=consumer-order-service-1, groupId=order-service] Seeking to offset 1 for partition order-status-updated-0
12-08-2026 17:59:03.939 [org.springframework.kafka.KafkaListenerEndpointContainer#0-0-C-1] [-] INFO  order-service-o.s.k.l.KafkaMessageListenerContainer.info - Record in retry and not yet recovered
12-08-2026 17:59:04.449 [org.springframework.kafka.KafkaListenerEndpointContainer#0-0-C-1] [-] INFO  order-service-o.a.k.c.c.i.ClassicKafkaConsumer.seek - [Consumer clientId=consumer-order-service-1, groupId=order-service] Seeking to offset 1 for partition order-status-updated-0
12-08-2026 17:59:04.450 [org.springframework.kafka.KafkaListenerEndpointContainer#0-0-C-1] [-] INFO  order-service-o.s.k.l.KafkaMessageListenerContainer.info - Record in retry and not yet recovered
12-08-2026 17:59:04.956 [org.springframework.kafka.KafkaListenerEndpointContainer#0-0-C-1] [-] INFO  order-service-o.a.k.c.c.i.ClassicKafkaConsumer.seek - [Consumer clientId=consumer-order-service-1, groupId=order-service] Seeking to offset 1 for partition order-status-updated-0
12-08-2026 17:59:04.956 [org.springframework.kafka.KafkaListenerEndpointContainer#0-0-C-1] [-] INFO  order-service-o.s.k.l.KafkaMessageListenerContainer.info - Record in retry and not yet recovered
12-08-2026 17:59:05.107 [SpringApplicationShutdownHook] [-] INFO  order-service-o.s.c.n.e.s.EurekaServiceRegistry.deregister - Unregistering application ORDER-SERVICE with eureka with status DOWN
12-08-2026 17:59:05.107 [SpringApplicationShutdownHook] [-] INFO  order-service-c.netflix.discovery.DiscoveryClient.notify - Saw local status change event StatusChangeEvent [timestamp=1786537745107, current=DOWN, previous=UP]
12-08-2026 17:59:05.108 [DiscoveryClient-InstanceInfoReplicator-%d] [-] INFO  order-service-c.netflix.discovery.DiscoveryClient.register - DiscoveryClient_ORDER-SERVICE/DESKTOP-5CC3FG7.mshome.net:order-service:9040: registering service...
12-08-2026 17:59:05.115 [DiscoveryClient-InstanceInfoReplicator-%d] [-] INFO  order-service-c.netflix.discovery.DiscoveryClient.register - DiscoveryClient_ORDER-SERVICE/DESKTOP-5CC3FG7.mshome.net:order-service:9040 - registration status: 204
12-08-2026 17:59:05.118 [org.springframework.kafka.KafkaListenerEndpointContainer#0-0-C-1] [-] INFO  order-service-o.a.k.c.c.i.ConsumerRebalanceListenerInvoker.invokePartitionsRevoked - [Consumer clientId=consumer-order-service-1, groupId=order-service] Revoke previously assigned partitions [order-status-updated-0, order-status-updated-1, order-status-updated-2]
12-08-2026 17:59:05.118 [org.springframework.kafka.KafkaListenerEndpointContainer#0-0-C-1] [-] INFO  order-service-o.s.k.l.KafkaMessageListenerContainer.info - order-service: partitions revoked: [order-status-updated-0, order-status-updated-1, order-status-updated-2]
12-08-2026 17:59:05.121 [org.springframework.kafka.KafkaListenerEndpointContainer#0-0-C-1] [-] INFO  order-service-o.a.k.c.c.i.ConsumerCoordinator.maybeLeaveGroup - [Consumer clientId=consumer-order-service-1, groupId=order-service] Member consumer-order-service-1-63e6a102-9c0f-4265-a6aa-ce243b4bf514 sending LeaveGroup request to coordinator localhost:9092 (id: 2147483646 rack: null isFenced: false) due to the consumer unsubscribed from all topics
12-08-2026 17:59:05.122 [org.springframework.kafka.KafkaListenerEndpointContainer#0-0-C-1] [-] INFO  order-service-o.a.k.c.c.i.ConsumerCoordinator.resetStateAndGeneration - [Consumer clientId=consumer-order-service-1, groupId=order-service] Resetting generation and member id due to: consumer pro-actively leaving the group
12-08-2026 17:59:05.123 [org.springframework.kafka.KafkaListenerEndpointContainer#0-0-C-1] [-] INFO  order-service-o.a.k.c.c.i.ConsumerCoordinator.requestRejoin - [Consumer clientId=consumer-order-service-1, groupId=order-service] Request joining group due to: consumer pro-actively leaving the group
12-08-2026 17:59:05.123 [org.springframework.kafka.KafkaListenerEndpointContainer#0-0-C-1] [-] INFO  order-service-o.a.k.c.c.i.ClassicKafkaConsumer.unsubscribe - [Consumer clientId=consumer-order-service-1, groupId=order-service] Unsubscribed all topics or patterns and assigned partitions
12-08-2026 17:59:05.127 [org.springframework.kafka.KafkaListenerEndpointContainer#0-0-C-1] [-] INFO  order-service-o.a.k.c.c.i.ConsumerCoordinator.resetStateAndGeneration - [Consumer clientId=consumer-order-service-1, groupId=order-service] Resetting generation and member id due to: consumer pro-actively leaving the group
12-08-2026 17:59:05.127 [org.springframework.kafka.KafkaListenerEndpointContainer#0-0-C-1] [-] INFO  order-service-o.a.k.c.c.i.ConsumerCoordinator.requestRejoin - [Consumer clientId=consumer-order-service-1, groupId=order-service] Request joining group due to: consumer pro-actively leaving the group
12-08-2026 17:59:05.443 [org.springframework.kafka.KafkaListenerEndpointContainer#0-0-C-1] [-] INFO  order-service-o.a.kafka.common.metrics.Metrics.close - Metrics scheduler closed
12-08-2026 17:59:05.444 [org.springframework.kafka.KafkaListenerEndpointContainer#0-0-C-1] [-] INFO  order-service-o.a.kafka.common.metrics.Metrics.close - Closing reporter org.apache.kafka.common.metrics.JmxReporter
12-08-2026 17:59:05.444 [org.springframework.kafka.KafkaListenerEndpointContainer#0-0-C-1] [-] INFO  order-service-o.a.kafka.common.metrics.Metrics.close - Closing reporter org.apache.kafka.common.telemetry.internals.ClientTelemetryReporter
12-08-2026 17:59:05.445 [org.springframework.kafka.KafkaListenerEndpointContainer#0-0-C-1] [-] INFO  order-service-o.a.kafka.common.metrics.Metrics.close - Metrics reporters closed
12-08-2026 17:59:05.454 [org.springframework.kafka.KafkaListenerEndpointContainer#0-0-C-1] [-] INFO  order-service-o.a.kafka.common.utils.AppInfoParser.unregisterAppInfo - App info kafka.consumer for consumer-order-service-1 unregistered
12-08-2026 17:59:05.456 [org.springframework.kafka.KafkaListenerEndpointContainer#0-0-C-1] [-] INFO  order-service-o.s.k.l.KafkaMessageListenerContainer.info - order-service: Consumer stopped
12-08-2026 17:59:05.459 [SpringApplicationShutdownHook] [-] INFO  order-service-o.s.boot.tomcat.GracefulShutdown.shutDownGracefully - Commencing graceful shutdown. Waiting for active requests to complete
12-08-2026 17:59:05.473 [tomcat-shutdown] [-] INFO  order-service-o.s.boot.tomcat.GracefulShutdown.doShutdown - Graceful shutdown complete
12-08-2026 17:59:05.498 [SpringApplicationShutdownHook] [-] INFO  order-service-o.s.o.j.LocalContainerEntityManagerFactoryBean.destroy - Closing JPA EntityManagerFactory for persistence unit 'default'
12-08-2026 17:59:05.503 [SpringApplicationShutdownHook] [-] INFO  order-service-com.zaxxer.hikari.HikariDataSource.close - HikariPool-1 - Shutdown initiated...
12-08-2026 17:59:05.517 [SpringApplicationShutdownHook] [-] INFO  order-service-com.zaxxer.hikari.HikariDataSource.close - HikariPool-1 - Shutdown completed.
12-08-2026 17:59:06.524 [SpringApplicationShutdownHook] [-] INFO  order-service-c.netflix.discovery.DiscoveryClient.shutdown - Shutting down DiscoveryClient ...
12-08-2026 17:59:07.703 [AsyncResolver-bootstrap-executor-%d] [-] INFO  order-service-c.n.d.s.r.aws.ConfigClusterResolver.getClusterEndpoints - Resolving eureka endpoints via configuration
12-08-2026 17:59:09.544 [DiscoveryClient-%d] [-] WARN  order-service-c.n.discovery.TimedSupervisorTask.run - task supervisor shutting down, can't accept the task
12-08-2026 17:59:09.544 [SpringApplicationShutdownHook] [-] INFO  order-service-c.netflix.discovery.DiscoveryClient.unregister - Unregistering ...
12-08-2026 17:59:09.555 [SpringApplicationShutdownHook] [-] INFO  order-service-c.netflix.discovery.DiscoveryClient.unregister - DiscoveryClient_ORDER-SERVICE/DESKTOP-5CC3FG7.mshome.net:order-service:9040 - deregister  status: 200
12-08-2026 17:59:09.557 [SpringApplicationShutdownHook] [-] INFO  order-service-c.netflix.discovery.DiscoveryClient.shutdown - Completed shut down of DiscoveryClient
12-08-2026 18:02:40.115 [main] [-] INFO  order-service-c.n.o.OrderServiceApplication.logStarting - Starting OrderServiceApplication using Java 25.0.3 with PID 24580 (C:\Users\Admin\Documents\SpringBoot_learnings\eCommerce\order-service\target\classes started by Admin in C:\Users\Admin\Documents\SpringBoot_learnings\eCommerce)
12-08-2026 18:02:40.119 [main] [-] INFO  order-service-c.n.o.OrderServiceApplication.logStartupProfileInfo - The following 1 profile is active: "dev"
12-08-2026 18:02:40.173 [main] [-] INFO  order-service-o.s.c.c.c.ConfigServerConfigDataLoader.log - Fetching config from server at : http://localhost:8888
12-08-2026 18:02:40.173 [main] [-] INFO  order-service-o.s.c.c.c.ConfigServerConfigDataLoader.log - Located environment: name=order-service, profiles=[default], label=null, version=0ea68e7bd44f5a1fe092f8c5aa4a27ddfcec0fa8, state=
12-08-2026 18:02:40.175 [main] [-] INFO  order-service-o.s.c.c.c.ConfigServerConfigDataLoader.log - Fetching config from server at : http://localhost:8888
12-08-2026 18:02:40.176 [main] [-] INFO  order-service-o.s.c.c.c.ConfigServerConfigDataLoader.log - Located environment: name=order-service, profiles=[dev], label=null, version=0ea68e7bd44f5a1fe092f8c5aa4a27ddfcec0fa8, state=
12-08-2026 18:02:41.601 [main] [-] INFO  order-service-o.s.d.r.c.RepositoryConfigurationDelegate.registerRepositoriesIn - Bootstrapping Spring Data JPA repositories in DEFAULT mode.
12-08-2026 18:02:41.805 [main] [-] INFO  order-service-o.s.d.r.c.RepositoryConfigurationDelegate.registerRepositoriesIn - Finished Spring Data repository scanning in 185 ms. Found 1 JPA repository interface.
12-08-2026 18:02:42.521 [main] [-] INFO  order-service-o.s.cloud.context.scope.GenericScope.setSerializationId - BeanFactory id=bc090770-d138-3a38-8d80-97d0ddd81a15
12-08-2026 18:02:43.428 [main] [-] INFO  order-service-o.s.boot.tomcat.TomcatWebServer.initialize - Tomcat initialized with port 9040 (http)
12-08-2026 18:02:43.446 [main] [-] INFO  order-service-o.a.coyote.http11.Http11NioProtocol.log - Initializing ProtocolHandler ["http-nio-9040"]
12-08-2026 18:02:43.450 [main] [-] INFO  order-service-o.a.catalina.core.StandardService.log - Starting service [Tomcat]
12-08-2026 18:02:43.450 [main] [-] INFO  order-service-o.a.catalina.core.StandardEngine.log - Starting Servlet engine: [Apache Tomcat/11.0.22]
12-08-2026 18:02:43.563 [main] [-] INFO  order-service-o.s.b.w.c.s.WebApplicationContextInitializer.prepareWebApplicationContext - Root WebApplicationContext: initialization completed in 3383 ms
12-08-2026 18:02:44.560 [main] [-] INFO  order-service-org.hibernate.orm.jpa.logPersistenceUnitInformation - HHH008540: Processing PersistenceUnitInfo [name: default]
12-08-2026 18:02:44.630 [main] [-] INFO  order-service-org.hibernate.orm.core.logVersion - HHH000001: Hibernate ORM core version 7.4.1.Final
12-08-2026 18:02:45.167 [main] [-] INFO  order-service-o.s.o.j.p.SpringPersistenceUnitInfo.addTransformer - No LoadTimeWeaver setup: ignoring JPA class transformer
12-08-2026 18:02:45.212 [main] [-] INFO  order-service-com.zaxxer.hikari.HikariDataSource.getConnection - HikariPool-1 - Starting...
12-08-2026 18:02:45.434 [main] [-] INFO  order-service-com.zaxxer.hikari.pool.HikariPool.checkFailFast - HikariPool-1 - Added connection com.mysql.cj.jdbc.ConnectionImpl@7200702
12-08-2026 18:02:45.436 [main] [-] INFO  order-service-com.zaxxer.hikari.HikariDataSource.getConnection - HikariPool-1 - Start completed.
12-08-2026 18:02:45.569 [main] [-] INFO  order-service-o.hibernate.orm.connections.pooling.logConnectionInfo - HHH10001005: Database info:
	Database JDBC URL [jdbc:mysql://localhost:3306/ordersdb?useSSL=false]
	Database driver: MySQL Connector/J
	Database dialect: MySQLDialect
	Database version: 8.0.46
	Default catalog/schema: ordersdb/undefined
	Autocommit mode: undefined/unknown
	Isolation level: REPEATABLE_READ [default REPEATABLE_READ]
	JDBC fetch size: none
	Pool: DataSourceConnectionProvider
	Minimum pool size: undefined/unknown
	Maximum pool size: undefined/unknown
12-08-2026 18:02:46.881 [main] [-] INFO  order-service-org.hibernate.orm.core.initiateService - HHH000489: No JTA platform available (set 'hibernate.transaction.jta.platform' to enable JTA platform integration)
12-08-2026 18:02:47.505 [main] [-] INFO  order-service-o.s.o.j.LocalContainerEntityManagerFactoryBean.buildNativeEntityManagerFactory - Initialized JPA EntityManagerFactory for persistence unit 'default'
12-08-2026 18:02:47.842 [main] [-] INFO  order-service-o.s.d.j.r.q.QueryEnhancerFactories.<clinit> - Hibernate is in classpath; If applicable, HQL parser will be used.
12-08-2026 18:02:48.213 [main] [-] WARN  order-service-o.s.b.j.a.JpaBaseConfiguration$JpaWebConfiguration.openEntityManagerInViewInterceptor - spring.jpa.open-in-view is enabled by default. Therefore, database queries may be performed during view rendering. Explicitly configure spring.jpa.open-in-view to disable this warning
12-08-2026 18:02:48.387 [main] [-] INFO  order-service-o.s.c.o.FeignClientFactoryBean.getTarget - For 'inventory-service' URL not provided. Will try picking an instance via load-balancing.
12-08-2026 18:02:48.523 [main] [-] INFO  order-service-o.s.c.o.FeignClientFactoryBean.getTarget - For 'shipping-service' URL not provided. Will try picking an instance via load-balancing.
12-08-2026 18:02:50.965 [main] [-] INFO  order-service-o.s.c.n.e.c.DiscoveryClientOptionalArgsConfiguration.restClientDiscoveryClientOptionalArgs - Eureka HTTP Client uses RestClient.
12-08-2026 18:02:51.033 [main] [-] WARN  order-service-o.s.c.l.c.LoadBalancerCacheAutoConfiguration$LoadBalancerCaffeineWarnLogger.afterPropertiesSet - Spring Cloud LoadBalancer is currently working with the default cache. While this cache implementation is useful for development and tests, it's recommended to use Caffeine cache in production.You can switch to using Caffeine cache, by adding it and org.springframework.cache.caffeine.CaffeineCacheManager to the classpath.
12-08-2026 18:02:51.070 [main] [-] INFO  order-service-o.s.b.a.e.web.EndpointLinksResolver.<init> - Exposing 26 endpoints beneath base path '/actuator'
12-08-2026 18:02:51.241 [main] [-] INFO  order-service-o.a.k.common.config.AbstractConfig.logAll - AdminClientConfig values: 
	bootstrap.controllers = []
	bootstrap.servers = [localhost:9092]
	client.dns.lookup = use_all_dns_ips
	client.id = order-service-admin-0
	config.providers = []
	connections.max.idle.ms = 300000
	default.api.timeout.ms = 60000
	enable.metrics.push = false
	metadata.max.age.ms = 300000
	metadata.recovery.rebootstrap.trigger.ms = 300000
	metadata.recovery.strategy = rebootstrap
	metric.reporters = [org.apache.kafka.common.metrics.JmxReporter]
	metrics.num.samples = 2
	metrics.recording.level = INFO
	metrics.sample.window.ms = 30000
	receive.buffer.bytes = 65536
	reconnect.backoff.max.ms = 1000
	reconnect.backoff.ms = 50
	request.timeout.ms = 30000
	retries = 2147483647
	retry.backoff.max.ms = 1000
	retry.backoff.ms = 100
	sasl.client.callback.handler.class = null
	sasl.jaas.config = null
	sasl.kerberos.kinit.cmd = /usr/bin/kinit
	sasl.kerberos.min.time.before.relogin = 60000
	sasl.kerberos.service.name = null
	sasl.kerberos.ticket.renew.jitter = 0.05
	sasl.kerberos.ticket.renew.window.factor = 0.8
	sasl.login.callback.handler.class = null
	sasl.login.class = null
	sasl.login.connect.timeout.ms = null
	sasl.login.read.timeout.ms = null
	sasl.login.refresh.buffer.seconds = 300
	sasl.login.refresh.min.period.seconds = 60
	sasl.login.refresh.window.factor = 0.8
	sasl.login.refresh.window.jitter = 0.05
	sasl.login.retry.backoff.max.ms = 10000
	sasl.login.retry.backoff.ms = 100
	sasl.mechanism = GSSAPI
	sasl.oauthbearer.assertion.algorithm = RS256
	sasl.oauthbearer.assertion.claim.aud = null
	sasl.oauthbearer.assertion.claim.exp.seconds = 300
	sasl.oauthbearer.assertion.claim.iss = null
	sasl.oauthbearer.assertion.claim.jti.include = false
	sasl.oauthbearer.assertion.claim.nbf.seconds = 60
	sasl.oauthbearer.assertion.claim.sub = null
	sasl.oauthbearer.assertion.file = null
	sasl.oauthbearer.assertion.private.key.file = null
	sasl.oauthbearer.assertion.private.key.passphrase = null
	sasl.oauthbearer.assertion.template.file = null
	sasl.oauthbearer.client.credentials.client.id = null
	sasl.oauthbearer.client.credentials.client.secret = null
	sasl.oauthbearer.clock.skew.seconds = 30
	sasl.oauthbearer.expected.audience = []
	sasl.oauthbearer.expected.issuer = null
	sasl.oauthbearer.header.urlencode = false
	sasl.oauthbearer.jwks.endpoint.refresh.ms = 3600000
	sasl.oauthbearer.jwks.endpoint.retry.backoff.max.ms = 10000
	sasl.oauthbearer.jwks.endpoint.retry.backoff.ms = 100
	sasl.oauthbearer.jwks.endpoint.url = null
	sasl.oauthbearer.jwt.retriever.class = class org.apache.kafka.common.security.oauthbearer.DefaultJwtRetriever
	sasl.oauthbearer.jwt.validator.class = class org.apache.kafka.common.security.oauthbearer.DefaultJwtValidator
	sasl.oauthbearer.scope = null
	sasl.oauthbearer.scope.claim.name = scope
	sasl.oauthbearer.sub.claim.name = sub
	sasl.oauthbearer.token.endpoint.url = null
	security.protocol = PLAINTEXT
	security.providers = null
	send.buffer.bytes = 131072
	socket.connection.setup.timeout.max.ms = 30000
	socket.connection.setup.timeout.ms = 10000
	ssl.cipher.suites = []
	ssl.enabled.protocols = [TLSv1.2, TLSv1.3]
	ssl.endpoint.identification.algorithm = https
	ssl.engine.factory.class = null
	ssl.key.password = null
	ssl.keymanager.algorithm = SunX509
	ssl.keystore.certificate.chain = null
	ssl.keystore.key = null
	ssl.keystore.location = null
	ssl.keystore.password = null
	ssl.keystore.type = JKS
	ssl.protocol = TLSv1.3
	ssl.provider = null
	ssl.secure.random.implementation = null
	ssl.trustmanager.algorithm = PKIX
	ssl.truststore.certificates = null
	ssl.truststore.location = null
	ssl.truststore.password = null
	ssl.truststore.type = JKS

12-08-2026 18:02:51.379 [main] [-] INFO  order-service-o.a.kafka.common.utils.AppInfoParser.<init> - Kafka version: 4.2.1
12-08-2026 18:02:51.380 [main] [-] INFO  order-service-o.a.kafka.common.utils.AppInfoParser.<init> - Kafka commitId: 92f61c44867f39dc
12-08-2026 18:02:51.380 [main] [-] INFO  order-service-o.a.kafka.common.utils.AppInfoParser.<init> - Kafka startTimeMs: 1786537971378
12-08-2026 18:02:51.923 [main] [-] INFO  order-service-o.a.kafka.common.metrics.Metrics.close - Metrics scheduler closed
12-08-2026 18:02:51.924 [main] [-] INFO  order-service-o.a.kafka.common.metrics.Metrics.close - Closing reporter org.apache.kafka.common.metrics.JmxReporter
12-08-2026 18:02:51.924 [main] [-] INFO  order-service-o.a.kafka.common.metrics.Metrics.close - Metrics reporters closed
12-08-2026 18:02:51.925 [kafka-admin-client-thread | order-service-admin-0] [-] INFO  order-service-o.a.kafka.common.utils.AppInfoParser.unregisterAppInfo - App info kafka.admin.client for order-service-admin-0 unregistered
12-08-2026 18:02:51.933 [kafka-admin-client-thread | order-service-admin-0] [-] INFO  order-service-o.a.kafka.common.metrics.Metrics.close - Metrics scheduler closed
12-08-2026 18:02:51.933 [kafka-admin-client-thread | order-service-admin-0] [-] INFO  order-service-o.a.kafka.common.metrics.Metrics.close - Closing reporter org.apache.kafka.common.metrics.JmxReporter
12-08-2026 18:02:51.933 [kafka-admin-client-thread | order-service-admin-0] [-] INFO  order-service-o.a.kafka.common.metrics.Metrics.close - Metrics reporters closed
12-08-2026 18:02:51.955 [main] [-] INFO  order-service-o.s.c.n.eureka.InstanceInfoFactory.create - Setting initial instance status as: STARTING
12-08-2026 18:02:51.986 [main] [-] INFO  order-service-c.netflix.discovery.DiscoveryClient.<init> - Initializing Eureka in region us-east-1
12-08-2026 18:02:51.989 [main] [-] INFO  order-service-c.n.d.s.r.aws.ConfigClusterResolver.getClusterEndpoints - Resolving eureka endpoints via configuration
12-08-2026 18:02:51.998 [main] [-] INFO  order-service-c.netflix.discovery.DiscoveryClient.fetchRegistry - Disable delta property : false
12-08-2026 18:02:51.999 [main] [-] INFO  order-service-c.netflix.discovery.DiscoveryClient.fetchRegistry - Single vip registry refresh property : null
12-08-2026 18:02:51.999 [main] [-] INFO  order-service-c.netflix.discovery.DiscoveryClient.fetchRegistry - Force full registry fetch : false
12-08-2026 18:02:51.999 [main] [-] INFO  order-service-c.netflix.discovery.DiscoveryClient.fetchRegistry - Application is null : false
12-08-2026 18:02:51.999 [main] [-] INFO  order-service-c.netflix.discovery.DiscoveryClient.fetchRegistry - Registered Applications size is zero : true
12-08-2026 18:02:51.999 [main] [-] INFO  order-service-c.netflix.discovery.DiscoveryClient.fetchRegistry - Application version is -1: true
12-08-2026 18:02:51.999 [main] [-] INFO  order-service-c.netflix.discovery.DiscoveryClient.getAndStoreFullRegistry - Getting all instance registry info from the eureka server
12-08-2026 18:02:52.378 [main] [-] INFO  order-service-c.netflix.discovery.DiscoveryClient.getAndStoreFullRegistry - The response status is 200
12-08-2026 18:02:52.380 [main] [-] INFO  order-service-c.netflix.discovery.DiscoveryClient.initScheduledTasks - Starting heartbeat executor: renew interval is: 30
12-08-2026 18:02:52.383 [main] [-] INFO  order-service-c.n.discovery.InstanceInfoReplicator.<init> - InstanceInfoReplicator onDemand update allowed rate per min is 4
12-08-2026 18:02:52.386 [main] [-] INFO  order-service-c.netflix.discovery.DiscoveryClient.<init> - Discovery Client initialized at timestamp 1786537972385 with initial instances count: 2
12-08-2026 18:02:52.399 [main] [-] INFO  order-service-o.s.c.n.e.s.EurekaServiceRegistry.register - Registering application ORDER-SERVICE with eureka with status UP
12-08-2026 18:02:52.401 [main] [-] INFO  order-service-c.netflix.discovery.DiscoveryClient.notify - Saw local status change event StatusChangeEvent [timestamp=1786537972401, current=UP, previous=STARTING]
12-08-2026 18:02:52.402 [main] [-] INFO  order-service-o.a.coyote.http11.Http11NioProtocol.log - Starting ProtocolHandler ["http-nio-9040"]
12-08-2026 18:02:52.403 [DiscoveryClient-InstanceInfoReplicator-%d] [-] INFO  order-service-c.netflix.discovery.DiscoveryClient.register - DiscoveryClient_ORDER-SERVICE/DESKTOP-5CC3FG7.mshome.net:order-service:9040: registering service...
12-08-2026 18:02:52.416 [main] [-] INFO  order-service-o.s.boot.tomcat.TomcatWebServer.start - Tomcat started on port 9040 (http) with context path '/orders'
12-08-2026 18:02:52.417 [main] [-] INFO  order-service-o.s.c.n.e.s.EurekaAutoServiceRegistration.onApplicationEvent - Updating port to 9040
12-08-2026 18:02:52.451 [DiscoveryClient-InstanceInfoReplicator-%d] [-] INFO  order-service-c.netflix.discovery.DiscoveryClient.register - DiscoveryClient_ORDER-SERVICE/DESKTOP-5CC3FG7.mshome.net:order-service:9040 - registration status: 204
12-08-2026 18:02:52.458 [main] [-] INFO  order-service-o.a.k.common.config.AbstractConfig.logAll - ConsumerConfig values: 
	allow.auto.create.topics = true
	auto.commit.interval.ms = 5000
	auto.offset.reset = latest
	bootstrap.servers = [localhost:9092]
	check.crcs = true
	client.dns.lookup = use_all_dns_ips
	client.id = consumer-order-service-1
	client.rack = 
	config.providers = []
	connections.max.idle.ms = 540000
	default.api.timeout.ms = 60000
	enable.auto.commit = false
	enable.metrics.push = true
	exclude.internal.topics = true
	fetch.max.bytes = 52428800
	fetch.max.wait.ms = 500
	fetch.min.bytes = 1
	group.id = order-service
	group.instance.id = null
	group.protocol = classic
	group.remote.assignor = null
	heartbeat.interval.ms = 3000
	interceptor.classes = []
	internal.throw.on.fetch.stable.offset.unsupported = false
	isolation.level = read_uncommitted
	key.deserializer = class org.apache.kafka.common.serialization.LongDeserializer
	max.partition.fetch.bytes = 1048576
	max.poll.interval.ms = 300000
	max.poll.records = 500
	metadata.max.age.ms = 300000
	metadata.recovery.rebootstrap.trigger.ms = 300000
	metadata.recovery.strategy = rebootstrap
	metric.reporters = [org.apache.kafka.common.metrics.JmxReporter]
	metrics.num.samples = 2
	metrics.recording.level = INFO
	metrics.sample.window.ms = 30000
	partition.assignment.strategy = [class org.apache.kafka.clients.consumer.RangeAssignor, class org.apache.kafka.clients.consumer.CooperativeStickyAssignor]
	receive.buffer.bytes = 65536
	reconnect.backoff.max.ms = 1000
	reconnect.backoff.ms = 50
	request.timeout.ms = 30000
	retry.backoff.max.ms = 1000
	retry.backoff.ms = 100
	sasl.client.callback.handler.class = null
	sasl.jaas.config = null
	sasl.kerberos.kinit.cmd = /usr/bin/kinit
	sasl.kerberos.min.time.before.relogin = 60000
	sasl.kerberos.service.name = null
	sasl.kerberos.ticket.renew.jitter = 0.05
	sasl.kerberos.ticket.renew.window.factor = 0.8
	sasl.login.callback.handler.class = null
	sasl.login.class = null
	sasl.login.connect.timeout.ms = null
	sasl.login.read.timeout.ms = null
	sasl.login.refresh.buffer.seconds = 300
	sasl.login.refresh.min.period.seconds = 60
	sasl.login.refresh.window.factor = 0.8
	sasl.login.refresh.window.jitter = 0.05
	sasl.login.retry.backoff.max.ms = 10000
	sasl.login.retry.backoff.ms = 100
	sasl.mechanism = GSSAPI
	sasl.oauthbearer.assertion.algorithm = RS256
	sasl.oauthbearer.assertion.claim.aud = null
	sasl.oauthbearer.assertion.claim.exp.seconds = 300
	sasl.oauthbearer.assertion.claim.iss = null
	sasl.oauthbearer.assertion.claim.jti.include = false
	sasl.oauthbearer.assertion.claim.nbf.seconds = 60
	sasl.oauthbearer.assertion.claim.sub = null
	sasl.oauthbearer.assertion.file = null
	sasl.oauthbearer.assertion.private.key.file = null
	sasl.oauthbearer.assertion.private.key.passphrase = null
	sasl.oauthbearer.assertion.template.file = null
	sasl.oauthbearer.client.credentials.client.id = null
	sasl.oauthbearer.client.credentials.client.secret = null
	sasl.oauthbearer.clock.skew.seconds = 30
	sasl.oauthbearer.expected.audience = []
	sasl.oauthbearer.expected.issuer = null
	sasl.oauthbearer.header.urlencode = false
	sasl.oauthbearer.jwks.endpoint.refresh.ms = 3600000
	sasl.oauthbearer.jwks.endpoint.retry.backoff.max.ms = 10000
	sasl.oauthbearer.jwks.endpoint.retry.backoff.ms = 100
	sasl.oauthbearer.jwks.endpoint.url = null
	sasl.oauthbearer.jwt.retriever.class = class org.apache.kafka.common.security.oauthbearer.DefaultJwtRetriever
	sasl.oauthbearer.jwt.validator.class = class org.apache.kafka.common.security.oauthbearer.DefaultJwtValidator
	sasl.oauthbearer.scope = null
	sasl.oauthbearer.scope.claim.name = scope
	sasl.oauthbearer.sub.claim.name = sub
	sasl.oauthbearer.token.endpoint.url = null
	security.protocol = PLAINTEXT
	security.providers = null
	send.buffer.bytes = 131072
	session.timeout.ms = 45000
	share.acknowledgement.mode = implicit
	share.acquire.mode = BATCH_OPTIMIZED
	socket.connection.setup.timeout.max.ms = 30000
	socket.connection.setup.timeout.ms = 10000
	ssl.cipher.suites = []
	ssl.enabled.protocols = [TLSv1.2, TLSv1.3]
	ssl.endpoint.identification.algorithm = https
	ssl.engine.factory.class = null
	ssl.key.password = null
	ssl.keymanager.algorithm = SunX509
	ssl.keystore.certificate.chain = null
	ssl.keystore.key = null
	ssl.keystore.location = null
	ssl.keystore.password = null
	ssl.keystore.type = JKS
	ssl.protocol = TLSv1.3
	ssl.provider = null
	ssl.secure.random.implementation = null
	ssl.trustmanager.algorithm = PKIX
	ssl.truststore.certificates = null
	ssl.truststore.location = null
	ssl.truststore.password = null
	ssl.truststore.type = JKS
	value.deserializer = class org.springframework.kafka.support.serializer.JacksonJsonDeserializer

12-08-2026 18:02:52.508 [main] [-] INFO  order-service-o.a.k.c.t.i.KafkaMetricsCollector.init - initializing Kafka metrics collector
12-08-2026 18:02:52.593 [main] [-] INFO  order-service-o.a.kafka.common.utils.AppInfoParser.<init> - Kafka version: 4.2.1
12-08-2026 18:02:52.593 [main] [-] INFO  order-service-o.a.kafka.common.utils.AppInfoParser.<init> - Kafka commitId: 92f61c44867f39dc
12-08-2026 18:02:52.593 [main] [-] INFO  order-service-o.a.kafka.common.utils.AppInfoParser.<init> - Kafka startTimeMs: 1786537972593
12-08-2026 18:02:52.607 [main] [-] INFO  order-service-o.a.k.c.c.i.ClassicKafkaConsumer.subscribeInternal - [Consumer clientId=consumer-order-service-1, groupId=order-service] Subscribed to topic(s): order-status-updated
12-08-2026 18:02:52.645 [org.springframework.kafka.KafkaListenerEndpointContainer#0-0-C-1] [-] INFO  order-service-org.apache.kafka.clients.Metadata.update - [Consumer clientId=consumer-order-service-1, groupId=order-service] Cluster ID: MkU3OEVBNTcwNTJENDM2Qk
12-08-2026 18:02:52.647 [org.springframework.kafka.KafkaListenerEndpointContainer#0-0-C-1] [-] INFO  order-service-o.a.k.c.c.i.ConsumerCoordinator.onSuccess - [Consumer clientId=consumer-order-service-1, groupId=order-service] Discovered group coordinator localhost:9092 (id: 2147483646 rack: null isFenced: false)
12-08-2026 18:02:52.652 [org.springframework.kafka.KafkaListenerEndpointContainer#0-0-C-1] [-] INFO  order-service-o.a.k.c.c.i.ConsumerCoordinator.sendJoinGroupRequest - [Consumer clientId=consumer-order-service-1, groupId=order-service] (Re-)joining group
12-08-2026 18:02:52.653 [main] [-] INFO  order-service-c.n.o.OrderServiceApplication.logStarted - Started OrderServiceApplication in 16.886 seconds (process running for 17.927)
12-08-2026 18:02:52.679 [org.springframework.kafka.KafkaListenerEndpointContainer#0-0-C-1] [-] INFO  order-service-o.a.k.c.c.i.ConsumerCoordinator.requestRejoin - [Consumer clientId=consumer-order-service-1, groupId=order-service] Request joining group due to: need to re-join with the given member-id: consumer-order-service-1-4e1337a0-5a5b-40e5-8e3a-26f4162cde66
12-08-2026 18:02:52.679 [org.springframework.kafka.KafkaListenerEndpointContainer#0-0-C-1] [-] INFO  order-service-o.a.k.c.c.i.ConsumerCoordinator.sendJoinGroupRequest - [Consumer clientId=consumer-order-service-1, groupId=order-service] (Re-)joining group
12-08-2026 18:02:52.686 [org.springframework.kafka.KafkaListenerEndpointContainer#0-0-C-1] [-] INFO  order-service-o.a.k.c.c.i.ConsumerCoordinator.handle - [Consumer clientId=consumer-order-service-1, groupId=order-service] Successfully joined group with generation Generation{generationId=13, memberId='consumer-order-service-1-4e1337a0-5a5b-40e5-8e3a-26f4162cde66', protocol='range'}
12-08-2026 18:02:52.695 [org.springframework.kafka.KafkaListenerEndpointContainer#0-0-C-1] [-] INFO  order-service-o.a.k.c.c.i.ConsumerCoordinator.onLeaderElected - [Consumer clientId=consumer-order-service-1, groupId=order-service] Finished assignment for group at generation 13: {consumer-order-service-1-4e1337a0-5a5b-40e5-8e3a-26f4162cde66=Assignment(partitions=[order-status-updated-0, order-status-updated-1, order-status-updated-2])}
12-08-2026 18:02:52.704 [org.springframework.kafka.KafkaListenerEndpointContainer#0-0-C-1] [-] INFO  order-service-o.a.k.c.c.i.ConsumerCoordinator.handle - [Consumer clientId=consumer-order-service-1, groupId=order-service] Successfully synced group in generation Generation{generationId=13, memberId='consumer-order-service-1-4e1337a0-5a5b-40e5-8e3a-26f4162cde66', protocol='range'}
12-08-2026 18:02:52.706 [org.springframework.kafka.KafkaListenerEndpointContainer#0-0-C-1] [-] INFO  order-service-o.a.k.c.c.i.ConsumerCoordinator.invokeOnAssignment - [Consumer clientId=consumer-order-service-1, groupId=order-service] Notifying assignor about the new Assignment(partitions=[order-status-updated-0, order-status-updated-1, order-status-updated-2])
12-08-2026 18:02:52.708 [org.springframework.kafka.KafkaListenerEndpointContainer#0-0-C-1] [-] INFO  order-service-o.a.k.c.c.i.ConsumerRebalanceListenerInvoker.invokePartitionsAssigned - [Consumer clientId=consumer-order-service-1, groupId=order-service] Adding newly assigned partitions: [order-status-updated-0, order-status-updated-1, order-status-updated-2]
12-08-2026 18:02:52.722 [org.springframework.kafka.KafkaListenerEndpointContainer#0-0-C-1] [-] INFO  order-service-o.a.k.c.c.internals.ConsumerUtils.refreshCommittedOffsets - Setting offset for partition order-status-updated-2 to the committed offset FetchPosition{offset=0, offsetEpoch=Optional.empty, currentLeader=LeaderAndEpoch{leader=Optional[localhost:9092 (id: 1 rack: null isFenced: false)], epoch=0}}
12-08-2026 18:02:52.724 [org.springframework.kafka.KafkaListenerEndpointContainer#0-0-C-1] [-] INFO  order-service-o.a.k.c.c.internals.ConsumerUtils.refreshCommittedOffsets - Setting offset for partition order-status-updated-1 to the committed offset FetchPosition{offset=0, offsetEpoch=Optional.empty, currentLeader=LeaderAndEpoch{leader=Optional[localhost:9092 (id: 1 rack: null isFenced: false)], epoch=0}}
12-08-2026 18:02:52.724 [org.springframework.kafka.KafkaListenerEndpointContainer#0-0-C-1] [-] INFO  order-service-o.a.k.c.c.internals.ConsumerUtils.refreshCommittedOffsets - Setting offset for partition order-status-updated-0 to the committed offset FetchPosition{offset=1, offsetEpoch=Optional.empty, currentLeader=LeaderAndEpoch{leader=Optional[localhost:9092 (id: 1 rack: null isFenced: false)], epoch=0}}
12-08-2026 18:02:52.725 [org.springframework.kafka.KafkaListenerEndpointContainer#0-0-C-1] [-] INFO  order-service-o.s.k.l.KafkaMessageListenerContainer.info - order-service: partitions assigned: [order-status-updated-0, order-status-updated-1, order-status-updated-2]
12-08-2026 18:02:52.967 [org.springframework.kafka.KafkaListenerEndpointContainer#0-0-C-1] [-] INFO  order-service-o.a.k.c.c.i.ClassicKafkaConsumer.seek - [Consumer clientId=consumer-order-service-1, groupId=order-service] Seeking to offset 1 for partition order-status-updated-0
12-08-2026 18:02:52.968 [org.springframework.kafka.KafkaListenerEndpointContainer#0-0-C-1] [-] INFO  order-service-o.s.k.l.KafkaMessageListenerContainer.info - Record in retry and not yet recovered
12-08-2026 18:02:53.308 [org.springframework.kafka.KafkaListenerEndpointContainer#0-0-C-1] [-] INFO  order-service-o.a.k.c.c.i.ClassicKafkaConsumer.seek - [Consumer clientId=consumer-order-service-1, groupId=order-service] Seeking to offset 1 for partition order-status-updated-0
12-08-2026 18:02:53.309 [org.springframework.kafka.KafkaListenerEndpointContainer#0-0-C-1] [-] INFO  order-service-o.s.k.l.KafkaMessageListenerContainer.info - Record in retry and not yet recovered
12-08-2026 18:02:53.816 [org.springframework.kafka.KafkaListenerEndpointContainer#0-0-C-1] [-] INFO  order-service-o.a.k.c.c.i.ClassicKafkaConsumer.seek - [Consumer clientId=consumer-order-service-1, groupId=order-service] Seeking to offset 1 for partition order-status-updated-0
12-08-2026 18:02:53.816 [org.springframework.kafka.KafkaListenerEndpointContainer#0-0-C-1] [-] INFO  order-service-o.s.k.l.KafkaMessageListenerContainer.info - Record in retry and not yet recovered
12-08-2026 18:02:54.325 [org.springframework.kafka.KafkaListenerEndpointContainer#0-0-C-1] [-] INFO  order-service-o.a.k.c.c.i.ClassicKafkaConsumer.seek - [Consumer clientId=consumer-order-service-1, groupId=order-service] Seeking to offset 1 for partition order-status-updated-0
12-08-2026 18:02:54.325 [org.springframework.kafka.KafkaListenerEndpointContainer#0-0-C-1] [-] INFO  order-service-o.s.k.l.KafkaMessageListenerContainer.info - Record in retry and not yet recovered
12-08-2026 18:02:54.833 [org.springframework.kafka.KafkaListenerEndpointContainer#0-0-C-1] [-] INFO  order-service-o.a.k.c.c.i.ClassicKafkaConsumer.seek - [Consumer clientId=consumer-order-service-1, groupId=order-service] Seeking to offset 1 for partition order-status-updated-0
12-08-2026 18:02:54.833 [org.springframework.kafka.KafkaListenerEndpointContainer#0-0-C-1] [-] INFO  order-service-o.s.k.l.KafkaMessageListenerContainer.info - Record in retry and not yet recovered
12-08-2026 18:02:55.346 [org.springframework.kafka.KafkaListenerEndpointContainer#0-0-C-1] [-] INFO  order-service-o.a.k.c.c.i.ClassicKafkaConsumer.seek - [Consumer clientId=consumer-order-service-1, groupId=order-service] Seeking to offset 1 for partition order-status-updated-0
12-08-2026 18:02:55.346 [org.springframework.kafka.KafkaListenerEndpointContainer#0-0-C-1] [-] INFO  order-service-o.s.k.l.KafkaMessageListenerContainer.info - Record in retry and not yet recovered
12-08-2026 18:02:55.854 [org.springframework.kafka.KafkaListenerEndpointContainer#0-0-C-1] [-] INFO  order-service-o.a.k.c.c.i.ClassicKafkaConsumer.seek - [Consumer clientId=consumer-order-service-1, groupId=order-service] Seeking to offset 1 for partition order-status-updated-0
12-08-2026 18:02:55.854 [org.springframework.kafka.KafkaListenerEndpointContainer#0-0-C-1] [-] INFO  order-service-o.s.k.l.KafkaMessageListenerContainer.info - Record in retry and not yet recovered
12-08-2026 18:02:56.366 [org.springframework.kafka.KafkaListenerEndpointContainer#0-0-C-1] [-] INFO  order-service-o.a.k.c.c.i.ClassicKafkaConsumer.seek - [Consumer clientId=consumer-order-service-1, groupId=order-service] Seeking to offset 1 for partition order-status-updated-0
12-08-2026 18:02:56.366 [org.springframework.kafka.KafkaListenerEndpointContainer#0-0-C-1] [-] INFO  order-service-o.s.k.l.KafkaMessageListenerContainer.info - Record in retry and not yet recovered
12-08-2026 18:02:56.875 [org.springframework.kafka.KafkaListenerEndpointContainer#0-0-C-1] [-] INFO  order-service-o.a.k.c.c.i.ClassicKafkaConsumer.seek - [Consumer clientId=consumer-order-service-1, groupId=order-service] Seeking to offset 1 for partition order-status-updated-0
12-08-2026 18:02:56.875 [org.springframework.kafka.KafkaListenerEndpointContainer#0-0-C-1] [-] INFO  order-service-o.s.k.l.KafkaMessageListenerContainer.info - Record in retry and not yet recovered
12-08-2026 18:02:57.378 [org.springframework.kafka.KafkaListenerEndpointContainer#0-0-C-1] [-] ERROR order-service-o.s.k.listener.DefaultErrorHandler.error - Backoff FixedBackOffExecution[interval=0, currentAttempts=10, maxAttempts=9] exhausted for order-status-updated-0@1
org.springframework.kafka.listener.ListenerExecutionFailedException: Listener method 'public void com.nithin.order_service.consumer.OrdersStatusConsumer.consumeOrderStatus(org.apache.kafka.clients.consumer.ConsumerRecord<java.lang.Long, java.util.Map<java.lang.String, java.lang.Object>>)' threw exception
	at org.springframework.kafka.listener.KafkaMessageListenerContainer$ListenerConsumer.decorateException(KafkaMessageListenerContainer.java:3160)
	at org.springframework.kafka.listener.KafkaMessageListenerContainer$ListenerConsumer.doInvokeOnMessage(KafkaMessageListenerContainer.java:3031)
	at org.springframework.kafka.listener.KafkaMessageListenerContainer$ListenerConsumer.invokeOnMessage(KafkaMessageListenerContainer.java:2997)
	at org.springframework.kafka.listener.KafkaMessageListenerContainer$ListenerConsumer.doInvokeRecordListener(KafkaMessageListenerContainer.java:2907)
	at org.springframework.kafka.listener.KafkaMessageListenerContainer$ListenerConsumer.doInvokeWithRecords(KafkaMessageListenerContainer.java:2749)
	at org.springframework.kafka.listener.KafkaMessageListenerContainer$ListenerConsumer.invokeRecordListener(KafkaMessageListenerContainer.java:2643)
	at org.springframework.kafka.listener.KafkaMessageListenerContainer$ListenerConsumer.invokeListener(KafkaMessageListenerContainer.java:2274)
	at org.springframework.kafka.listener.KafkaMessageListenerContainer$ListenerConsumer.invokeIfHaveRecords(KafkaMessageListenerContainer.java:1572)
	at org.springframework.kafka.listener.KafkaMessageListenerContainer$ListenerConsumer.pollAndInvoke(KafkaMessageListenerContainer.java:1504)
	at org.springframework.kafka.listener.KafkaMessageListenerContainer$ListenerConsumer.run(KafkaMessageListenerContainer.java:1373)
	at java.base/java.util.concurrent.CompletableFuture$AsyncRun.run(CompletableFuture.java:1825)
	at java.base/java.lang.Thread.run(Thread.java:1474)
	Suppressed: org.springframework.kafka.listener.ListenerExecutionFailedException: Restored Stack Trace
		at org.springframework.kafka.listener.adapter.MessagingMessageListenerAdapter.invokeHandler(MessagingMessageListenerAdapter.java:514)
		at org.springframework.kafka.listener.adapter.MessagingMessageListenerAdapter.invoke(MessagingMessageListenerAdapter.java:426)
		at org.springframework.kafka.listener.adapter.RecordMessagingMessageListenerAdapter.onMessage(RecordMessagingMessageListenerAdapter.java:92)
		at org.springframework.kafka.listener.adapter.RecordMessagingMessageListenerAdapter.onMessage(RecordMessagingMessageListenerAdapter.java:52)
		at org.springframework.kafka.listener.KafkaMessageListenerContainer$ListenerConsumer.doInvokeOnMessage(KafkaMessageListenerContainer.java:3018)
Caused by: java.lang.RuntimeException: order not found
	at com.nithin.order_service.consumer.OrdersStatusConsumer.lambda$consumeOrderStatus$0(OrdersStatusConsumer.java:25)
	at java.base/java.util.Optional.orElseThrow(Optional.java:403)
	at com.nithin.order_service.consumer.OrdersStatusConsumer.consumeOrderStatus(OrdersStatusConsumer.java:25)
	at java.base/jdk.internal.reflect.DirectMethodHandleAccessor.invoke(DirectMethodHandleAccessor.java:104)
	at java.base/java.lang.reflect.Method.invoke(Method.java:565)
	at org.springframework.aop.support.AopUtils.invokeJoinpointUsingReflection(AopUtils.java:359)
	at org.springframework.aop.framework.ReflectiveMethodInvocation.invokeJoinpoint(ReflectiveMethodInvocation.java:190)
	at org.springframework.aop.framework.ReflectiveMethodInvocation.proceed(ReflectiveMethodInvocation.java:158)
	at org.springframework.transaction.interceptor.TransactionInterceptor$1.proceedWithInvocation(TransactionInterceptor.java:133)
	at org.springframework.transaction.interceptor.TransactionAspectSupport.invokeWithinTransaction(TransactionAspectSupport.java:371)
	at org.springframework.transaction.interceptor.TransactionInterceptor.invoke(TransactionInterceptor.java:130)
	at org.springframework.aop.framework.ReflectiveMethodInvocation.proceed(ReflectiveMethodInvocation.java:179)
	at org.springframework.aop.framework.CglibAopProxy$DynamicAdvisedInterceptor.intercept(CglibAopProxy.java:719)
	at com.nithin.order_service.consumer.OrdersStatusConsumer$$SpringCGLIB$$0.consumeOrderStatus(<generated>)
	at java.base/jdk.internal.reflect.DirectMethodHandleAccessor.invoke(DirectMethodHandleAccessor.java:104)
	at java.base/java.lang.reflect.Method.invoke(Method.java:565)
	at org.springframework.messaging.handler.invocation.InvocableHandlerMethod.doInvoke(InvocableHandlerMethod.java:168)
	at org.springframework.kafka.listener.adapter.KotlinAwareInvocableHandlerMethod.doInvoke(KotlinAwareInvocableHandlerMethod.java:48)
	at org.springframework.messaging.handler.invocation.InvocableHandlerMethod.invoke(InvocableHandlerMethod.java:119)
	at org.springframework.kafka.listener.adapter.HandlerAdapter.invoke(HandlerAdapter.java:80)
	at org.springframework.kafka.listener.adapter.MessagingMessageListenerAdapter.invokeHandler(MessagingMessageListenerAdapter.java:489)
	at org.springframework.kafka.listener.adapter.MessagingMessageListenerAdapter.invoke(MessagingMessageListenerAdapter.java:426)
	at org.springframework.kafka.listener.adapter.RecordMessagingMessageListenerAdapter.onMessage(RecordMessagingMessageListenerAdapter.java:92)
	at org.springframework.kafka.listener.adapter.RecordMessagingMessageListenerAdapter.onMessage(RecordMessagingMessageListenerAdapter.java:52)
	at org.springframework.kafka.listener.KafkaMessageListenerContainer$ListenerConsumer.doInvokeOnMessage(KafkaMessageListenerContainer.java:3018)
	... 10 common frames omitted
12-08-2026 18:04:53.698 [org.springframework.kafka.KafkaListenerEndpointContainer#0-0-C-1] [-] WARN  order-service-o.a.k.c.c.internals.FetchCollector.handleInitializeErrors - [Consumer clientId=consumer-order-service-1, groupId=order-service] Received unknown topic or partition error in fetch for partition order-status-updated-1
12-08-2026 18:04:53.709 [org.springframework.kafka.KafkaListenerEndpointContainer#0-0-C-1] [-] WARN  order-service-o.apache.kafka.clients.NetworkClient.handleSuccessfulResponse - [Consumer clientId=consumer-order-service-1, groupId=order-service] The metadata response from the cluster reported a recoverable issue with correlation id 306 : {order-status-updated=UNKNOWN_TOPIC_OR_PARTITION}
12-08-2026 18:04:53.710 [org.springframework.kafka.KafkaListenerEndpointContainer#0-0-C-1] [-] INFO  order-service-o.a.k.c.c.i.ConsumerCoordinator.requestRejoin - [Consumer clientId=consumer-order-service-1, groupId=order-service] Request joining group due to: cached metadata has changed from (version2: {order-status-updated=[NO_RACKS, NO_RACKS, NO_RACKS]}) at the beginning of the rebalance to (version3: {order-status-updated=[]})
12-08-2026 18:04:53.712 [org.springframework.kafka.KafkaListenerEndpointContainer#0-0-C-1] [-] INFO  order-service-o.a.k.c.c.i.ConsumerRebalanceListenerInvoker.invokePartitionsRevoked - [Consumer clientId=consumer-order-service-1, groupId=order-service] Revoke previously assigned partitions [order-status-updated-0, order-status-updated-1, order-status-updated-2]
12-08-2026 18:04:53.713 [org.springframework.kafka.KafkaListenerEndpointContainer#0-0-C-1] [-] INFO  order-service-o.s.k.l.KafkaMessageListenerContainer.info - order-service: partitions revoked: [order-status-updated-0, order-status-updated-1, order-status-updated-2]
12-08-2026 18:04:53.714 [org.springframework.kafka.KafkaListenerEndpointContainer#0-0-C-1] [-] INFO  order-service-o.a.k.c.c.i.ConsumerCoordinator.sendJoinGroupRequest - [Consumer clientId=consumer-order-service-1, groupId=order-service] (Re-)joining group
12-08-2026 18:04:53.728 [org.springframework.kafka.KafkaListenerEndpointContainer#0-0-C-1] [-] INFO  order-service-o.a.k.c.c.i.ConsumerCoordinator.handle - [Consumer clientId=consumer-order-service-1, groupId=order-service] Successfully joined group with generation Generation{generationId=14, memberId='consumer-order-service-1-4e1337a0-5a5b-40e5-8e3a-26f4162cde66', protocol='range'}
12-08-2026 18:04:53.824 [org.springframework.kafka.KafkaListenerEndpointContainer#0-0-C-1] [-] WARN  order-service-o.apache.kafka.clients.NetworkClient.handleSuccessfulResponse - [Consumer clientId=consumer-order-service-1, groupId=order-service] The metadata response from the cluster reported a recoverable issue with correlation id 308 : {order-status-updated=UNKNOWN_TOPIC_OR_PARTITION}
12-08-2026 18:04:53.826 [org.springframework.kafka.KafkaListenerEndpointContainer#0-0-C-1] [-] INFO  order-service-o.a.k.c.c.i.ConsumerCoordinator.onLeaderElected - [Consumer clientId=consumer-order-service-1, groupId=order-service] Finished assignment for group at generation 14: {consumer-order-service-1-4e1337a0-5a5b-40e5-8e3a-26f4162cde66=Assignment(partitions=[])}
12-08-2026 18:04:53.893 [org.springframework.kafka.KafkaListenerEndpointContainer#0-0-C-1] [-] INFO  order-service-o.a.k.c.c.i.ConsumerCoordinator.handle - [Consumer clientId=consumer-order-service-1, groupId=order-service] Successfully synced group in generation Generation{generationId=14, memberId='consumer-order-service-1-4e1337a0-5a5b-40e5-8e3a-26f4162cde66', protocol='range'}
12-08-2026 18:04:53.894 [org.springframework.kafka.KafkaListenerEndpointContainer#0-0-C-1] [-] INFO  order-service-o.a.k.c.c.i.ConsumerCoordinator.invokeOnAssignment - [Consumer clientId=consumer-order-service-1, groupId=order-service] Notifying assignor about the new Assignment(partitions=[])
12-08-2026 18:04:53.895 [org.springframework.kafka.KafkaListenerEndpointContainer#0-0-C-1] [-] INFO  order-service-o.a.k.c.c.i.ConsumerRebalanceListenerInvoker.invokePartitionsAssigned - [Consumer clientId=consumer-order-service-1, groupId=order-service] Adding newly assigned partitions: []
12-08-2026 18:04:53.895 [org.springframework.kafka.KafkaListenerEndpointContainer#0-0-C-1] [-] INFO  order-service-o.s.k.l.KafkaMessageListenerContainer.info - order-service: partitions assigned: []
12-08-2026 18:04:54.003 [org.springframework.kafka.KafkaListenerEndpointContainer#0-0-C-1] [-] INFO  order-service-org.apache.kafka.clients.Metadata.updateLatestMetadata - [Consumer clientId=consumer-order-service-1, groupId=order-service] Resetting the last seen epoch of partition order-status-updated-0 to 0 since the associated topicId changed from null to kZ1otLayQ6y4ZUA7A73oGQ
12-08-2026 18:04:54.004 [org.springframework.kafka.KafkaListenerEndpointContainer#0-0-C-1] [-] INFO  order-service-o.a.k.c.c.i.ConsumerCoordinator.requestRejoin - [Consumer clientId=consumer-order-service-1, groupId=order-service] Request joining group due to: cached metadata has changed from (version4: {order-status-updated=[]}) at the beginning of the rebalance to (version5: {order-status-updated=[NO_RACKS]})
12-08-2026 18:04:54.005 [org.springframework.kafka.KafkaListenerEndpointContainer#0-0-C-1] [-] INFO  order-service-o.a.k.c.c.i.ConsumerRebalanceListenerInvoker.invokePartitionsRevoked - [Consumer clientId=consumer-order-service-1, groupId=order-service] Revoke previously assigned partitions []
12-08-2026 18:04:54.005 [org.springframework.kafka.KafkaListenerEndpointContainer#0-0-C-1] [-] INFO  order-service-o.s.k.l.KafkaMessageListenerContainer.info - order-service: partitions revoked: []
12-08-2026 18:04:54.006 [org.springframework.kafka.KafkaListenerEndpointContainer#0-0-C-1] [-] INFO  order-service-o.a.k.c.c.i.ConsumerCoordinator.sendJoinGroupRequest - [Consumer clientId=consumer-order-service-1, groupId=order-service] (Re-)joining group
12-08-2026 18:04:54.010 [org.springframework.kafka.KafkaListenerEndpointContainer#0-0-C-1] [-] INFO  order-service-o.a.k.c.c.i.ConsumerCoordinator.handle - [Consumer clientId=consumer-order-service-1, groupId=order-service] Successfully joined group with generation Generation{generationId=15, memberId='consumer-order-service-1-4e1337a0-5a5b-40e5-8e3a-26f4162cde66', protocol='range'}
12-08-2026 18:04:54.011 [org.springframework.kafka.KafkaListenerEndpointContainer#0-0-C-1] [-] INFO  order-service-o.a.k.c.c.i.ConsumerCoordinator.onLeaderElected - [Consumer clientId=consumer-order-service-1, groupId=order-service] Finished assignment for group at generation 15: {consumer-order-service-1-4e1337a0-5a5b-40e5-8e3a-26f4162cde66=Assignment(partitions=[order-status-updated-0])}
12-08-2026 18:04:54.014 [org.springframework.kafka.KafkaListenerEndpointContainer#0-0-C-1] [-] INFO  order-service-o.a.k.c.c.i.ConsumerCoordinator.handle - [Consumer clientId=consumer-order-service-1, groupId=order-service] Successfully synced group in generation Generation{generationId=15, memberId='consumer-order-service-1-4e1337a0-5a5b-40e5-8e3a-26f4162cde66', protocol='range'}
12-08-2026 18:04:54.015 [org.springframework.kafka.KafkaListenerEndpointContainer#0-0-C-1] [-] INFO  order-service-o.a.k.c.c.i.ConsumerCoordinator.invokeOnAssignment - [Consumer clientId=consumer-order-service-1, groupId=order-service] Notifying assignor about the new Assignment(partitions=[order-status-updated-0])
12-08-2026 18:04:54.015 [org.springframework.kafka.KafkaListenerEndpointContainer#0-0-C-1] [-] INFO  order-service-o.a.k.c.c.i.ConsumerRebalanceListenerInvoker.invokePartitionsAssigned - [Consumer clientId=consumer-order-service-1, groupId=order-service] Adding newly assigned partitions: [order-status-updated-0]
12-08-2026 18:04:54.018 [org.springframework.kafka.KafkaListenerEndpointContainer#0-0-C-1] [-] INFO  order-service-o.a.k.c.c.i.ConsumerCoordinator.handle - [Consumer clientId=consumer-order-service-1, groupId=order-service] Found no committed offset for partition order-status-updated-0
12-08-2026 18:04:54.023 [org.springframework.kafka.KafkaListenerEndpointContainer#0-0-C-1] [-] INFO  order-service-o.a.k.c.c.i.ConsumerCoordinator.handle - [Consumer clientId=consumer-order-service-1, groupId=order-service] Found no committed offset for partition order-status-updated-0
12-08-2026 18:04:54.035 [org.springframework.kafka.KafkaListenerEndpointContainer#0-0-C-1] [-] INFO  order-service-o.a.k.c.c.i.SubscriptionState.maybeSeekUnvalidated - [Consumer clientId=consumer-order-service-1, groupId=order-service] Resetting offset for partition order-status-updated-0 to position FetchPosition{offset=0, offsetEpoch=Optional.empty, currentLeader=LeaderAndEpoch{leader=Optional[localhost:9092 (id: 1 rack: null isFenced: false)], epoch=0}}.
12-08-2026 18:04:54.042 [org.springframework.kafka.KafkaListenerEndpointContainer#0-0-C-1] [-] INFO  order-service-o.s.k.l.KafkaMessageListenerContainer.info - order-service: partitions assigned: [order-status-updated-0]
12-08-2026 18:05:01.352 [SpringApplicationShutdownHook] [-] INFO  order-service-o.s.c.n.e.s.EurekaServiceRegistry.deregister - Unregistering application ORDER-SERVICE with eureka with status DOWN
12-08-2026 18:05:01.352 [SpringApplicationShutdownHook] [-] INFO  order-service-c.netflix.discovery.DiscoveryClient.notify - Saw local status change event StatusChangeEvent [timestamp=1786538101352, current=DOWN, previous=UP]
12-08-2026 18:05:01.352 [DiscoveryClient-InstanceInfoReplicator-%d] [-] INFO  order-service-c.netflix.discovery.DiscoveryClient.register - DiscoveryClient_ORDER-SERVICE/DESKTOP-5CC3FG7.mshome.net:order-service:9040: registering service...
12-08-2026 18:05:01.358 [DiscoveryClient-InstanceInfoReplicator-%d] [-] INFO  order-service-c.netflix.discovery.DiscoveryClient.register - DiscoveryClient_ORDER-SERVICE/DESKTOP-5CC3FG7.mshome.net:order-service:9040 - registration status: 204
12-08-2026 18:05:01.358 [org.springframework.kafka.KafkaListenerEndpointContainer#0-0-C-1] [-] INFO  order-service-o.a.k.c.c.i.ConsumerRebalanceListenerInvoker.invokePartitionsRevoked - [Consumer clientId=consumer-order-service-1, groupId=order-service] Revoke previously assigned partitions [order-status-updated-0]
12-08-2026 18:05:01.358 [org.springframework.kafka.KafkaListenerEndpointContainer#0-0-C-1] [-] INFO  order-service-o.s.k.l.KafkaMessageListenerContainer.info - order-service: partitions revoked: [order-status-updated-0]
12-08-2026 18:05:01.359 [org.springframework.kafka.KafkaListenerEndpointContainer#0-0-C-1] [-] INFO  order-service-o.a.k.c.c.i.ConsumerCoordinator.maybeLeaveGroup - [Consumer clientId=consumer-order-service-1, groupId=order-service] Member consumer-order-service-1-4e1337a0-5a5b-40e5-8e3a-26f4162cde66 sending LeaveGroup request to coordinator localhost:9092 (id: 2147483646 rack: null isFenced: false) due to the consumer unsubscribed from all topics
12-08-2026 18:05:01.359 [org.springframework.kafka.KafkaListenerEndpointContainer#0-0-C-1] [-] INFO  order-service-o.a.k.c.c.i.ConsumerCoordinator.resetStateAndGeneration - [Consumer clientId=consumer-order-service-1, groupId=order-service] Resetting generation and member id due to: consumer pro-actively leaving the group
12-08-2026 18:05:01.359 [org.springframework.kafka.KafkaListenerEndpointContainer#0-0-C-1] [-] INFO  order-service-o.a.k.c.c.i.ConsumerCoordinator.requestRejoin - [Consumer clientId=consumer-order-service-1, groupId=order-service] Request joining group due to: consumer pro-actively leaving the group
12-08-2026 18:05:01.359 [org.springframework.kafka.KafkaListenerEndpointContainer#0-0-C-1] [-] INFO  order-service-o.a.k.c.c.i.ClassicKafkaConsumer.unsubscribe - [Consumer clientId=consumer-order-service-1, groupId=order-service] Unsubscribed all topics or patterns and assigned partitions
12-08-2026 18:05:01.362 [org.springframework.kafka.KafkaListenerEndpointContainer#0-0-C-1] [-] INFO  order-service-o.a.k.c.c.i.ConsumerCoordinator.resetStateAndGeneration - [Consumer clientId=consumer-order-service-1, groupId=order-service] Resetting generation and member id due to: consumer pro-actively leaving the group
12-08-2026 18:05:01.362 [org.springframework.kafka.KafkaListenerEndpointContainer#0-0-C-1] [-] INFO  order-service-o.a.k.c.c.i.ConsumerCoordinator.requestRejoin - [Consumer clientId=consumer-order-service-1, groupId=order-service] Request joining group due to: consumer pro-actively leaving the group
12-08-2026 18:05:01.600 [org.springframework.kafka.KafkaListenerEndpointContainer#0-0-C-1] [-] INFO  order-service-o.a.kafka.common.metrics.Metrics.close - Metrics scheduler closed
12-08-2026 18:05:01.600 [org.springframework.kafka.KafkaListenerEndpointContainer#0-0-C-1] [-] INFO  order-service-o.a.kafka.common.metrics.Metrics.close - Closing reporter org.apache.kafka.common.metrics.JmxReporter
12-08-2026 18:05:01.600 [org.springframework.kafka.KafkaListenerEndpointContainer#0-0-C-1] [-] INFO  order-service-o.a.kafka.common.metrics.Metrics.close - Closing reporter org.apache.kafka.common.telemetry.internals.ClientTelemetryReporter
12-08-2026 18:05:01.601 [org.springframework.kafka.KafkaListenerEndpointContainer#0-0-C-1] [-] INFO  order-service-o.a.kafka.common.metrics.Metrics.close - Metrics reporters closed
12-08-2026 18:05:01.610 [org.springframework.kafka.KafkaListenerEndpointContainer#0-0-C-1] [-] INFO  order-service-o.a.kafka.common.utils.AppInfoParser.unregisterAppInfo - App info kafka.consumer for consumer-order-service-1 unregistered
12-08-2026 18:05:01.611 [org.springframework.kafka.KafkaListenerEndpointContainer#0-0-C-1] [-] INFO  order-service-o.s.k.l.KafkaMessageListenerContainer.info - order-service: Consumer stopped
12-08-2026 18:05:01.614 [SpringApplicationShutdownHook] [-] INFO  order-service-o.s.boot.tomcat.GracefulShutdown.shutDownGracefully - Commencing graceful shutdown. Waiting for active requests to complete
12-08-2026 18:05:01.621 [tomcat-shutdown] [-] INFO  order-service-o.s.boot.tomcat.GracefulShutdown.doShutdown - Graceful shutdown complete
12-08-2026 18:05:01.633 [SpringApplicationShutdownHook] [-] INFO  order-service-o.s.o.j.LocalContainerEntityManagerFactoryBean.destroy - Closing JPA EntityManagerFactory for persistence unit 'default'
12-08-2026 18:05:01.637 [SpringApplicationShutdownHook] [-] INFO  order-service-com.zaxxer.hikari.HikariDataSource.close - HikariPool-1 - Shutdown initiated...
12-08-2026 18:05:01.645 [SpringApplicationShutdownHook] [-] INFO  order-service-com.zaxxer.hikari.HikariDataSource.close - HikariPool-1 - Shutdown completed.
12-08-2026 18:05:02.651 [SpringApplicationShutdownHook] [-] INFO  order-service-c.netflix.discovery.DiscoveryClient.shutdown - Shutting down DiscoveryClient ...
12-08-2026 18:05:05.653 [SpringApplicationShutdownHook] [-] INFO  order-service-c.netflix.discovery.DiscoveryClient.unregister - Unregistering ...
12-08-2026 18:05:05.662 [SpringApplicationShutdownHook] [-] INFO  order-service-c.netflix.discovery.DiscoveryClient.unregister - DiscoveryClient_ORDER-SERVICE/DESKTOP-5CC3FG7.mshome.net:order-service:9040 - deregister  status: 200
12-08-2026 18:05:05.663 [SpringApplicationShutdownHook] [-] INFO  order-service-c.netflix.discovery.DiscoveryClient.shutdown - Completed shut down of DiscoveryClient
12-08-2026 18:05:13.244 [main] [-] INFO  order-service-c.n.o.OrderServiceApplication.logStarting - Starting OrderServiceApplication using Java 25.0.3 with PID 25116 (C:\Users\Admin\Documents\SpringBoot_learnings\eCommerce\order-service\target\classes started by Admin in C:\Users\Admin\Documents\SpringBoot_learnings\eCommerce)
12-08-2026 18:05:13.247 [main] [-] INFO  order-service-c.n.o.OrderServiceApplication.logStartupProfileInfo - The following 1 profile is active: "dev"
12-08-2026 18:05:13.294 [main] [-] INFO  order-service-o.s.c.c.c.ConfigServerConfigDataLoader.log - Fetching config from server at : http://localhost:8888
12-08-2026 18:05:13.294 [main] [-] INFO  order-service-o.s.c.c.c.ConfigServerConfigDataLoader.log - Located environment: name=order-service, profiles=[default], label=null, version=0ea68e7bd44f5a1fe092f8c5aa4a27ddfcec0fa8, state=
12-08-2026 18:05:13.294 [main] [-] INFO  order-service-o.s.c.c.c.ConfigServerConfigDataLoader.log - Fetching config from server at : http://localhost:8888
12-08-2026 18:05:13.296 [main] [-] INFO  order-service-o.s.c.c.c.ConfigServerConfigDataLoader.log - Located environment: name=order-service, profiles=[dev], label=null, version=0ea68e7bd44f5a1fe092f8c5aa4a27ddfcec0fa8, state=
12-08-2026 18:05:14.577 [main] [-] INFO  order-service-o.s.d.r.c.RepositoryConfigurationDelegate.registerRepositoriesIn - Bootstrapping Spring Data JPA repositories in DEFAULT mode.
12-08-2026 18:05:14.765 [main] [-] INFO  order-service-o.s.d.r.c.RepositoryConfigurationDelegate.registerRepositoriesIn - Finished Spring Data repository scanning in 175 ms. Found 1 JPA repository interface.
12-08-2026 18:05:15.391 [main] [-] INFO  order-service-o.s.cloud.context.scope.GenericScope.setSerializationId - BeanFactory id=bc090770-d138-3a38-8d80-97d0ddd81a15
12-08-2026 18:05:16.256 [main] [-] INFO  order-service-o.s.boot.tomcat.TomcatWebServer.initialize - Tomcat initialized with port 9040 (http)
12-08-2026 18:05:16.271 [main] [-] INFO  order-service-o.a.coyote.http11.Http11NioProtocol.log - Initializing ProtocolHandler ["http-nio-9040"]
12-08-2026 18:05:16.275 [main] [-] INFO  order-service-o.a.catalina.core.StandardService.log - Starting service [Tomcat]
12-08-2026 18:05:16.275 [main] [-] INFO  order-service-o.a.catalina.core.StandardEngine.log - Starting Servlet engine: [Apache Tomcat/11.0.22]
12-08-2026 18:05:16.372 [main] [-] INFO  order-service-o.s.b.w.c.s.WebApplicationContextInitializer.prepareWebApplicationContext - Root WebApplicationContext: initialization completed in 3072 ms
12-08-2026 18:05:17.423 [main] [-] INFO  order-service-org.hibernate.orm.jpa.logPersistenceUnitInformation - HHH008540: Processing PersistenceUnitInfo [name: default]
12-08-2026 18:05:17.486 [main] [-] INFO  order-service-org.hibernate.orm.core.logVersion - HHH000001: Hibernate ORM core version 7.4.1.Final
12-08-2026 18:05:18.245 [main] [-] INFO  order-service-o.s.o.j.p.SpringPersistenceUnitInfo.addTransformer - No LoadTimeWeaver setup: ignoring JPA class transformer
12-08-2026 18:05:18.279 [main] [-] INFO  order-service-com.zaxxer.hikari.HikariDataSource.getConnection - HikariPool-1 - Starting...
12-08-2026 18:05:18.484 [main] [-] INFO  order-service-com.zaxxer.hikari.pool.HikariPool.checkFailFast - HikariPool-1 - Added connection com.mysql.cj.jdbc.ConnectionImpl@3eb29382
12-08-2026 18:05:18.486 [main] [-] INFO  order-service-com.zaxxer.hikari.HikariDataSource.getConnection - HikariPool-1 - Start completed.
12-08-2026 18:05:18.566 [main] [-] INFO  order-service-o.hibernate.orm.connections.pooling.logConnectionInfo - HHH10001005: Database info:
	Database JDBC URL [jdbc:mysql://localhost:3306/ordersdb?useSSL=false]
	Database driver: MySQL Connector/J
	Database dialect: MySQLDialect
	Database version: 8.0.46
	Default catalog/schema: ordersdb/undefined
	Autocommit mode: undefined/unknown
	Isolation level: REPEATABLE_READ [default REPEATABLE_READ]
	JDBC fetch size: none
	Pool: DataSourceConnectionProvider
	Minimum pool size: undefined/unknown
	Maximum pool size: undefined/unknown
12-08-2026 18:05:19.583 [main] [-] INFO  order-service-org.hibernate.orm.core.initiateService - HHH000489: No JTA platform available (set 'hibernate.transaction.jta.platform' to enable JTA platform integration)
12-08-2026 18:05:19.976 [main] [-] INFO  order-service-o.s.o.j.LocalContainerEntityManagerFactoryBean.buildNativeEntityManagerFactory - Initialized JPA EntityManagerFactory for persistence unit 'default'
12-08-2026 18:05:20.155 [main] [-] INFO  order-service-o.s.d.j.r.q.QueryEnhancerFactories.<clinit> - Hibernate is in classpath; If applicable, HQL parser will be used.
12-08-2026 18:05:20.612 [main] [-] WARN  order-service-o.s.b.j.a.JpaBaseConfiguration$JpaWebConfiguration.openEntityManagerInViewInterceptor - spring.jpa.open-in-view is enabled by default. Therefore, database queries may be performed during view rendering. Explicitly configure spring.jpa.open-in-view to disable this warning
12-08-2026 18:05:20.799 [main] [-] INFO  order-service-o.s.c.o.FeignClientFactoryBean.getTarget - For 'inventory-service' URL not provided. Will try picking an instance via load-balancing.
12-08-2026 18:05:20.917 [main] [-] INFO  order-service-o.s.c.o.FeignClientFactoryBean.getTarget - For 'shipping-service' URL not provided. Will try picking an instance via load-balancing.
12-08-2026 18:05:22.801 [main] [-] INFO  order-service-o.s.c.n.e.c.DiscoveryClientOptionalArgsConfiguration.restClientDiscoveryClientOptionalArgs - Eureka HTTP Client uses RestClient.
12-08-2026 18:05:22.866 [main] [-] WARN  order-service-o.s.c.l.c.LoadBalancerCacheAutoConfiguration$LoadBalancerCaffeineWarnLogger.afterPropertiesSet - Spring Cloud LoadBalancer is currently working with the default cache. While this cache implementation is useful for development and tests, it's recommended to use Caffeine cache in production.You can switch to using Caffeine cache, by adding it and org.springframework.cache.caffeine.CaffeineCacheManager to the classpath.
12-08-2026 18:05:22.892 [main] [-] INFO  order-service-o.s.b.a.e.web.EndpointLinksResolver.<init> - Exposing 26 endpoints beneath base path '/actuator'
12-08-2026 18:05:23.022 [main] [-] INFO  order-service-o.a.k.common.config.AbstractConfig.logAll - AdminClientConfig values: 
	bootstrap.controllers = []
	bootstrap.servers = [localhost:9092]
	client.dns.lookup = use_all_dns_ips
	client.id = order-service-admin-0
	config.providers = []
	connections.max.idle.ms = 300000
	default.api.timeout.ms = 60000
	enable.metrics.push = false
	metadata.max.age.ms = 300000
	metadata.recovery.rebootstrap.trigger.ms = 300000
	metadata.recovery.strategy = rebootstrap
	metric.reporters = [org.apache.kafka.common.metrics.JmxReporter]
	metrics.num.samples = 2
	metrics.recording.level = INFO
	metrics.sample.window.ms = 30000
	receive.buffer.bytes = 65536
	reconnect.backoff.max.ms = 1000
	reconnect.backoff.ms = 50
	request.timeout.ms = 30000
	retries = 2147483647
	retry.backoff.max.ms = 1000
	retry.backoff.ms = 100
	sasl.client.callback.handler.class = null
	sasl.jaas.config = null
	sasl.kerberos.kinit.cmd = /usr/bin/kinit
	sasl.kerberos.min.time.before.relogin = 60000
	sasl.kerberos.service.name = null
	sasl.kerberos.ticket.renew.jitter = 0.05
	sasl.kerberos.ticket.renew.window.factor = 0.8
	sasl.login.callback.handler.class = null
	sasl.login.class = null
	sasl.login.connect.timeout.ms = null
	sasl.login.read.timeout.ms = null
	sasl.login.refresh.buffer.seconds = 300
	sasl.login.refresh.min.period.seconds = 60
	sasl.login.refresh.window.factor = 0.8
	sasl.login.refresh.window.jitter = 0.05
	sasl.login.retry.backoff.max.ms = 10000
	sasl.login.retry.backoff.ms = 100
	sasl.mechanism = GSSAPI
	sasl.oauthbearer.assertion.algorithm = RS256
	sasl.oauthbearer.assertion.claim.aud = null
	sasl.oauthbearer.assertion.claim.exp.seconds = 300
	sasl.oauthbearer.assertion.claim.iss = null
	sasl.oauthbearer.assertion.claim.jti.include = false
	sasl.oauthbearer.assertion.claim.nbf.seconds = 60
	sasl.oauthbearer.assertion.claim.sub = null
	sasl.oauthbearer.assertion.file = null
	sasl.oauthbearer.assertion.private.key.file = null
	sasl.oauthbearer.assertion.private.key.passphrase = null
	sasl.oauthbearer.assertion.template.file = null
	sasl.oauthbearer.client.credentials.client.id = null
	sasl.oauthbearer.client.credentials.client.secret = null
	sasl.oauthbearer.clock.skew.seconds = 30
	sasl.oauthbearer.expected.audience = []
	sasl.oauthbearer.expected.issuer = null
	sasl.oauthbearer.header.urlencode = false
	sasl.oauthbearer.jwks.endpoint.refresh.ms = 3600000
	sasl.oauthbearer.jwks.endpoint.retry.backoff.max.ms = 10000
	sasl.oauthbearer.jwks.endpoint.retry.backoff.ms = 100
	sasl.oauthbearer.jwks.endpoint.url = null
	sasl.oauthbearer.jwt.retriever.class = class org.apache.kafka.common.security.oauthbearer.DefaultJwtRetriever
	sasl.oauthbearer.jwt.validator.class = class org.apache.kafka.common.security.oauthbearer.DefaultJwtValidator
	sasl.oauthbearer.scope = null
	sasl.oauthbearer.scope.claim.name = scope
	sasl.oauthbearer.sub.claim.name = sub
	sasl.oauthbearer.token.endpoint.url = null
	security.protocol = PLAINTEXT
	security.providers = null
	send.buffer.bytes = 131072
	socket.connection.setup.timeout.max.ms = 30000
	socket.connection.setup.timeout.ms = 10000
	ssl.cipher.suites = []
	ssl.enabled.protocols = [TLSv1.2, TLSv1.3]
	ssl.endpoint.identification.algorithm = https
	ssl.engine.factory.class = null
	ssl.key.password = null
	ssl.keymanager.algorithm = SunX509
	ssl.keystore.certificate.chain = null
	ssl.keystore.key = null
	ssl.keystore.location = null
	ssl.keystore.password = null
	ssl.keystore.type = JKS
	ssl.protocol = TLSv1.3
	ssl.provider = null
	ssl.secure.random.implementation = null
	ssl.trustmanager.algorithm = PKIX
	ssl.truststore.certificates = null
	ssl.truststore.location = null
	ssl.truststore.password = null
	ssl.truststore.type = JKS

12-08-2026 18:05:23.189 [main] [-] INFO  order-service-o.a.kafka.common.utils.AppInfoParser.<init> - Kafka version: 4.2.1
12-08-2026 18:05:23.189 [main] [-] INFO  order-service-o.a.kafka.common.utils.AppInfoParser.<init> - Kafka commitId: 92f61c44867f39dc
12-08-2026 18:05:23.189 [main] [-] INFO  order-service-o.a.kafka.common.utils.AppInfoParser.<init> - Kafka startTimeMs: 1786538123187
12-08-2026 18:05:23.655 [main] [-] INFO  order-service-o.s.kafka.core.KafkaAdmin.info - Topic 'order-created-topic' exists but has a different partition count: 1 not 3, increasing if the broker supports it
12-08-2026 18:05:23.692 [main] [-] INFO  order-service-o.a.kafka.common.metrics.Metrics.close - Metrics scheduler closed
12-08-2026 18:05:23.693 [main] [-] INFO  order-service-o.a.kafka.common.metrics.Metrics.close - Closing reporter org.apache.kafka.common.metrics.JmxReporter
12-08-2026 18:05:23.693 [main] [-] INFO  order-service-o.a.kafka.common.metrics.Metrics.close - Metrics reporters closed
12-08-2026 18:05:23.693 [kafka-admin-client-thread | order-service-admin-0] [-] INFO  order-service-o.a.kafka.common.utils.AppInfoParser.unregisterAppInfo - App info kafka.admin.client for order-service-admin-0 unregistered
12-08-2026 18:05:23.702 [kafka-admin-client-thread | order-service-admin-0] [-] INFO  order-service-o.a.kafka.common.metrics.Metrics.close - Metrics scheduler closed
12-08-2026 18:05:23.703 [kafka-admin-client-thread | order-service-admin-0] [-] INFO  order-service-o.a.kafka.common.metrics.Metrics.close - Closing reporter org.apache.kafka.common.metrics.JmxReporter
12-08-2026 18:05:23.703 [kafka-admin-client-thread | order-service-admin-0] [-] INFO  order-service-o.a.kafka.common.metrics.Metrics.close - Metrics reporters closed
12-08-2026 18:05:23.721 [main] [-] INFO  order-service-o.s.c.n.eureka.InstanceInfoFactory.create - Setting initial instance status as: STARTING
12-08-2026 18:05:23.778 [main] [-] INFO  order-service-c.netflix.discovery.DiscoveryClient.<init> - Initializing Eureka in region us-east-1
12-08-2026 18:05:23.784 [main] [-] INFO  order-service-c.n.d.s.r.aws.ConfigClusterResolver.getClusterEndpoints - Resolving eureka endpoints via configuration
12-08-2026 18:05:23.797 [main] [-] INFO  order-service-c.netflix.discovery.DiscoveryClient.fetchRegistry - Disable delta property : false
12-08-2026 18:05:23.797 [main] [-] INFO  order-service-c.netflix.discovery.DiscoveryClient.fetchRegistry - Single vip registry refresh property : null
12-08-2026 18:05:23.797 [main] [-] INFO  order-service-c.netflix.discovery.DiscoveryClient.fetchRegistry - Force full registry fetch : false
12-08-2026 18:05:23.798 [main] [-] INFO  order-service-c.netflix.discovery.DiscoveryClient.fetchRegistry - Application is null : false
12-08-2026 18:05:23.798 [main] [-] INFO  order-service-c.netflix.discovery.DiscoveryClient.fetchRegistry - Registered Applications size is zero : true
12-08-2026 18:05:23.798 [main] [-] INFO  order-service-c.netflix.discovery.DiscoveryClient.fetchRegistry - Application version is -1: true
12-08-2026 18:05:23.798 [main] [-] INFO  order-service-c.netflix.discovery.DiscoveryClient.getAndStoreFullRegistry - Getting all instance registry info from the eureka server
12-08-2026 18:05:24.137 [main] [-] INFO  order-service-c.netflix.discovery.DiscoveryClient.getAndStoreFullRegistry - The response status is 200
12-08-2026 18:05:24.139 [main] [-] INFO  order-service-c.netflix.discovery.DiscoveryClient.initScheduledTasks - Starting heartbeat executor: renew interval is: 30
12-08-2026 18:05:24.142 [main] [-] INFO  order-service-c.n.discovery.InstanceInfoReplicator.<init> - InstanceInfoReplicator onDemand update allowed rate per min is 4
12-08-2026 18:05:24.143 [main] [-] INFO  order-service-c.netflix.discovery.DiscoveryClient.<init> - Discovery Client initialized at timestamp 1786538124143 with initial instances count: 2
12-08-2026 18:05:24.162 [main] [-] INFO  order-service-o.s.c.n.e.s.EurekaServiceRegistry.register - Registering application ORDER-SERVICE with eureka with status UP
12-08-2026 18:05:24.163 [main] [-] INFO  order-service-c.netflix.discovery.DiscoveryClient.notify - Saw local status change event StatusChangeEvent [timestamp=1786538124163, current=UP, previous=STARTING]
12-08-2026 18:05:24.167 [main] [-] INFO  order-service-o.a.coyote.http11.Http11NioProtocol.log - Starting ProtocolHandler ["http-nio-9040"]
12-08-2026 18:05:24.167 [DiscoveryClient-InstanceInfoReplicator-%d] [-] INFO  order-service-c.netflix.discovery.DiscoveryClient.register - DiscoveryClient_ORDER-SERVICE/DESKTOP-5CC3FG7.mshome.net:order-service:9040: registering service...
12-08-2026 18:05:24.183 [main] [-] INFO  order-service-o.s.boot.tomcat.TomcatWebServer.start - Tomcat started on port 9040 (http) with context path '/orders'
12-08-2026 18:05:24.184 [main] [-] INFO  order-service-o.s.c.n.e.s.EurekaAutoServiceRegistration.onApplicationEvent - Updating port to 9040
12-08-2026 18:05:24.216 [DiscoveryClient-InstanceInfoReplicator-%d] [-] INFO  order-service-c.netflix.discovery.DiscoveryClient.register - DiscoveryClient_ORDER-SERVICE/DESKTOP-5CC3FG7.mshome.net:order-service:9040 - registration status: 204
12-08-2026 18:05:24.223 [main] [-] INFO  order-service-o.a.k.common.config.AbstractConfig.logAll - ConsumerConfig values: 
	allow.auto.create.topics = true
	auto.commit.interval.ms = 5000
	auto.offset.reset = latest
	bootstrap.servers = [localhost:9092]
	check.crcs = true
	client.dns.lookup = use_all_dns_ips
	client.id = consumer-order-service-1
	client.rack = 
	config.providers = []
	connections.max.idle.ms = 540000
	default.api.timeout.ms = 60000
	enable.auto.commit = false
	enable.metrics.push = true
	exclude.internal.topics = true
	fetch.max.bytes = 52428800
	fetch.max.wait.ms = 500
	fetch.min.bytes = 1
	group.id = order-service
	group.instance.id = null
	group.protocol = classic
	group.remote.assignor = null
	heartbeat.interval.ms = 3000
	interceptor.classes = []
	internal.throw.on.fetch.stable.offset.unsupported = false
	isolation.level = read_uncommitted
	key.deserializer = class org.apache.kafka.common.serialization.LongDeserializer
	max.partition.fetch.bytes = 1048576
	max.poll.interval.ms = 300000
	max.poll.records = 500
	metadata.max.age.ms = 300000
	metadata.recovery.rebootstrap.trigger.ms = 300000
	metadata.recovery.strategy = rebootstrap
	metric.reporters = [org.apache.kafka.common.metrics.JmxReporter]
	metrics.num.samples = 2
	metrics.recording.level = INFO
	metrics.sample.window.ms = 30000
	partition.assignment.strategy = [class org.apache.kafka.clients.consumer.RangeAssignor, class org.apache.kafka.clients.consumer.CooperativeStickyAssignor]
	receive.buffer.bytes = 65536
	reconnect.backoff.max.ms = 1000
	reconnect.backoff.ms = 50
	request.timeout.ms = 30000
	retry.backoff.max.ms = 1000
	retry.backoff.ms = 100
	sasl.client.callback.handler.class = null
	sasl.jaas.config = null
	sasl.kerberos.kinit.cmd = /usr/bin/kinit
	sasl.kerberos.min.time.before.relogin = 60000
	sasl.kerberos.service.name = null
	sasl.kerberos.ticket.renew.jitter = 0.05
	sasl.kerberos.ticket.renew.window.factor = 0.8
	sasl.login.callback.handler.class = null
	sasl.login.class = null
	sasl.login.connect.timeout.ms = null
	sasl.login.read.timeout.ms = null
	sasl.login.refresh.buffer.seconds = 300
	sasl.login.refresh.min.period.seconds = 60
	sasl.login.refresh.window.factor = 0.8
	sasl.login.refresh.window.jitter = 0.05
	sasl.login.retry.backoff.max.ms = 10000
	sasl.login.retry.backoff.ms = 100
	sasl.mechanism = GSSAPI
	sasl.oauthbearer.assertion.algorithm = RS256
	sasl.oauthbearer.assertion.claim.aud = null
	sasl.oauthbearer.assertion.claim.exp.seconds = 300
	sasl.oauthbearer.assertion.claim.iss = null
	sasl.oauthbearer.assertion.claim.jti.include = false
	sasl.oauthbearer.assertion.claim.nbf.seconds = 60
	sasl.oauthbearer.assertion.claim.sub = null
	sasl.oauthbearer.assertion.file = null
	sasl.oauthbearer.assertion.private.key.file = null
	sasl.oauthbearer.assertion.private.key.passphrase = null
	sasl.oauthbearer.assertion.template.file = null
	sasl.oauthbearer.client.credentials.client.id = null
	sasl.oauthbearer.client.credentials.client.secret = null
	sasl.oauthbearer.clock.skew.seconds = 30
	sasl.oauthbearer.expected.audience = []
	sasl.oauthbearer.expected.issuer = null
	sasl.oauthbearer.header.urlencode = false
	sasl.oauthbearer.jwks.endpoint.refresh.ms = 3600000
	sasl.oauthbearer.jwks.endpoint.retry.backoff.max.ms = 10000
	sasl.oauthbearer.jwks.endpoint.retry.backoff.ms = 100
	sasl.oauthbearer.jwks.endpoint.url = null
	sasl.oauthbearer.jwt.retriever.class = class org.apache.kafka.common.security.oauthbearer.DefaultJwtRetriever
	sasl.oauthbearer.jwt.validator.class = class org.apache.kafka.common.security.oauthbearer.DefaultJwtValidator
	sasl.oauthbearer.scope = null
	sasl.oauthbearer.scope.claim.name = scope
	sasl.oauthbearer.sub.claim.name = sub
	sasl.oauthbearer.token.endpoint.url = null
	security.protocol = PLAINTEXT
	security.providers = null
	send.buffer.bytes = 131072
	session.timeout.ms = 45000
	share.acknowledgement.mode = implicit
	share.acquire.mode = BATCH_OPTIMIZED
	socket.connection.setup.timeout.max.ms = 30000
	socket.connection.setup.timeout.ms = 10000
	ssl.cipher.suites = []
	ssl.enabled.protocols = [TLSv1.2, TLSv1.3]
	ssl.endpoint.identification.algorithm = https
	ssl.engine.factory.class = null
	ssl.key.password = null
	ssl.keymanager.algorithm = SunX509
	ssl.keystore.certificate.chain = null
	ssl.keystore.key = null
	ssl.keystore.location = null
	ssl.keystore.password = null
	ssl.keystore.type = JKS
	ssl.protocol = TLSv1.3
	ssl.provider = null
	ssl.secure.random.implementation = null
	ssl.trustmanager.algorithm = PKIX
	ssl.truststore.certificates = null
	ssl.truststore.location = null
	ssl.truststore.password = null
	ssl.truststore.type = JKS
	value.deserializer = class org.springframework.kafka.support.serializer.JacksonJsonDeserializer

12-08-2026 18:05:24.277 [main] [-] INFO  order-service-o.a.k.c.t.i.KafkaMetricsCollector.init - initializing Kafka metrics collector
12-08-2026 18:05:24.358 [main] [-] INFO  order-service-o.a.kafka.common.utils.AppInfoParser.<init> - Kafka version: 4.2.1
12-08-2026 18:05:24.358 [main] [-] INFO  order-service-o.a.kafka.common.utils.AppInfoParser.<init> - Kafka commitId: 92f61c44867f39dc
12-08-2026 18:05:24.358 [main] [-] INFO  order-service-o.a.kafka.common.utils.AppInfoParser.<init> - Kafka startTimeMs: 1786538124357
12-08-2026 18:05:24.369 [main] [-] INFO  order-service-o.a.k.c.c.i.ClassicKafkaConsumer.subscribeInternal - [Consumer clientId=consumer-order-service-1, groupId=order-service] Subscribed to topic(s): order-status-updated
12-08-2026 18:05:24.421 [org.springframework.kafka.KafkaListenerEndpointContainer#0-0-C-1] [-] INFO  order-service-org.apache.kafka.clients.Metadata.update - [Consumer clientId=consumer-order-service-1, groupId=order-service] Cluster ID: MkU3OEVBNTcwNTJENDM2Qk
12-08-2026 18:05:24.427 [org.springframework.kafka.KafkaListenerEndpointContainer#0-0-C-1] [-] INFO  order-service-o.a.k.c.c.i.ConsumerCoordinator.onSuccess - [Consumer clientId=consumer-order-service-1, groupId=order-service] Discovered group coordinator localhost:9092 (id: 2147483646 rack: null isFenced: false)
12-08-2026 18:05:24.433 [org.springframework.kafka.KafkaListenerEndpointContainer#0-0-C-1] [-] INFO  order-service-o.a.k.c.c.i.ConsumerCoordinator.sendJoinGroupRequest - [Consumer clientId=consumer-order-service-1, groupId=order-service] (Re-)joining group
12-08-2026 18:05:24.434 [main] [-] INFO  order-service-c.n.o.OrderServiceApplication.logStarted - Started OrderServiceApplication in 15.141 seconds (process running for 16.268)
12-08-2026 18:05:24.467 [org.springframework.kafka.KafkaListenerEndpointContainer#0-0-C-1] [-] INFO  order-service-o.a.k.c.c.i.ConsumerCoordinator.requestRejoin - [Consumer clientId=consumer-order-service-1, groupId=order-service] Request joining group due to: need to re-join with the given member-id: consumer-order-service-1-ca3a886e-a830-48ff-a9df-0e65b66376f2
12-08-2026 18:05:24.468 [org.springframework.kafka.KafkaListenerEndpointContainer#0-0-C-1] [-] INFO  order-service-o.a.k.c.c.i.ConsumerCoordinator.sendJoinGroupRequest - [Consumer clientId=consumer-order-service-1, groupId=order-service] (Re-)joining group
12-08-2026 18:05:24.473 [org.springframework.kafka.KafkaListenerEndpointContainer#0-0-C-1] [-] INFO  order-service-o.a.k.c.c.i.ConsumerCoordinator.handle - [Consumer clientId=consumer-order-service-1, groupId=order-service] Successfully joined group with generation Generation{generationId=17, memberId='consumer-order-service-1-ca3a886e-a830-48ff-a9df-0e65b66376f2', protocol='range'}
12-08-2026 18:05:24.481 [org.springframework.kafka.KafkaListenerEndpointContainer#0-0-C-1] [-] INFO  order-service-o.a.k.c.c.i.ConsumerCoordinator.onLeaderElected - [Consumer clientId=consumer-order-service-1, groupId=order-service] Finished assignment for group at generation 17: {consumer-order-service-1-ca3a886e-a830-48ff-a9df-0e65b66376f2=Assignment(partitions=[order-status-updated-0, order-status-updated-1, order-status-updated-2])}
12-08-2026 18:05:24.489 [org.springframework.kafka.KafkaListenerEndpointContainer#0-0-C-1] [-] INFO  order-service-o.a.k.c.c.i.ConsumerCoordinator.handle - [Consumer clientId=consumer-order-service-1, groupId=order-service] Successfully synced group in generation Generation{generationId=17, memberId='consumer-order-service-1-ca3a886e-a830-48ff-a9df-0e65b66376f2', protocol='range'}
12-08-2026 18:05:24.489 [org.springframework.kafka.KafkaListenerEndpointContainer#0-0-C-1] [-] INFO  order-service-o.a.k.c.c.i.ConsumerCoordinator.invokeOnAssignment - [Consumer clientId=consumer-order-service-1, groupId=order-service] Notifying assignor about the new Assignment(partitions=[order-status-updated-0, order-status-updated-1, order-status-updated-2])
12-08-2026 18:05:24.493 [org.springframework.kafka.KafkaListenerEndpointContainer#0-0-C-1] [-] INFO  order-service-o.a.k.c.c.i.ConsumerRebalanceListenerInvoker.invokePartitionsAssigned - [Consumer clientId=consumer-order-service-1, groupId=order-service] Adding newly assigned partitions: [order-status-updated-0, order-status-updated-1, order-status-updated-2]
12-08-2026 18:05:24.498 [org.springframework.kafka.KafkaListenerEndpointContainer#0-0-C-1] [-] INFO  order-service-o.a.k.c.c.i.ConsumerCoordinator.handle - [Consumer clientId=consumer-order-service-1, groupId=order-service] Found no committed offset for partition order-status-updated-2
12-08-2026 18:05:24.499 [org.springframework.kafka.KafkaListenerEndpointContainer#0-0-C-1] [-] INFO  order-service-o.a.k.c.c.i.ConsumerCoordinator.handle - [Consumer clientId=consumer-order-service-1, groupId=order-service] Found no committed offset for partition order-status-updated-1
12-08-2026 18:05:24.505 [org.springframework.kafka.KafkaListenerEndpointContainer#0-0-C-1] [-] INFO  order-service-o.a.k.c.c.i.ConsumerCoordinator.handle - [Consumer clientId=consumer-order-service-1, groupId=order-service] Found no committed offset for partition order-status-updated-2
12-08-2026 18:05:24.505 [org.springframework.kafka.KafkaListenerEndpointContainer#0-0-C-1] [-] INFO  order-service-o.a.k.c.c.i.ConsumerCoordinator.handle - [Consumer clientId=consumer-order-service-1, groupId=order-service] Found no committed offset for partition order-status-updated-1
12-08-2026 18:05:24.508 [org.springframework.kafka.KafkaListenerEndpointContainer#0-0-C-1] [-] INFO  order-service-o.a.k.c.c.internals.ConsumerUtils.refreshCommittedOffsets - Setting offset for partition order-status-updated-0 to the committed offset FetchPosition{offset=0, offsetEpoch=Optional.empty, currentLeader=LeaderAndEpoch{leader=Optional[localhost:9092 (id: 1 rack: null isFenced: false)], epoch=0}}
12-08-2026 18:05:24.523 [org.springframework.kafka.KafkaListenerEndpointContainer#0-0-C-1] [-] INFO  order-service-o.a.k.c.c.i.SubscriptionState.maybeSeekUnvalidated - [Consumer clientId=consumer-order-service-1, groupId=order-service] Resetting offset for partition order-status-updated-2 to position FetchPosition{offset=0, offsetEpoch=Optional.empty, currentLeader=LeaderAndEpoch{leader=Optional[localhost:9092 (id: 1 rack: null isFenced: false)], epoch=0}}.
12-08-2026 18:05:24.523 [org.springframework.kafka.KafkaListenerEndpointContainer#0-0-C-1] [-] INFO  order-service-o.a.k.c.c.i.SubscriptionState.maybeSeekUnvalidated - [Consumer clientId=consumer-order-service-1, groupId=order-service] Resetting offset for partition order-status-updated-1 to position FetchPosition{offset=0, offsetEpoch=Optional.empty, currentLeader=LeaderAndEpoch{leader=Optional[localhost:9092 (id: 1 rack: null isFenced: false)], epoch=0}}.
12-08-2026 18:05:24.530 [org.springframework.kafka.KafkaListenerEndpointContainer#0-0-C-1] [-] INFO  order-service-o.s.k.l.KafkaMessageListenerContainer.info - order-service: partitions assigned: [order-status-updated-0, order-status-updated-1, order-status-updated-2]
12-08-2026 18:05:30.254 [http-nio-9040-exec-1] [-] INFO  order-service-o.a.c.c.C.[.[localhost].[/orders].log - Initializing Spring DispatcherServlet 'dispatcherServlet'
12-08-2026 18:05:30.260 [http-nio-9040-exec-1] [-] INFO  order-service-o.s.web.servlet.DispatcherServlet.initServletBean - Initializing Servlet 'dispatcherServlet'
12-08-2026 18:05:30.264 [http-nio-9040-exec-1] [-] INFO  order-service-o.s.web.servlet.DispatcherServlet.initServletBean - Completed initialization in 3 ms
12-08-2026 18:05:30.617 [http-nio-9040-exec-1] [6a7c6892d53c9feac53508d1e573d387-b9b39eabc5d58848] INFO  order-service-c.n.o.service.OrdersService.createOrder - Creating order with this details : OrderRequestDto(id=null, items=[OrderRequestItemDto(id=null, productId=4, quantity=1), OrderRequestItemDto(id=null, productId=5, quantity=1)], totalPrice=null)
12-08-2026 18:05:30.967 [http-nio-9040-exec-1] [6a7c6892d53c9feac53508d1e573d387-b9b39eabc5d58848] INFO  order-service-o.a.k.common.config.AbstractConfig.logAll - ProducerConfig values: 
	acks = -1
	batch.size = 16384
	bootstrap.servers = [localhost:9092]
	buffer.memory = 33554432
	client.dns.lookup = use_all_dns_ips
	client.id = order-service-producer-1
	compression.gzip.level = -1
	compression.lz4.level = 9
	compression.type = none
	compression.zstd.level = 3
	config.providers = []
	connections.max.idle.ms = 540000
	delivery.timeout.ms = 120000
	enable.idempotence = true
	enable.metrics.push = true
	interceptor.classes = []
	key.serializer = class org.apache.kafka.common.serialization.LongSerializer
	linger.ms = 5
	max.block.ms = 60000
	max.in.flight.requests.per.connection = 5
	max.request.size = 1048576
	metadata.max.age.ms = 300000
	metadata.max.idle.ms = 300000
	metadata.recovery.rebootstrap.trigger.ms = 300000
	metadata.recovery.strategy = rebootstrap
	metric.reporters = [org.apache.kafka.common.metrics.JmxReporter]
	metrics.num.samples = 2
	metrics.recording.level = INFO
	metrics.sample.window.ms = 30000
	partitioner.adaptive.partitioning.enable = true
	partitioner.availability.timeout.ms = 0
	partitioner.class = null
	partitioner.ignore.keys = false
	receive.buffer.bytes = 32768
	reconnect.backoff.max.ms = 1000
	reconnect.backoff.ms = 50
	request.timeout.ms = 30000
	retries = 3
	retry.backoff.max.ms = 1000
	retry.backoff.ms = 100
	sasl.client.callback.handler.class = null
	sasl.jaas.config = null
	sasl.kerberos.kinit.cmd = /usr/bin/kinit
	sasl.kerberos.min.time.before.relogin = 60000
	sasl.kerberos.service.name = null
	sasl.kerberos.ticket.renew.jitter = 0.05
	sasl.kerberos.ticket.renew.window.factor = 0.8
	sasl.login.callback.handler.class = null
	sasl.login.class = null
	sasl.login.connect.timeout.ms = null
	sasl.login.read.timeout.ms = null
	sasl.login.refresh.buffer.seconds = 300
	sasl.login.refresh.min.period.seconds = 60
	sasl.login.refresh.window.factor = 0.8
	sasl.login.refresh.window.jitter = 0.05
	sasl.login.retry.backoff.max.ms = 10000
	sasl.login.retry.backoff.ms = 100
	sasl.mechanism = GSSAPI
	sasl.oauthbearer.assertion.algorithm = RS256
	sasl.oauthbearer.assertion.claim.aud = null
	sasl.oauthbearer.assertion.claim.exp.seconds = 300
	sasl.oauthbearer.assertion.claim.iss = null
	sasl.oauthbearer.assertion.claim.jti.include = false
	sasl.oauthbearer.assertion.claim.nbf.seconds = 60
	sasl.oauthbearer.assertion.claim.sub = null
	sasl.oauthbearer.assertion.file = null
	sasl.oauthbearer.assertion.private.key.file = null
	sasl.oauthbearer.assertion.private.key.passphrase = null
	sasl.oauthbearer.assertion.template.file = null
	sasl.oauthbearer.client.credentials.client.id = null
	sasl.oauthbearer.client.credentials.client.secret = null
	sasl.oauthbearer.clock.skew.seconds = 30
	sasl.oauthbearer.expected.audience = []
	sasl.oauthbearer.expected.issuer = null
	sasl.oauthbearer.header.urlencode = false
	sasl.oauthbearer.jwks.endpoint.refresh.ms = 3600000
	sasl.oauthbearer.jwks.endpoint.retry.backoff.max.ms = 10000
	sasl.oauthbearer.jwks.endpoint.retry.backoff.ms = 100
	sasl.oauthbearer.jwks.endpoint.url = null
	sasl.oauthbearer.jwt.retriever.class = class org.apache.kafka.common.security.oauthbearer.DefaultJwtRetriever
	sasl.oauthbearer.jwt.validator.class = class org.apache.kafka.common.security.oauthbearer.DefaultJwtValidator
	sasl.oauthbearer.scope = null
	sasl.oauthbearer.scope.claim.name = scope
	sasl.oauthbearer.sub.claim.name = sub
	sasl.oauthbearer.token.endpoint.url = null
	security.protocol = PLAINTEXT
	security.providers = null
	send.buffer.bytes = 131072
	socket.connection.setup.timeout.max.ms = 30000
	socket.connection.setup.timeout.ms = 10000
	ssl.cipher.suites = []
	ssl.enabled.protocols = [TLSv1.2, TLSv1.3]
	ssl.endpoint.identification.algorithm = https
	ssl.engine.factory.class = null
	ssl.key.password = null
	ssl.keymanager.algorithm = SunX509
	ssl.keystore.certificate.chain = null
	ssl.keystore.key = null
	ssl.keystore.location = null
	ssl.keystore.password = null
	ssl.keystore.type = JKS
	ssl.protocol = TLSv1.3
	ssl.provider = null
	ssl.secure.random.implementation = null
	ssl.trustmanager.algorithm = PKIX
	ssl.truststore.certificates = null
	ssl.truststore.location = null
	ssl.truststore.password = null
	ssl.truststore.type = JKS
	transaction.timeout.ms = 60000
	transaction.two.phase.commit.enable = false
	transactional.id = null
	value.serializer = class org.springframework.kafka.support.serializer.JacksonJsonSerializer

12-08-2026 18:05:30.967 [http-nio-9040-exec-1] [6a7c6892d53c9feac53508d1e573d387-b9b39eabc5d58848] INFO  order-service-o.a.k.c.t.i.KafkaMetricsCollector.init - initializing Kafka metrics collector
12-08-2026 18:05:31.010 [http-nio-9040-exec-1] [6a7c6892d53c9feac53508d1e573d387-b9b39eabc5d58848] INFO  order-service-o.a.k.clients.producer.KafkaProducer.configureTransactionState - [Producer clientId=order-service-producer-1] Instantiated an idempotent producer.
12-08-2026 18:05:31.059 [http-nio-9040-exec-1] [6a7c6892d53c9feac53508d1e573d387-b9b39eabc5d58848] INFO  order-service-o.a.kafka.common.utils.AppInfoParser.<init> - Kafka version: 4.2.1
12-08-2026 18:05:31.059 [http-nio-9040-exec-1] [6a7c6892d53c9feac53508d1e573d387-b9b39eabc5d58848] INFO  order-service-o.a.kafka.common.utils.AppInfoParser.<init> - Kafka commitId: 92f61c44867f39dc
12-08-2026 18:05:31.059 [http-nio-9040-exec-1] [6a7c6892d53c9feac53508d1e573d387-b9b39eabc5d58848] INFO  order-service-o.a.kafka.common.utils.AppInfoParser.<init> - Kafka startTimeMs: 1786538131059
12-08-2026 18:05:31.078 [kafka-producer-network-thread | order-service-producer-1] [-] INFO  order-service-org.apache.kafka.clients.Metadata.update - [Producer clientId=order-service-producer-1] Cluster ID: MkU3OEVBNTcwNTJENDM2Qk
12-08-2026 18:05:31.079 [kafka-producer-network-thread | order-service-producer-1] [-] INFO  order-service-o.a.k.c.p.i.TransactionManager.setProducerIdAndEpoch - [Producer clientId=order-service-producer-1] ProducerId set to 20 with epoch 0
12-08-2026 18:05:32.785 [AsyncReporter{ZipkinHttpClientSender{http://localhost:9411/api/v2/spans}}] [-] WARN  order-service-z.r.i.AsyncReporter$BoundedAsyncReporter.flush - Spans were dropped due to exceptions. All subsequent errors will be logged at FINE level.
12-08-2026 18:05:32.787 [AsyncReporter{ZipkinHttpClientSender{http://localhost:9411/api/v2/spans}}] [-] WARN  order-service-z.r.i.AsyncReporter$BoundedAsyncReporter.flush - Dropped 1 spans due to ConnectException()
java.net.ConnectException
	at java.net.http/jdk.internal.net.http.HttpClientImpl.send(HttpClientImpl.java:923)
	at java.net.http/jdk.internal.net.http.HttpClientFacade.send(HttpClientFacade.java:133)
	at org.springframework.boot.zipkin.autoconfigure.ZipkinHttpClientSender.postSpans(ZipkinHttpClientSender.java:59)
	at org.springframework.boot.zipkin.autoconfigure.HttpSender.postSpans(HttpSender.java:69)
	at org.springframework.boot.zipkin.autoconfigure.HttpSender.postSpans(HttpSender.java:41)
	at zipkin2.reporter.BaseHttpSender.send(BaseHttpSender.java:123)
	at zipkin2.reporter.internal.AsyncReporter$BoundedAsyncReporter.flush(AsyncReporter.java:266)
	at zipkin2.reporter.internal.AsyncReporter$Flusher.run(AsyncReporter.java:352)
	at java.base/java.lang.Thread.run(Thread.java:1474)
Caused by: java.net.ConnectException
	at java.net.http/jdk.internal.net.http.common.Utils.toConnectException(Utils.java:1070)
	at java.net.http/jdk.internal.net.http.PlainHttpConnection.connectAsync(PlainHttpConnection.java:223)
	at java.net.http/jdk.internal.net.http.PlainHttpConnection.checkRetryConnect(PlainHttpConnection.java:277)
	at java.net.http/jdk.internal.net.http.PlainHttpConnection.lambda$connectAsync$0(PlainHttpConnection.java:235)
	at java.base/java.util.concurrent.CompletableFuture.uniHandle(CompletableFuture.java:955)
	at java.base/java.util.concurrent.CompletableFuture$UniHandle.tryFire(CompletableFuture.java:932)
	at java.base/java.util.concurrent.CompletableFuture.postComplete(CompletableFuture.java:531)
	at java.base/java.util.concurrent.CompletableFuture$AsyncSupply.run(CompletableFuture.java:1794)
	at java.base/java.util.concurrent.ThreadPoolExecutor.runWorker(ThreadPoolExecutor.java:1090)
	at java.base/java.util.concurrent.ThreadPoolExecutor$Worker.run(ThreadPoolExecutor.java:614)
	... 1 common frames omitted
Caused by: java.nio.channels.ClosedChannelException
	at java.base/sun.nio.ch.SocketChannelImpl.ensureOpen(SocketChannelImpl.java:204)
	at java.base/sun.nio.ch.SocketChannelImpl.connect(SocketChannelImpl.java:942)
	at java.net.http/jdk.internal.net.http.PlainHttpConnection.connectAsync(PlainHttpConnection.java:211)
	... 9 common frames omitted
12-08-2026 18:10:23.801 [AsyncResolver-bootstrap-executor-%d] [-] INFO  order-service-c.n.d.s.r.aws.ConfigClusterResolver.getClusterEndpoints - Resolving eureka endpoints via configuration
12-08-2026 18:15:23.815 [AsyncResolver-bootstrap-executor-%d] [-] INFO  order-service-c.n.d.s.r.aws.ConfigClusterResolver.getClusterEndpoints - Resolving eureka endpoints via configuration
12-08-2026 18:20:23.817 [AsyncResolver-bootstrap-executor-%d] [-] INFO  order-service-c.n.d.s.r.aws.ConfigClusterResolver.getClusterEndpoints - Resolving eureka endpoints via configuration
12-08-2026 18:25:23.832 [AsyncResolver-bootstrap-executor-%d] [-] INFO  order-service-c.n.d.s.r.aws.ConfigClusterResolver.getClusterEndpoints - Resolving eureka endpoints via configuration
12-08-2026 18:30:23.833 [AsyncResolver-bootstrap-executor-%d] [-] INFO  order-service-c.n.d.s.r.aws.ConfigClusterResolver.getClusterEndpoints - Resolving eureka endpoints via configuration
12-08-2026 18:35:23.835 [AsyncResolver-bootstrap-executor-%d] [-] INFO  order-service-c.n.d.s.r.aws.ConfigClusterResolver.getClusterEndpoints - Resolving eureka endpoints via configuration
12-08-2026 18:40:23.846 [AsyncResolver-bootstrap-executor-%d] [-] INFO  order-service-c.n.d.s.r.aws.ConfigClusterResolver.getClusterEndpoints - Resolving eureka endpoints via configuration
12-08-2026 18:45:23.861 [AsyncResolver-bootstrap-executor-%d] [-] INFO  order-service-c.n.d.s.r.aws.ConfigClusterResolver.getClusterEndpoints - Resolving eureka endpoints via configuration
12-08-2026 18:50:23.870 [AsyncResolver-bootstrap-executor-%d] [-] INFO  order-service-c.n.d.s.r.aws.ConfigClusterResolver.getClusterEndpoints - Resolving eureka endpoints via configuration
12-08-2026 18:53:50.955 [http-nio-9040-exec-2] [6a7c73e661ad3d35b2a7d39296906b5b-dcb262dedd5d249a] INFO  order-service-c.n.o.service.OrdersService.createOrder - Creating order with this details : OrderRequestDto(id=null, items=[OrderRequestItemDto(id=null, productId=4, quantity=1), OrderRequestItemDto(id=null, productId=5, quantity=1)], totalPrice=null)
12-08-2026 18:55:23.882 [AsyncResolver-bootstrap-executor-%d] [-] INFO  order-service-c.n.d.s.r.aws.ConfigClusterResolver.getClusterEndpoints - Resolving eureka endpoints via configuration
12-08-2026 19:00:23.888 [AsyncResolver-bootstrap-executor-%d] [-] INFO  order-service-c.n.d.s.r.aws.ConfigClusterResolver.getClusterEndpoints - Resolving eureka endpoints via configuration
12-08-2026 19:05:23.902 [AsyncResolver-bootstrap-executor-%d] [-] INFO  order-service-c.n.d.s.r.aws.ConfigClusterResolver.getClusterEndpoints - Resolving eureka endpoints via configuration
12-08-2026 19:10:23.911 [AsyncResolver-bootstrap-executor-%d] [-] INFO  order-service-c.n.d.s.r.aws.ConfigClusterResolver.getClusterEndpoints - Resolving eureka endpoints via configuration
12-08-2026 19:15:02.246 [http-nio-9040-exec-5] [6a7c78dec42c55f542b5dbc49129ec6b-504ab3aa6d56339f] INFO  order-service-c.n.o.service.OrdersService.createOrder - Creating order with this details : OrderRequestDto(id=null, items=[OrderRequestItemDto(id=null, productId=4, quantity=1), OrderRequestItemDto(id=null, productId=5, quantity=1)], totalPrice=null)
12-08-2026 19:15:23.925 [AsyncResolver-bootstrap-executor-%d] [-] INFO  order-service-c.n.d.s.r.aws.ConfigClusterResolver.getClusterEndpoints - Resolving eureka endpoints via configuration
12-08-2026 19:20:23.934 [AsyncResolver-bootstrap-executor-%d] [-] INFO  order-service-c.n.d.s.r.aws.ConfigClusterResolver.getClusterEndpoints - Resolving eureka endpoints via configuration
12-08-2026 19:23:31.603 [HikariPool-1:housekeeper] [-] WARN  order-service-com.zaxxer.hikari.pool.HikariPool.run - HikariPool-1 - Thread starvation or clock leap detected (housekeeper delta=1m12s219ms899µs800ns).
12-08-2026 19:25:05.100 [SpringApplicationShutdownHook] [-] INFO  order-service-o.s.c.n.e.s.EurekaServiceRegistry.deregister - Unregistering application ORDER-SERVICE with eureka with status DOWN
12-08-2026 19:25:05.101 [SpringApplicationShutdownHook] [-] INFO  order-service-c.netflix.discovery.DiscoveryClient.notify - Saw local status change event StatusChangeEvent [timestamp=1786542905101, current=DOWN, previous=UP]
12-08-2026 19:25:05.103 [DiscoveryClient-InstanceInfoReplicator-%d] [-] INFO  order-service-c.netflix.discovery.DiscoveryClient.register - DiscoveryClient_ORDER-SERVICE/DESKTOP-5CC3FG7.mshome.net:order-service:9040: registering service...
12-08-2026 19:25:05.124 [DiscoveryClient-InstanceInfoReplicator-%d] [-] INFO  order-service-c.netflix.discovery.DiscoveryClient.register - DiscoveryClient_ORDER-SERVICE/DESKTOP-5CC3FG7.mshome.net:order-service:9040 - registration status: 204
12-08-2026 19:25:05.165 [org.springframework.kafka.KafkaListenerEndpointContainer#0-0-C-1] [-] INFO  order-service-o.a.k.c.c.i.ConsumerRebalanceListenerInvoker.invokePartitionsRevoked - [Consumer clientId=consumer-order-service-1, groupId=order-service] Revoke previously assigned partitions [order-status-updated-0, order-status-updated-1, order-status-updated-2]
12-08-2026 19:25:05.175 [org.springframework.kafka.KafkaListenerEndpointContainer#0-0-C-1] [-] INFO  order-service-o.s.k.l.KafkaMessageListenerContainer.info - order-service: partitions revoked: [order-status-updated-0, order-status-updated-1, order-status-updated-2]
12-08-2026 19:25:05.181 [org.springframework.kafka.KafkaListenerEndpointContainer#0-0-C-1] [-] INFO  order-service-o.a.k.c.c.i.ConsumerCoordinator.maybeLeaveGroup - [Consumer clientId=consumer-order-service-1, groupId=order-service] Member consumer-order-service-1-ca3a886e-a830-48ff-a9df-0e65b66376f2 sending LeaveGroup request to coordinator localhost:9092 (id: 2147483646 rack: null isFenced: false) due to the consumer unsubscribed from all topics
12-08-2026 19:25:05.185 [org.springframework.kafka.KafkaListenerEndpointContainer#0-0-C-1] [-] INFO  order-service-o.a.k.c.c.i.ConsumerCoordinator.resetStateAndGeneration - [Consumer clientId=consumer-order-service-1, groupId=order-service] Resetting generation and member id due to: consumer pro-actively leaving the group
12-08-2026 19:25:05.186 [org.springframework.kafka.KafkaListenerEndpointContainer#0-0-C-1] [-] INFO  order-service-o.a.k.c.c.i.ConsumerCoordinator.requestRejoin - [Consumer clientId=consumer-order-service-1, groupId=order-service] Request joining group due to: consumer pro-actively leaving the group
12-08-2026 19:25:05.186 [org.springframework.kafka.KafkaListenerEndpointContainer#0-0-C-1] [-] INFO  order-service-o.a.k.c.c.i.ClassicKafkaConsumer.unsubscribe - [Consumer clientId=consumer-order-service-1, groupId=order-service] Unsubscribed all topics or patterns and assigned partitions
12-08-2026 19:25:05.199 [org.springframework.kafka.KafkaListenerEndpointContainer#0-0-C-1] [-] INFO  order-service-o.a.k.c.c.i.ConsumerCoordinator.resetStateAndGeneration - [Consumer clientId=consumer-order-service-1, groupId=order-service] Resetting generation and member id due to: consumer pro-actively leaving the group
12-08-2026 19:25:05.200 [org.springframework.kafka.KafkaListenerEndpointContainer#0-0-C-1] [-] INFO  order-service-o.a.k.c.c.i.ConsumerCoordinator.requestRejoin - [Consumer clientId=consumer-order-service-1, groupId=order-service] Request joining group due to: consumer pro-actively leaving the group
12-08-2026 19:25:05.353 [org.springframework.kafka.KafkaListenerEndpointContainer#0-0-C-1] [-] INFO  order-service-o.a.kafka.common.metrics.Metrics.close - Metrics scheduler closed
12-08-2026 19:25:05.354 [org.springframework.kafka.KafkaListenerEndpointContainer#0-0-C-1] [-] INFO  order-service-o.a.kafka.common.metrics.Metrics.close - Closing reporter org.apache.kafka.common.metrics.JmxReporter
12-08-2026 19:25:05.355 [org.springframework.kafka.KafkaListenerEndpointContainer#0-0-C-1] [-] INFO  order-service-o.a.kafka.common.metrics.Metrics.close - Closing reporter org.apache.kafka.common.telemetry.internals.ClientTelemetryReporter
12-08-2026 19:25:05.355 [org.springframework.kafka.KafkaListenerEndpointContainer#0-0-C-1] [-] INFO  order-service-o.a.kafka.common.metrics.Metrics.close - Metrics reporters closed
12-08-2026 19:25:05.372 [org.springframework.kafka.KafkaListenerEndpointContainer#0-0-C-1] [-] INFO  order-service-o.a.kafka.common.utils.AppInfoParser.unregisterAppInfo - App info kafka.consumer for consumer-order-service-1 unregistered
12-08-2026 19:25:05.377 [org.springframework.kafka.KafkaListenerEndpointContainer#0-0-C-1] [-] INFO  order-service-o.s.k.l.KafkaMessageListenerContainer.info - order-service: Consumer stopped
12-08-2026 19:25:05.387 [SpringApplicationShutdownHook] [-] INFO  order-service-o.s.boot.tomcat.GracefulShutdown.shutDownGracefully - Commencing graceful shutdown. Waiting for active requests to complete
12-08-2026 19:25:05.431 [tomcat-shutdown] [-] INFO  order-service-o.s.boot.tomcat.GracefulShutdown.doShutdown - Graceful shutdown complete
12-08-2026 19:25:05.441 [SpringApplicationShutdownHook] [-] INFO  order-service-o.a.k.clients.producer.KafkaProducer.close - [Producer clientId=order-service-producer-1] Closing the Kafka producer with timeoutMillis = 30000 ms.
12-08-2026 19:25:05.448 [SpringApplicationShutdownHook] [-] INFO  order-service-o.a.kafka.common.metrics.Metrics.close - Metrics scheduler closed
12-08-2026 19:25:05.449 [SpringApplicationShutdownHook] [-] INFO  order-service-o.a.kafka.common.metrics.Metrics.close - Closing reporter org.apache.kafka.common.metrics.JmxReporter
12-08-2026 19:25:05.449 [SpringApplicationShutdownHook] [-] INFO  order-service-o.a.kafka.common.metrics.Metrics.close - Closing reporter org.apache.kafka.common.telemetry.internals.ClientTelemetryReporter
12-08-2026 19:25:05.449 [SpringApplicationShutdownHook] [-] INFO  order-service-o.a.kafka.common.metrics.Metrics.close - Metrics reporters closed
12-08-2026 19:25:05.451 [SpringApplicationShutdownHook] [-] INFO  order-service-o.a.kafka.common.utils.AppInfoParser.unregisterAppInfo - App info kafka.producer for order-service-producer-1 unregistered
12-08-2026 19:25:05.486 [SpringApplicationShutdownHook] [-] INFO  order-service-o.s.o.j.LocalContainerEntityManagerFactoryBean.destroy - Closing JPA EntityManagerFactory for persistence unit 'default'
12-08-2026 19:25:05.525 [SpringApplicationShutdownHook] [-] INFO  order-service-com.zaxxer.hikari.HikariDataSource.close - HikariPool-1 - Shutdown initiated...
12-08-2026 19:25:05.533 [SpringApplicationShutdownHook] [-] INFO  order-service-com.zaxxer.hikari.HikariDataSource.close - HikariPool-1 - Shutdown completed.
12-08-2026 19:25:05.560 [SpringApplicationShutdownHook] [-] INFO  order-service-c.netflix.discovery.DiscoveryClient.shutdown - Shutting down DiscoveryClient ...
12-08-2026 19:25:08.562 [SpringApplicationShutdownHook] [-] INFO  order-service-c.netflix.discovery.DiscoveryClient.unregister - Unregistering ...
12-08-2026 19:25:08.593 [SpringApplicationShutdownHook] [-] INFO  order-service-c.n.d.s.t.d.RedirectingEurekaHttpClient.execute - Request execution error. endpoint=DefaultEndpoint{ serviceUrl='http://localhost:8761/eureka/} exception=I/O error on DELETE request for "http://localhost:8761/eureka/apps/ORDER-SERVICE/DESKTOP-5CC3FG7.mshome.net:order-service:9040": Connect to http://localhost:8761 failed: Connection refused: getsockopt
org.springframework.web.client.ResourceAccessException: I/O error on DELETE request for "http://localhost:8761/eureka/apps/ORDER-SERVICE/DESKTOP-5CC3FG7.mshome.net:order-service:9040": Connect to http://localhost:8761 failed: Connection refused: getsockopt
	at org.springframework.web.client.DefaultRestClient$DefaultRequestBodyUriSpec.createResourceAccessException(DefaultRestClient.java:779)
	at org.springframework.web.client.DefaultRestClient$DefaultRequestBodyUriSpec.exchangeInternal(DefaultRestClient.java:624)
	at org.springframework.web.client.DefaultRestClient$DefaultRequestBodyUriSpec.exchange(DefaultRestClient.java:572)
	at org.springframework.web.client.RestClient$RequestHeadersSpec.exchange(RestClient.java:747)
	at org.springframework.web.client.DefaultRestClient$DefaultResponseSpec.executeAndExtract(DefaultRestClient.java:924)
	at org.springframework.web.client.DefaultRestClient$DefaultResponseSpec.toBodilessEntity(DefaultRestClient.java:888)
	at org.springframework.cloud.netflix.eureka.http.RestClientEurekaHttpClient.cancel(RestClientEurekaHttpClient.java:73)
	at com.netflix.discovery.shared.transport.decorator.EurekaHttpClientDecorator$2.execute(EurekaHttpClientDecorator.java:74)
	at com.netflix.discovery.shared.transport.decorator.RedirectingEurekaHttpClient.execute(RedirectingEurekaHttpClient.java:90)
	at com.netflix.discovery.shared.transport.decorator.EurekaHttpClientDecorator.cancel(EurekaHttpClientDecorator.java:71)
	at com.netflix.discovery.shared.transport.decorator.EurekaHttpClientDecorator$2.execute(EurekaHttpClientDecorator.java:74)
	at com.netflix.discovery.shared.transport.decorator.RetryableEurekaHttpClient.execute(RetryableEurekaHttpClient.java:120)
	at com.netflix.discovery.shared.transport.decorator.EurekaHttpClientDecorator.cancel(EurekaHttpClientDecorator.java:71)
	at com.netflix.discovery.shared.transport.decorator.EurekaHttpClientDecorator$2.execute(EurekaHttpClientDecorator.java:74)
	at com.netflix.discovery.shared.transport.decorator.SessionedEurekaHttpClient.execute(SessionedEurekaHttpClient.java:76)
	at com.netflix.discovery.shared.transport.decorator.EurekaHttpClientDecorator.cancel(EurekaHttpClientDecorator.java:71)
	at com.netflix.discovery.DiscoveryClient.unregister(DiscoveryClient.java:934)
	at com.netflix.discovery.DiscoveryClient.shutdown(DiscoveryClient.java:915)
	at java.base/jdk.internal.reflect.DirectMethodHandleAccessor.invoke(DirectMethodHandleAccessor.java:104)
	at java.base/java.lang.reflect.Method.invoke(Method.java:565)
	at org.springframework.beans.factory.annotation.InitDestroyAnnotationBeanPostProcessor$LifecycleMethod.invoke(InitDestroyAnnotationBeanPostProcessor.java:453)
	at org.springframework.beans.factory.annotation.InitDestroyAnnotationBeanPostProcessor$LifecycleMetadata.invokeDestroyMethods(InitDestroyAnnotationBeanPostProcessor.java:411)
	at org.springframework.beans.factory.annotation.InitDestroyAnnotationBeanPostProcessor.postProcessBeforeDestruction(InitDestroyAnnotationBeanPostProcessor.java:237)
	at org.springframework.beans.factory.support.DisposableBeanAdapter.destroy(DisposableBeanAdapter.java:200)
	at org.springframework.beans.factory.support.DisposableBeanAdapter.run(DisposableBeanAdapter.java:193)
	at org.springframework.cloud.context.scope.GenericScope$BeanLifecycleWrapper.destroy(GenericScope.java:387)
	at org.springframework.cloud.context.scope.GenericScope.destroy(GenericScope.java:134)
	at org.springframework.beans.factory.support.DisposableBeanAdapter.destroy(DisposableBeanAdapter.java:209)
	at org.springframework.beans.factory.support.DefaultSingletonBeanRegistry.destroyBean(DefaultSingletonBeanRegistry.java:795)
	at org.springframework.beans.factory.support.DefaultSingletonBeanRegistry.destroySingleton(DefaultSingletonBeanRegistry.java:745)
	at org.springframework.beans.factory.support.DefaultListableBeanFactory.destroySingleton(DefaultListableBeanFactory.java:1507)
	at org.springframework.beans.factory.support.DefaultSingletonBeanRegistry.destroySingletons(DefaultSingletonBeanRegistry.java:704)
	at org.springframework.beans.factory.support.DefaultListableBeanFactory.destroySingletons(DefaultListableBeanFactory.java:1500)
	at org.springframework.context.support.AbstractApplicationContext.destroyBeans(AbstractApplicationContext.java:1246)
	at org.springframework.context.support.AbstractApplicationContext.doClose(AbstractApplicationContext.java:1207)
	at org.springframework.boot.web.server.servlet.context.ServletWebServerApplicationContext.doClose(ServletWebServerApplicationContext.java:176)
	at org.springframework.context.support.AbstractApplicationContext.close(AbstractApplicationContext.java:1153)
	at org.springframework.boot.SpringApplicationShutdownHook.closeAndWait(SpringApplicationShutdownHook.java:147)
	at java.base/java.lang.Iterable.forEach(Iterable.java:75)
	at org.springframework.boot.SpringApplicationShutdownHook.run(SpringApplicationShutdownHook.java:116)
	at java.base/java.lang.Thread.run(Thread.java:1474)
Caused by: org.apache.hc.client5.http.HttpHostConnectException: Connect to http://localhost:8761 failed: Connection refused: getsockopt
	at java.base/sun.nio.ch.Net.pollConnect(Native Method)
	at java.base/sun.nio.ch.Net.pollConnectNow(Net.java:639)
	at java.base/sun.nio.ch.NioSocketImpl.timedFinishConnect(NioSocketImpl.java:543)
	at java.base/sun.nio.ch.NioSocketImpl.connect(NioSocketImpl.java:594)
	at java.base/java.net.SocksSocketImpl.connect(SocksSocketImpl.java:284)
	at java.base/java.net.Socket.connect(Socket.java:659)
	at org.apache.hc.client5.http.impl.io.DefaultHttpClientConnectionOperator.connect(DefaultHttpClientConnectionOperator.java:219)
	at org.apache.hc.client5.http.impl.io.PoolingHttpClientConnectionManager.connect(PoolingHttpClientConnectionManager.java:547)
	at org.apache.hc.client5.http.impl.classic.InternalExecRuntime.connectEndpoint(InternalExecRuntime.java:164)
	at org.apache.hc.client5.http.impl.classic.InternalExecRuntime.connectEndpoint(InternalExecRuntime.java:174)
	at org.apache.hc.client5.http.impl.classic.ConnectExec.execute(ConnectExec.java:144)
	at org.apache.hc.client5.http.impl.classic.ExecChainElement.execute(ExecChainElement.java:51)
	at org.apache.hc.client5.http.impl.classic.ProtocolExec.execute(ProtocolExec.java:192)
	at org.apache.hc.client5.http.impl.classic.ExecChainElement.execute(ExecChainElement.java:51)
	at org.apache.hc.client5.http.impl.classic.ContentCompressionExec.execute(ContentCompressionExec.java:138)
	at org.apache.hc.client5.http.impl.classic.ExecChainElement.execute(ExecChainElement.java:51)
	at org.apache.hc.client5.http.impl.classic.HttpRequestRetryExec.execute(HttpRequestRetryExec.java:112)
	at org.apache.hc.client5.http.impl.classic.ExecChainElement.execute(ExecChainElement.java:51)
	at org.apache.hc.client5.http.impl.classic.RedirectExec.execute(RedirectExec.java:110)
	at org.apache.hc.client5.http.impl.classic.ExecChainElement.execute(ExecChainElement.java:51)
	at org.apache.hc.client5.http.impl.classic.InternalHttpClient.doExecute(InternalHttpClient.java:185)
	at org.apache.hc.client5.http.impl.classic.CloseableHttpClient.execute(CloseableHttpClient.java:87)
	at org.apache.hc.client5.http.impl.classic.CloseableHttpClient.execute(CloseableHttpClient.java:55)
	at org.apache.hc.client5.http.classic.HttpClient.executeOpen(HttpClient.java:183)
	at org.springframework.http.client.HttpComponentsClientHttpRequest.executeInternal(HttpComponentsClientHttpRequest.java:99)
	at org.springframework.http.client.AbstractStreamingClientHttpRequest.executeInternal(AbstractStreamingClientHttpRequest.java:87)
	at org.springframework.http.client.AbstractClientHttpRequest.execute(AbstractClientHttpRequest.java:80)
	at org.springframework.http.client.AbstractBufferingClientHttpRequest.executeWithRequestAndBody(AbstractBufferingClientHttpRequest.java:89)
	at org.springframework.http.client.InterceptingClientHttpRequest$EndOfChainRequestExecution.execute(InterceptingClientHttpRequest.java:102)
	at org.springframework.cloud.netflix.eureka.http.RestClientTransportClientFactory.lambda$newClient$2(RestClientTransportClientFactory.java:98)
	at org.springframework.http.client.ClientHttpRequestInterceptor.lambda$apply$0(ClientHttpRequestInterceptor.java:89)
	at org.springframework.http.client.InterceptingClientHttpRequest.executeInternal(InterceptingClientHttpRequest.java:73)
	at org.springframework.http.client.AbstractBufferingClientHttpRequest.executeInternal(AbstractBufferingClientHttpRequest.java:50)
	at org.springframework.http.client.AbstractClientHttpRequest.execute(AbstractClientHttpRequest.java:80)
	at org.springframework.web.client.DefaultRestClient$DefaultRequestBodyUriSpec.exchangeInternal(DefaultRestClient.java:614)
	... 39 common frames omitted
12-08-2026 19:25:08.594 [SpringApplicationShutdownHook] [-] WARN  order-service-c.n.d.s.t.d.RetryableEurekaHttpClient.execute - Request execution failed with message: I/O error on DELETE request for "http://localhost:8761/eureka/apps/ORDER-SERVICE/DESKTOP-5CC3FG7.mshome.net:order-service:9040": Connect to http://localhost:8761 failed: Connection refused: getsockopt
12-08-2026 19:25:08.601 [SpringApplicationShutdownHook] [-] INFO  order-service-c.n.d.s.t.d.RedirectingEurekaHttpClient.execute - Request execution error. endpoint=DefaultEndpoint{ serviceUrl='http://localhost:8761/eureka/}, exception=I/O error on DELETE request for "http://localhost:8761/eureka/apps/ORDER-SERVICE/DESKTOP-5CC3FG7.mshome.net:order-service:9040": Connect to http://localhost:8761 failed: Connection refused: getsockopt
org.springframework.web.client.ResourceAccessException: I/O error on DELETE request for "http://localhost:8761/eureka/apps/ORDER-SERVICE/DESKTOP-5CC3FG7.mshome.net:order-service:9040": Connect to http://localhost:8761 failed: Connection refused: getsockopt
	at org.springframework.web.client.DefaultRestClient$DefaultRequestBodyUriSpec.createResourceAccessException(DefaultRestClient.java:779)
	at org.springframework.web.client.DefaultRestClient$DefaultRequestBodyUriSpec.exchangeInternal(DefaultRestClient.java:624)
	at org.springframework.web.client.DefaultRestClient$DefaultRequestBodyUriSpec.exchange(DefaultRestClient.java:572)
	at org.springframework.web.client.RestClient$RequestHeadersSpec.exchange(RestClient.java:747)
	at org.springframework.web.client.DefaultRestClient$DefaultResponseSpec.executeAndExtract(DefaultRestClient.java:924)
	at org.springframework.web.client.DefaultRestClient$DefaultResponseSpec.toBodilessEntity(DefaultRestClient.java:888)
	at org.springframework.cloud.netflix.eureka.http.RestClientEurekaHttpClient.cancel(RestClientEurekaHttpClient.java:73)
	at com.netflix.discovery.shared.transport.decorator.EurekaHttpClientDecorator$2.execute(EurekaHttpClientDecorator.java:74)
	at com.netflix.discovery.shared.transport.decorator.RedirectingEurekaHttpClient.executeOnNewServer(RedirectingEurekaHttpClient.java:120)
	at com.netflix.discovery.shared.transport.decorator.RedirectingEurekaHttpClient.execute(RedirectingEurekaHttpClient.java:79)
	at com.netflix.discovery.shared.transport.decorator.EurekaHttpClientDecorator.cancel(EurekaHttpClientDecorator.java:71)
	at com.netflix.discovery.shared.transport.decorator.EurekaHttpClientDecorator$2.execute(EurekaHttpClientDecorator.java:74)
	at com.netflix.discovery.shared.transport.decorator.RetryableEurekaHttpClient.execute(RetryableEurekaHttpClient.java:120)
	at com.netflix.discovery.shared.transport.decorator.EurekaHttpClientDecorator.cancel(EurekaHttpClientDecorator.java:71)
	at com.netflix.discovery.shared.transport.decorator.EurekaHttpClientDecorator$2.execute(EurekaHttpClientDecorator.java:74)
	at com.netflix.discovery.shared.transport.decorator.SessionedEurekaHttpClient.execute(SessionedEurekaHttpClient.java:76)
	at com.netflix.discovery.shared.transport.decorator.EurekaHttpClientDecorator.cancel(EurekaHttpClientDecorator.java:71)
	at com.netflix.discovery.DiscoveryClient.unregister(DiscoveryClient.java:934)
	at com.netflix.discovery.DiscoveryClient.shutdown(DiscoveryClient.java:915)
	at java.base/jdk.internal.reflect.DirectMethodHandleAccessor.invoke(DirectMethodHandleAccessor.java:104)
	at java.base/java.lang.reflect.Method.invoke(Method.java:565)
	at org.springframework.beans.factory.annotation.InitDestroyAnnotationBeanPostProcessor$LifecycleMethod.invoke(InitDestroyAnnotationBeanPostProcessor.java:453)
	at org.springframework.beans.factory.annotation.InitDestroyAnnotationBeanPostProcessor$LifecycleMetadata.invokeDestroyMethods(InitDestroyAnnotationBeanPostProcessor.java:411)
	at org.springframework.beans.factory.annotation.InitDestroyAnnotationBeanPostProcessor.postProcessBeforeDestruction(InitDestroyAnnotationBeanPostProcessor.java:237)
	at org.springframework.beans.factory.support.DisposableBeanAdapter.destroy(DisposableBeanAdapter.java:200)
	at org.springframework.beans.factory.support.DisposableBeanAdapter.run(DisposableBeanAdapter.java:193)
	at org.springframework.cloud.context.scope.GenericScope$BeanLifecycleWrapper.destroy(GenericScope.java:387)
	at org.springframework.cloud.context.scope.GenericScope.destroy(GenericScope.java:134)
	at org.springframework.beans.factory.support.DisposableBeanAdapter.destroy(DisposableBeanAdapter.java:209)
	at org.springframework.beans.factory.support.DefaultSingletonBeanRegistry.destroyBean(DefaultSingletonBeanRegistry.java:795)
	at org.springframework.beans.factory.support.DefaultSingletonBeanRegistry.destroySingleton(DefaultSingletonBeanRegistry.java:745)
	at org.springframework.beans.factory.support.DefaultListableBeanFactory.destroySingleton(DefaultListableBeanFactory.java:1507)
	at org.springframework.beans.factory.support.DefaultSingletonBeanRegistry.destroySingletons(DefaultSingletonBeanRegistry.java:704)
	at org.springframework.beans.factory.support.DefaultListableBeanFactory.destroySingletons(DefaultListableBeanFactory.java:1500)
	at org.springframework.context.support.AbstractApplicationContext.destroyBeans(AbstractApplicationContext.java:1246)
	at org.springframework.context.support.AbstractApplicationContext.doClose(AbstractApplicationContext.java:1207)
	at org.springframework.boot.web.server.servlet.context.ServletWebServerApplicationContext.doClose(ServletWebServerApplicationContext.java:176)
	at org.springframework.context.support.AbstractApplicationContext.close(AbstractApplicationContext.java:1153)
	at org.springframework.boot.SpringApplicationShutdownHook.closeAndWait(SpringApplicationShutdownHook.java:147)
	at java.base/java.lang.Iterable.forEach(Iterable.java:75)
	at org.springframework.boot.SpringApplicationShutdownHook.run(SpringApplicationShutdownHook.java:116)
	at java.base/java.lang.Thread.run(Thread.java:1474)
Caused by: org.apache.hc.client5.http.HttpHostConnectException: Connect to http://localhost:8761 failed: Connection refused: getsockopt
	at java.base/sun.nio.ch.Net.pollConnect(Native Method)
	at java.base/sun.nio.ch.Net.pollConnectNow(Net.java:639)
	at java.base/sun.nio.ch.NioSocketImpl.timedFinishConnect(NioSocketImpl.java:543)
	at java.base/sun.nio.ch.NioSocketImpl.connect(NioSocketImpl.java:594)
	at java.base/java.net.SocksSocketImpl.connect(SocksSocketImpl.java:284)
	at java.base/java.net.Socket.connect(Socket.java:659)
	at org.apache.hc.client5.http.impl.io.DefaultHttpClientConnectionOperator.connect(DefaultHttpClientConnectionOperator.java:219)
	at org.apache.hc.client5.http.impl.io.PoolingHttpClientConnectionManager.connect(PoolingHttpClientConnectionManager.java:547)
	at org.apache.hc.client5.http.impl.classic.InternalExecRuntime.connectEndpoint(InternalExecRuntime.java:164)
	at org.apache.hc.client5.http.impl.classic.InternalExecRuntime.connectEndpoint(InternalExecRuntime.java:174)
	at org.apache.hc.client5.http.impl.classic.ConnectExec.execute(ConnectExec.java:144)
	at org.apache.hc.client5.http.impl.classic.ExecChainElement.execute(ExecChainElement.java:51)
	at org.apache.hc.client5.http.impl.classic.ProtocolExec.execute(ProtocolExec.java:192)
	at org.apache.hc.client5.http.impl.classic.ExecChainElement.execute(ExecChainElement.java:51)
	at org.apache.hc.client5.http.impl.classic.ContentCompressionExec.execute(ContentCompressionExec.java:138)
	at org.apache.hc.client5.http.impl.classic.ExecChainElement.execute(ExecChainElement.java:51)
	at org.apache.hc.client5.http.impl.classic.HttpRequestRetryExec.execute(HttpRequestRetryExec.java:112)
	at org.apache.hc.client5.http.impl.classic.ExecChainElement.execute(ExecChainElement.java:51)
	at org.apache.hc.client5.http.impl.classic.RedirectExec.execute(RedirectExec.java:110)
	at org.apache.hc.client5.http.impl.classic.ExecChainElement.execute(ExecChainElement.java:51)
	at org.apache.hc.client5.http.impl.classic.InternalHttpClient.doExecute(InternalHttpClient.java:185)
	at org.apache.hc.client5.http.impl.classic.CloseableHttpClient.execute(CloseableHttpClient.java:87)
	at org.apache.hc.client5.http.impl.classic.CloseableHttpClient.execute(CloseableHttpClient.java:55)
	at org.apache.hc.client5.http.classic.HttpClient.executeOpen(HttpClient.java:183)
	at org.springframework.http.client.HttpComponentsClientHttpRequest.executeInternal(HttpComponentsClientHttpRequest.java:99)
	at org.springframework.http.client.AbstractStreamingClientHttpRequest.executeInternal(AbstractStreamingClientHttpRequest.java:87)
	at org.springframework.http.client.AbstractClientHttpRequest.execute(AbstractClientHttpRequest.java:80)
	at org.springframework.http.client.AbstractBufferingClientHttpRequest.executeWithRequestAndBody(AbstractBufferingClientHttpRequest.java:89)
	at org.springframework.http.client.InterceptingClientHttpRequest$EndOfChainRequestExecution.execute(InterceptingClientHttpRequest.java:102)
	at org.springframework.cloud.netflix.eureka.http.RestClientTransportClientFactory.lambda$newClient$2(RestClientTransportClientFactory.java:98)
	at org.springframework.http.client.ClientHttpRequestInterceptor.lambda$apply$0(ClientHttpRequestInterceptor.java:89)
	at org.springframework.http.client.InterceptingClientHttpRequest.executeInternal(InterceptingClientHttpRequest.java:73)
	at org.springframework.http.client.AbstractBufferingClientHttpRequest.executeInternal(AbstractBufferingClientHttpRequest.java:50)
	at org.springframework.http.client.AbstractClientHttpRequest.execute(AbstractClientHttpRequest.java:80)
	at org.springframework.web.client.DefaultRestClient$DefaultRequestBodyUriSpec.exchangeInternal(DefaultRestClient.java:614)
	... 40 common frames omitted
12-08-2026 19:25:08.602 [SpringApplicationShutdownHook] [-] WARN  order-service-c.n.d.s.t.d.RetryableEurekaHttpClient.execute - Request execution failed with message: I/O error on DELETE request for "http://localhost:8761/eureka/apps/ORDER-SERVICE/DESKTOP-5CC3FG7.mshome.net:order-service:9040": Connect to http://localhost:8761 failed: Connection refused: getsockopt
12-08-2026 19:25:08.602 [SpringApplicationShutdownHook] [-] ERROR order-service-c.netflix.discovery.DiscoveryClient.unregister - DiscoveryClient_ORDER-SERVICE/DESKTOP-5CC3FG7.mshome.net:order-service:9040 - de-registration failedCannot execute request on any known server
com.netflix.discovery.shared.transport.TransportException: Cannot execute request on any known server
	at com.netflix.discovery.shared.transport.decorator.RetryableEurekaHttpClient.execute(RetryableEurekaHttpClient.java:112)
	at com.netflix.discovery.shared.transport.decorator.EurekaHttpClientDecorator.cancel(EurekaHttpClientDecorator.java:71)
	at com.netflix.discovery.shared.transport.decorator.EurekaHttpClientDecorator$2.execute(EurekaHttpClientDecorator.java:74)
	at com.netflix.discovery.shared.transport.decorator.SessionedEurekaHttpClient.execute(SessionedEurekaHttpClient.java:76)
	at com.netflix.discovery.shared.transport.decorator.EurekaHttpClientDecorator.cancel(EurekaHttpClientDecorator.java:71)
	at com.netflix.discovery.DiscoveryClient.unregister(DiscoveryClient.java:934)
	at com.netflix.discovery.DiscoveryClient.shutdown(DiscoveryClient.java:915)
	at java.base/jdk.internal.reflect.DirectMethodHandleAccessor.invoke(DirectMethodHandleAccessor.java:104)
	at java.base/java.lang.reflect.Method.invoke(Method.java:565)
	at org.springframework.beans.factory.annotation.InitDestroyAnnotationBeanPostProcessor$LifecycleMethod.invoke(InitDestroyAnnotationBeanPostProcessor.java:453)
	at org.springframework.beans.factory.annotation.InitDestroyAnnotationBeanPostProcessor$LifecycleMetadata.invokeDestroyMethods(InitDestroyAnnotationBeanPostProcessor.java:411)
	at org.springframework.beans.factory.annotation.InitDestroyAnnotationBeanPostProcessor.postProcessBeforeDestruction(InitDestroyAnnotationBeanPostProcessor.java:237)
	at org.springframework.beans.factory.support.DisposableBeanAdapter.destroy(DisposableBeanAdapter.java:200)
	at org.springframework.beans.factory.support.DisposableBeanAdapter.run(DisposableBeanAdapter.java:193)
	at org.springframework.cloud.context.scope.GenericScope$BeanLifecycleWrapper.destroy(GenericScope.java:387)
	at org.springframework.cloud.context.scope.GenericScope.destroy(GenericScope.java:134)
	at org.springframework.beans.factory.support.DisposableBeanAdapter.destroy(DisposableBeanAdapter.java:209)
	at org.springframework.beans.factory.support.DefaultSingletonBeanRegistry.destroyBean(DefaultSingletonBeanRegistry.java:795)
	at org.springframework.beans.factory.support.DefaultSingletonBeanRegistry.destroySingleton(DefaultSingletonBeanRegistry.java:745)
	at org.springframework.beans.factory.support.DefaultListableBeanFactory.destroySingleton(DefaultListableBeanFactory.java:1507)
	at org.springframework.beans.factory.support.DefaultSingletonBeanRegistry.destroySingletons(DefaultSingletonBeanRegistry.java:704)
	at org.springframework.beans.factory.support.DefaultListableBeanFactory.destroySingletons(DefaultListableBeanFactory.java:1500)
	at org.springframework.context.support.AbstractApplicationContext.destroyBeans(AbstractApplicationContext.java:1246)
	at org.springframework.context.support.AbstractApplicationContext.doClose(AbstractApplicationContext.java:1207)
	at org.springframework.boot.web.server.servlet.context.ServletWebServerApplicationContext.doClose(ServletWebServerApplicationContext.java:176)
	at org.springframework.context.support.AbstractApplicationContext.close(AbstractApplicationContext.java:1153)
	at org.springframework.boot.SpringApplicationShutdownHook.closeAndWait(SpringApplicationShutdownHook.java:147)
	at java.base/java.lang.Iterable.forEach(Iterable.java:75)
	at org.springframework.boot.SpringApplicationShutdownHook.run(SpringApplicationShutdownHook.java:116)
	at java.base/java.lang.Thread.run(Thread.java:1474)
12-08-2026 19:25:08.603 [SpringApplicationShutdownHook] [-] INFO  order-service-c.netflix.discovery.DiscoveryClient.shutdown - Completed shut down of DiscoveryClient
