12-08-2026 16:01:23.924 [main] [-] INFO  inventory-service-c.n.i.InventoryServiceApplication.logStarting - Starting InventoryServiceApplication using Java 25.0.3 with PID 13956 (C:\Users\Admin\Documents\SpringBoot_learnings\eCommerce\inventory-service\target\classes started by Admin in C:\Users\Admin\Documents\SpringBoot_learnings\eCommerce)
12-08-2026 16:01:23.927 [main] [-] INFO  inventory-service-c.n.i.InventoryServiceApplication.logStartupProfileInfo - No active profile set, falling back to 1 default profile: "default"
12-08-2026 16:01:23.995 [main] [-] INFO  inventory-service-o.s.c.c.c.ConfigServerConfigDataLoader.log - Fetching config from server at : http://localhost:8888
12-08-2026 16:01:23.996 [main] [-] INFO  inventory-service-o.s.c.c.c.ConfigServerConfigDataLoader.log - Located environment: name=inventory-service, profiles=[default], label=null, version=0ea68e7bd44f5a1fe092f8c5aa4a27ddfcec0fa8, state=
12-08-2026 16:01:25.214 [main] [-] INFO  inventory-service-o.s.d.r.c.RepositoryConfigurationDelegate.registerRepositoriesIn - Bootstrapping Spring Data JPA repositories in DEFAULT mode.
12-08-2026 16:01:25.387 [main] [-] INFO  inventory-service-o.s.d.r.c.RepositoryConfigurationDelegate.registerRepositoriesIn - Finished Spring Data repository scanning in 156 ms. Found 1 JPA repository interface.
12-08-2026 16:01:25.847 [main] [-] INFO  inventory-service-o.s.cloud.context.scope.GenericScope.setSerializationId - BeanFactory id=72fd837d-ddf5-31f0-9e51-ac3377db1a75
12-08-2026 16:01:26.235 [main] [-] INFO  inventory-service-o.s.boot.tomcat.TomcatWebServer.initialize - Tomcat initialized with port 9030 (http)
12-08-2026 16:01:26.255 [main] [-] INFO  inventory-service-o.a.coyote.http11.Http11NioProtocol.log - Initializing ProtocolHandler ["http-nio-9030"]
12-08-2026 16:01:26.259 [main] [-] INFO  inventory-service-o.a.catalina.core.StandardService.log - Starting service [Tomcat]
12-08-2026 16:01:26.259 [main] [-] INFO  inventory-service-o.a.catalina.core.StandardEngine.log - Starting Servlet engine: [Apache Tomcat/11.0.22]
12-08-2026 16:01:26.337 [main] [-] INFO  inventory-service-o.s.b.w.c.s.WebApplicationContextInitializer.prepareWebApplicationContext - Root WebApplicationContext: initialization completed in 2338 ms
12-08-2026 16:01:26.834 [main] [-] INFO  inventory-service-org.hibernate.orm.jpa.logPersistenceUnitInformation - HHH008540: Processing PersistenceUnitInfo [name: default]
12-08-2026 16:01:26.922 [main] [-] INFO  inventory-service-org.hibernate.orm.core.logVersion - HHH000001: Hibernate ORM core version 7.4.1.Final
12-08-2026 16:01:27.439 [main] [-] INFO  inventory-service-o.s.o.j.p.SpringPersistenceUnitInfo.addTransformer - No LoadTimeWeaver setup: ignoring JPA class transformer
12-08-2026 16:01:27.480 [main] [-] INFO  inventory-service-com.zaxxer.hikari.HikariDataSource.getConnection - HikariPool-1 - Starting...
12-08-2026 16:01:28.660 [main] [-] WARN  inventory-service-org.hibernate.orm.jdbc.error.logExceptions - HHH000247: ErrorCode: 0, SQLState: 08001
12-08-2026 16:01:28.661 [main] [-] WARN  inventory-service-org.hibernate.orm.jdbc.error.logExceptions - Public Key Retrieval is not allowed
12-08-2026 16:01:28.663 [main] [-] WARN  inventory-service-org.hibernate.orm.jdbc.getJdbcEnvironmentUsingJdbcMetadata - HHH100046: Could not obtain connection to query JDBC database metadata
org.hibernate.exception.JDBCConnectionException: Unable to obtain isolated JDBC connection [Public Key Retrieval is not allowed] [n/a]
	at org.hibernate.exception.internal.SQLStateConversionDelegate.convert(SQLStateConversionDelegate.java:80)
	at org.hibernate.exception.internal.StandardSQLExceptionConverter.convert(StandardSQLExceptionConverter.java:34)
	at org.hibernate.engine.jdbc.spi.SqlExceptionHelper.convert(SqlExceptionHelper.java:115)
	at org.hibernate.engine.jdbc.spi.SqlExceptionHelper.convert(SqlExceptionHelper.java:101)
	at org.hibernate.resource.transaction.backend.jdbc.internal.JdbcIsolationDelegate.delegateWork(JdbcIsolationDelegate.java:51)
	at org.hibernate.engine.jdbc.env.internal.JdbcEnvironmentInitiator.getJdbcEnvironmentUsingJdbcMetadata(JdbcEnvironmentInitiator.java:366)
	at org.hibernate.engine.jdbc.env.internal.JdbcEnvironmentInitiator.getJdbcEnvironment(JdbcEnvironmentInitiator.java:143)
	at org.hibernate.engine.jdbc.env.internal.JdbcEnvironmentInitiator.initiateService(JdbcEnvironmentInitiator.java:120)
	at org.hibernate.engine.jdbc.env.internal.JdbcEnvironmentInitiator.initiateService(JdbcEnvironmentInitiator.java:80)
	at org.hibernate.boot.registry.internal.StandardServiceRegistryImpl.initiateService(StandardServiceRegistryImpl.java:133)
	at org.hibernate.service.internal.AbstractServiceRegistryImpl.createService(AbstractServiceRegistryImpl.java:260)
	at org.hibernate.service.internal.AbstractServiceRegistryImpl.initializeService(AbstractServiceRegistryImpl.java:235)
	at org.hibernate.service.internal.AbstractServiceRegistryImpl.getService(AbstractServiceRegistryImpl.java:212)
	at org.hibernate.boot.model.relational.Database.<init>(Database.java:44)
	at org.hibernate.boot.internal.InFlightMetadataCollectorImpl.getDatabase(InFlightMetadataCollectorImpl.java:251)
	at org.hibernate.boot.internal.InFlightMetadataCollectorImpl.<init>(InFlightMetadataCollectorImpl.java:203)
	at org.hibernate.boot.model.process.spi.MetadataBuildingProcess.complete(MetadataBuildingProcess.java:180)
	at org.hibernate.jpa.boot.internal.EntityManagerFactoryBuilderImpl.metadata(EntityManagerFactoryBuilderImpl.java:1388)
	at org.hibernate.jpa.boot.internal.EntityManagerFactoryBuilderImpl.populateSessionFactoryBuilder(EntityManagerFactoryBuilderImpl.java:1468)
	at org.hibernate.jpa.boot.internal.EntityManagerFactoryBuilderImpl.build(EntityManagerFactoryBuilderImpl.java:1450)
	at org.springframework.orm.jpa.vendor.SpringHibernateJpaPersistenceProvider.createContainerEntityManagerFactory(SpringHibernateJpaPersistenceProvider.java:93)
	at org.springframework.orm.jpa.LocalContainerEntityManagerFactoryBean.createNativeEntityManagerFactory(LocalContainerEntityManagerFactoryBean.java:443)
	at org.springframework.orm.jpa.AbstractEntityManagerFactoryBean.buildNativeEntityManagerFactory(AbstractEntityManagerFactoryBean.java:436)
	at org.springframework.orm.jpa.AbstractEntityManagerFactoryBean.afterPropertiesSet(AbstractEntityManagerFactoryBean.java:411)
	at org.springframework.orm.jpa.LocalContainerEntityManagerFactoryBean.afterPropertiesSet(LocalContainerEntityManagerFactoryBean.java:419)
	at org.springframework.beans.factory.support.AbstractAutowireCapableBeanFactory.invokeInitMethods(AbstractAutowireCapableBeanFactory.java:1862)
	at org.springframework.beans.factory.support.AbstractAutowireCapableBeanFactory.initializeBean(AbstractAutowireCapableBeanFactory.java:1811)
	at org.springframework.beans.factory.support.AbstractAutowireCapableBeanFactory.doCreateBean(AbstractAutowireCapableBeanFactory.java:603)
	at org.springframework.beans.factory.support.AbstractAutowireCapableBeanFactory.createBean(AbstractAutowireCapableBeanFactory.java:525)
	at org.springframework.beans.factory.support.AbstractBeanFactory.lambda$doGetBean$0(AbstractBeanFactory.java:333)
	at org.springframework.beans.factory.support.DefaultSingletonBeanRegistry.getSingleton(DefaultSingletonBeanRegistry.java:371)
	at org.springframework.beans.factory.support.AbstractBeanFactory.doGetBean(AbstractBeanFactory.java:331)
	at org.springframework.beans.factory.support.AbstractBeanFactory.getBean(AbstractBeanFactory.java:201)
	at org.springframework.context.support.AbstractApplicationContext.finishBeanFactoryInitialization(AbstractApplicationContext.java:977)
	at org.springframework.context.support.AbstractApplicationContext.refresh(AbstractApplicationContext.java:621)
	at org.springframework.boot.web.server.servlet.context.ServletWebServerApplicationContext.refresh(ServletWebServerApplicationContext.java:143)
	at org.springframework.boot.SpringApplication.refresh(SpringApplication.java:756)
	at org.springframework.boot.SpringApplication.refreshContext(SpringApplication.java:445)
	at org.springframework.boot.SpringApplication.run(SpringApplication.java:321)
	at org.springframework.boot.SpringApplication.run(SpringApplication.java:1365)
	at org.springframework.boot.SpringApplication.run(SpringApplication.java:1354)
	at com.nithin.inventory_service.InventoryServiceApplication.main(InventoryServiceApplication.java:12)
Caused by: java.sql.SQLNonTransientConnectionException: Public Key Retrieval is not allowed
	at com.mysql.cj.jdbc.exceptions.SQLError.createSQLException(SQLError.java:102)
	at com.mysql.cj.jdbc.exceptions.SQLExceptionsMapping.translateException(SQLExceptionsMapping.java:114)
	at com.mysql.cj.jdbc.ConnectionImpl.createNewIO(ConnectionImpl.java:840)
	at com.mysql.cj.jdbc.ConnectionImpl.<init>(ConnectionImpl.java:416)
	at com.mysql.cj.jdbc.ConnectionImpl.getInstance(ConnectionImpl.java:237)
	at com.mysql.cj.jdbc.NonRegisteringDriver.connect(NonRegisteringDriver.java:180)
	at com.zaxxer.hikari.util.DriverDataSource.getConnection(DriverDataSource.java:144)
	at com.zaxxer.hikari.pool.PoolBase.newConnection(PoolBase.java:373)
	at com.zaxxer.hikari.pool.PoolBase.newPoolEntry(PoolBase.java:210)
	at com.zaxxer.hikari.pool.HikariPool.createPoolEntry(HikariPool.java:488)
	at com.zaxxer.hikari.pool.HikariPool.checkFailFast(HikariPool.java:576)
	at com.zaxxer.hikari.pool.HikariPool.<init>(HikariPool.java:97)
	at com.zaxxer.hikari.HikariDataSource.getConnection(HikariDataSource.java:111)
	at org.hibernate.engine.jdbc.connections.internal.DataSourceConnectionProvider.getConnection(DataSourceConnectionProvider.java:149)
	at org.hibernate.engine.jdbc.env.internal.JdbcEnvironmentInitiator$ConnectionProviderJdbcConnectionAccess.obtainConnection(JdbcEnvironmentInitiator.java:508)
	at org.hibernate.resource.transaction.backend.jdbc.internal.JdbcIsolationDelegate.delegateWork(JdbcIsolationDelegate.java:48)
	... 37 common frames omitted
Caused by: com.mysql.cj.exceptions.UnableToConnectException: Public Key Retrieval is not allowed
	at java.base/jdk.internal.reflect.DirectConstructorHandleAccessor.newInstance(DirectConstructorHandleAccessor.java:62)
	at java.base/java.lang.reflect.Constructor.newInstanceWithCaller(Constructor.java:499)
	at java.base/java.lang.reflect.Constructor.newInstance(Constructor.java:483)
	at com.mysql.cj.exceptions.ExceptionFactory.createException(ExceptionFactory.java:52)
	at com.mysql.cj.exceptions.ExceptionFactory.createException(ExceptionFactory.java:76)
	at com.mysql.cj.protocol.a.authentication.CachingSha2PasswordPlugin.nextAuthenticationStep(CachingSha2PasswordPlugin.java:122)
	at com.mysql.cj.protocol.a.authentication.CachingSha2PasswordPlugin.nextAuthenticationStep(CachingSha2PasswordPlugin.java:40)
	at com.mysql.cj.protocol.a.NativeAuthenticationProvider.proceedHandshakeWithPluggableAuthentication(NativeAuthenticationProvider.java:436)
	at com.mysql.cj.protocol.a.NativeAuthenticationProvider.connect(NativeAuthenticationProvider.java:206)
	at com.mysql.cj.protocol.a.NativeProtocol.connect(NativeProtocol.java:1334)
	at com.mysql.cj.NativeSession.connect(NativeSession.java:155)
	at com.mysql.cj.jdbc.ConnectionImpl.connectOneTryOnly(ConnectionImpl.java:964)
	at com.mysql.cj.jdbc.ConnectionImpl.createNewIO(ConnectionImpl.java:828)
	... 50 common frames omitted
12-08-2026 16:01:28.668 [main] [-] ERROR inventory-service-o.s.o.j.LocalContainerEntityManagerFactoryBean.buildNativeEntityManagerFactory - Failed to initialize JPA EntityManagerFactory: Unable to create requested service [org.hibernate.engine.jdbc.env.spi.JdbcEnvironment] due to: Unable to determine Dialect without JDBC metadata (please set 'jakarta.persistence.jdbc.url' for common cases or 'hibernate.dialect' when a custom Dialect implementation must be provided)
12-08-2026 16:01:28.670 [main] [-] WARN  inventory-service-o.s.b.w.s.s.c.AnnotationConfigServletWebServerApplicationContext.refresh - Exception encountered during context initialization - cancelling refresh attempt: org.springframework.beans.factory.BeanCreationException: Error creating bean with name 'entityManagerFactory' defined in class path resource [org/springframework/boot/hibernate/autoconfigure/HibernateJpaConfiguration.class]: Unable to create requested service [org.hibernate.engine.jdbc.env.spi.JdbcEnvironment] due to: Unable to determine Dialect without JDBC metadata (please set 'jakarta.persistence.jdbc.url' for common cases or 'hibernate.dialect' when a custom Dialect implementation must be provided)
12-08-2026 16:01:29.673 [main] [-] WARN  inventory-service-z.r.i.AsyncReporter$BoundedAsyncReporter.close - Timed out waiting for in-flight spans to send
12-08-2026 16:01:29.677 [main] [-] INFO  inventory-service-o.a.catalina.core.StandardService.log - Stopping service [Tomcat]
12-08-2026 16:01:29.698 [main] [-] INFO  inventory-service-o.s.b.a.l.ConditionEvaluationReportLogger.logMessage - 

Error starting ApplicationContext. To display the condition evaluation report re-run your application with 'debug' enabled.
12-08-2026 16:01:29.713 [main] [-] ERROR inventory-service-o.s.boot.SpringApplication.reportFailure - Application run failed
org.springframework.beans.factory.BeanCreationException: Error creating bean with name 'entityManagerFactory' defined in class path resource [org/springframework/boot/hibernate/autoconfigure/HibernateJpaConfiguration.class]: Unable to create requested service [org.hibernate.engine.jdbc.env.spi.JdbcEnvironment] due to: Unable to determine Dialect without JDBC metadata (please set 'jakarta.persistence.jdbc.url' for common cases or 'hibernate.dialect' when a custom Dialect implementation must be provided)
	at org.springframework.beans.factory.support.AbstractAutowireCapableBeanFactory.initializeBean(AbstractAutowireCapableBeanFactory.java:1815)
	at org.springframework.beans.factory.support.AbstractAutowireCapableBeanFactory.doCreateBean(AbstractAutowireCapableBeanFactory.java:603)
	at org.springframework.beans.factory.support.AbstractAutowireCapableBeanFactory.createBean(AbstractAutowireCapableBeanFactory.java:525)
	at org.springframework.beans.factory.support.AbstractBeanFactory.lambda$doGetBean$0(AbstractBeanFactory.java:333)
	at org.springframework.beans.factory.support.DefaultSingletonBeanRegistry.getSingleton(DefaultSingletonBeanRegistry.java:371)
	at org.springframework.beans.factory.support.AbstractBeanFactory.doGetBean(AbstractBeanFactory.java:331)
	at org.springframework.beans.factory.support.AbstractBeanFactory.getBean(AbstractBeanFactory.java:201)
	at org.springframework.context.support.AbstractApplicationContext.finishBeanFactoryInitialization(AbstractApplicationContext.java:977)
	at org.springframework.context.support.AbstractApplicationContext.refresh(AbstractApplicationContext.java:621)
	at org.springframework.boot.web.server.servlet.context.ServletWebServerApplicationContext.refresh(ServletWebServerApplicationContext.java:143)
	at org.springframework.boot.SpringApplication.refresh(SpringApplication.java:756)
	at org.springframework.boot.SpringApplication.refreshContext(SpringApplication.java:445)
	at org.springframework.boot.SpringApplication.run(SpringApplication.java:321)
	at org.springframework.boot.SpringApplication.run(SpringApplication.java:1365)
	at org.springframework.boot.SpringApplication.run(SpringApplication.java:1354)
	at com.nithin.inventory_service.InventoryServiceApplication.main(InventoryServiceApplication.java:12)
Caused by: org.hibernate.service.spi.ServiceException: Unable to create requested service [org.hibernate.engine.jdbc.env.spi.JdbcEnvironment] due to: Unable to determine Dialect without JDBC metadata (please set 'jakarta.persistence.jdbc.url' for common cases or 'hibernate.dialect' when a custom Dialect implementation must be provided)
	at org.hibernate.service.internal.AbstractServiceRegistryImpl.createService(AbstractServiceRegistryImpl.java:273)
	at org.hibernate.service.internal.AbstractServiceRegistryImpl.initializeService(AbstractServiceRegistryImpl.java:235)
	at org.hibernate.service.internal.AbstractServiceRegistryImpl.getService(AbstractServiceRegistryImpl.java:212)
	at org.hibernate.boot.model.relational.Database.<init>(Database.java:44)
	at org.hibernate.boot.internal.InFlightMetadataCollectorImpl.getDatabase(InFlightMetadataCollectorImpl.java:251)
	at org.hibernate.boot.internal.InFlightMetadataCollectorImpl.<init>(InFlightMetadataCollectorImpl.java:203)
	at org.hibernate.boot.model.process.spi.MetadataBuildingProcess.complete(MetadataBuildingProcess.java:180)
	at org.hibernate.jpa.boot.internal.EntityManagerFactoryBuilderImpl.metadata(EntityManagerFactoryBuilderImpl.java:1388)
	at org.hibernate.jpa.boot.internal.EntityManagerFactoryBuilderImpl.populateSessionFactoryBuilder(EntityManagerFactoryBuilderImpl.java:1468)
	at org.hibernate.jpa.boot.internal.EntityManagerFactoryBuilderImpl.build(EntityManagerFactoryBuilderImpl.java:1450)
	at org.springframework.orm.jpa.vendor.SpringHibernateJpaPersistenceProvider.createContainerEntityManagerFactory(SpringHibernateJpaPersistenceProvider.java:93)
	at org.springframework.orm.jpa.LocalContainerEntityManagerFactoryBean.createNativeEntityManagerFactory(LocalContainerEntityManagerFactoryBean.java:443)
	at org.springframework.orm.jpa.AbstractEntityManagerFactoryBean.buildNativeEntityManagerFactory(AbstractEntityManagerFactoryBean.java:436)
	at org.springframework.orm.jpa.AbstractEntityManagerFactoryBean.afterPropertiesSet(AbstractEntityManagerFactoryBean.java:411)
	at org.springframework.orm.jpa.LocalContainerEntityManagerFactoryBean.afterPropertiesSet(LocalContainerEntityManagerFactoryBean.java:419)
	at org.springframework.beans.factory.support.AbstractAutowireCapableBeanFactory.invokeInitMethods(AbstractAutowireCapableBeanFactory.java:1862)
	at org.springframework.beans.factory.support.AbstractAutowireCapableBeanFactory.initializeBean(AbstractAutowireCapableBeanFactory.java:1811)
	... 15 common frames omitted
Caused by: org.hibernate.HibernateException: Unable to determine Dialect without JDBC metadata (please set 'jakarta.persistence.jdbc.url' for common cases or 'hibernate.dialect' when a custom Dialect implementation must be provided)
	at org.hibernate.engine.jdbc.dialect.internal.DialectFactoryImpl.determineDialect(DialectFactoryImpl.java:190)
	at org.hibernate.engine.jdbc.dialect.internal.DialectFactoryImpl.buildDialect(DialectFactoryImpl.java:86)
	at org.hibernate.engine.jdbc.env.internal.JdbcEnvironmentInitiator.getJdbcEnvironmentWithDefaults(JdbcEnvironmentInitiator.java:200)
	at org.hibernate.engine.jdbc.env.internal.JdbcEnvironmentInitiator.getJdbcEnvironmentUsingJdbcMetadata(JdbcEnvironmentInitiator.java:452)
	at org.hibernate.engine.jdbc.env.internal.JdbcEnvironmentInitiator.getJdbcEnvironment(JdbcEnvironmentInitiator.java:143)
	at org.hibernate.engine.jdbc.env.internal.JdbcEnvironmentInitiator.initiateService(JdbcEnvironmentInitiator.java:120)
	at org.hibernate.engine.jdbc.env.internal.JdbcEnvironmentInitiator.initiateService(JdbcEnvironmentInitiator.java:80)
	at org.hibernate.boot.registry.internal.StandardServiceRegistryImpl.initiateService(StandardServiceRegistryImpl.java:133)
	at org.hibernate.service.internal.AbstractServiceRegistryImpl.createService(AbstractServiceRegistryImpl.java:260)
	... 31 common frames omitted
12-08-2026 16:02:07.176 [main] [-] INFO  inventory-service-c.n.i.InventoryServiceApplication.logStarting - Starting InventoryServiceApplication using Java 25.0.3 with PID 12912 (C:\Users\Admin\Documents\SpringBoot_learnings\eCommerce\inventory-service\target\classes started by Admin in C:\Users\Admin\Documents\SpringBoot_learnings\eCommerce)
12-08-2026 16:02:07.179 [main] [-] INFO  inventory-service-c.n.i.InventoryServiceApplication.logStartupProfileInfo - No active profile set, falling back to 1 default profile: "default"
12-08-2026 16:02:07.220 [main] [-] INFO  inventory-service-o.s.c.c.c.ConfigServerConfigDataLoader.log - Fetching config from server at : http://localhost:8888
12-08-2026 16:02:07.220 [main] [-] INFO  inventory-service-o.s.c.c.c.ConfigServerConfigDataLoader.log - Located environment: name=inventory-service, profiles=[default], label=null, version=0ea68e7bd44f5a1fe092f8c5aa4a27ddfcec0fa8, state=
12-08-2026 16:02:07.988 [main] [-] INFO  inventory-service-o.s.d.r.c.RepositoryConfigurationDelegate.registerRepositoriesIn - Bootstrapping Spring Data JPA repositories in DEFAULT mode.
12-08-2026 16:02:08.092 [main] [-] INFO  inventory-service-o.s.d.r.c.RepositoryConfigurationDelegate.registerRepositoriesIn - Finished Spring Data repository scanning in 96 ms. Found 1 JPA repository interface.
12-08-2026 16:02:08.553 [main] [-] INFO  inventory-service-o.s.cloud.context.scope.GenericScope.setSerializationId - BeanFactory id=72fd837d-ddf5-31f0-9e51-ac3377db1a75
12-08-2026 16:02:08.999 [main] [-] INFO  inventory-service-o.s.boot.tomcat.TomcatWebServer.initialize - Tomcat initialized with port 9030 (http)
12-08-2026 16:02:09.008 [main] [-] INFO  inventory-service-o.a.coyote.http11.Http11NioProtocol.log - Initializing ProtocolHandler ["http-nio-9030"]
12-08-2026 16:02:09.010 [main] [-] INFO  inventory-service-o.a.catalina.core.StandardService.log - Starting service [Tomcat]
12-08-2026 16:02:09.011 [main] [-] INFO  inventory-service-o.a.catalina.core.StandardEngine.log - Starting Servlet engine: [Apache Tomcat/11.0.22]
12-08-2026 16:02:09.072 [main] [-] INFO  inventory-service-o.s.b.w.c.s.WebApplicationContextInitializer.prepareWebApplicationContext - Root WebApplicationContext: initialization completed in 1849 ms
12-08-2026 16:02:09.496 [main] [-] INFO  inventory-service-org.hibernate.orm.jpa.logPersistenceUnitInformation - HHH008540: Processing PersistenceUnitInfo [name: default]
12-08-2026 16:02:09.534 [main] [-] INFO  inventory-service-org.hibernate.orm.core.logVersion - HHH000001: Hibernate ORM core version 7.4.1.Final
12-08-2026 16:02:09.874 [main] [-] INFO  inventory-service-o.s.o.j.p.SpringPersistenceUnitInfo.addTransformer - No LoadTimeWeaver setup: ignoring JPA class transformer
12-08-2026 16:02:09.906 [main] [-] INFO  inventory-service-com.zaxxer.hikari.HikariDataSource.getConnection - HikariPool-1 - Starting...
12-08-2026 16:02:10.050 [main] [-] INFO  inventory-service-com.zaxxer.hikari.pool.HikariPool.checkFailFast - HikariPool-1 - Added connection com.mysql.cj.jdbc.ConnectionImpl@20dc763b
12-08-2026 16:02:10.051 [main] [-] INFO  inventory-service-com.zaxxer.hikari.HikariDataSource.getConnection - HikariPool-1 - Start completed.
12-08-2026 16:02:10.161 [main] [-] INFO  inventory-service-o.hibernate.orm.connections.pooling.logConnectionInfo - HHH10001005: Database info:
	Database JDBC URL [jdbc:mysql://localhost:3306/inventorydb?useSSL=false]
	Database driver: MySQL Connector/J
	Database dialect: MySQLDialect
	Database version: 8.0.46
	Default catalog/schema: inventorydb/undefined
	Autocommit mode: undefined/unknown
	Isolation level: REPEATABLE_READ [default REPEATABLE_READ]
	JDBC fetch size: none
	Pool: DataSourceConnectionProvider
	Minimum pool size: undefined/unknown
	Maximum pool size: undefined/unknown
12-08-2026 16:02:11.132 [main] [-] INFO  inventory-service-org.hibernate.orm.core.initiateService - HHH000489: No JTA platform available (set 'hibernate.transaction.jta.platform' to enable JTA platform integration)
12-08-2026 16:02:11.252 [main] [-] INFO  inventory-service-o.s.o.j.LocalContainerEntityManagerFactoryBean.buildNativeEntityManagerFactory - Initialized JPA EntityManagerFactory for persistence unit 'default'
12-08-2026 16:02:11.339 [main] [-] INFO  inventory-service-o.s.d.j.r.q.QueryEnhancerFactories.<clinit> - Hibernate is in classpath; If applicable, HQL parser will be used.
12-08-2026 16:02:11.752 [main] [-] WARN  inventory-service-o.s.b.j.a.JpaBaseConfiguration$JpaWebConfiguration.openEntityManagerInViewInterceptor - spring.jpa.open-in-view is enabled by default. Therefore, database queries may be performed during view rendering. Explicitly configure spring.jpa.open-in-view to disable this warning
12-08-2026 16:02:11.807 [main] [-] INFO  inventory-service-o.s.c.o.FeignClientFactoryBean.getTarget - For 'order-service' URL not provided. Will try picking an instance via load-balancing.
12-08-2026 16:02:12.419 [main] [-] INFO  inventory-service-o.s.c.n.e.c.DiscoveryClientOptionalArgsConfiguration.restClientDiscoveryClientOptionalArgs - Eureka HTTP Client uses RestClient.
12-08-2026 16:02:12.438 [main] [-] WARN  inventory-service-o.s.c.l.c.LoadBalancerCacheAutoConfiguration$LoadBalancerCaffeineWarnLogger.afterPropertiesSet - Spring Cloud LoadBalancer is currently working with the default cache. While this cache implementation is useful for development and tests, it's recommended to use Caffeine cache in production.You can switch to using Caffeine cache, by adding it and org.springframework.cache.caffeine.CaffeineCacheManager to the classpath.
12-08-2026 16:02:12.451 [main] [-] INFO  inventory-service-o.s.b.a.e.web.EndpointLinksResolver.<init> - Exposing 16 endpoints beneath base path '/actuator'
12-08-2026 16:02:12.576 [main] [-] INFO  inventory-service-o.a.k.common.config.AbstractConfig.logAll - AdminClientConfig values: 
	bootstrap.controllers = []
	bootstrap.servers = [localhost:9092]
	client.dns.lookup = use_all_dns_ips
	client.id = inventory-service-admin-0
	config.providers = []
	connections.max.idle.ms = 300000
	default.api.timeout.ms = 60000
	enable.metrics.push = false
	metadata.max.age.ms = 300000
	metadata.recovery.rebootstrap.trigger.ms = 300000
	metadata.recovery.strategy = rebootstrap
	metric.reporters = [org.apache.kafka.common.metrics.JmxReporter]
	metrics.num.samples = 2
	metrics.recording.level = INFO
	metrics.sample.window.ms = 30000
	receive.buffer.bytes = 65536
	reconnect.backoff.max.ms = 1000
	reconnect.backoff.ms = 50
	request.timeout.ms = 30000
	retries = 2147483647
	retry.backoff.max.ms = 1000
	retry.backoff.ms = 100
	sasl.client.callback.handler.class = null
	sasl.jaas.config = null
	sasl.kerberos.kinit.cmd = /usr/bin/kinit
	sasl.kerberos.min.time.before.relogin = 60000
	sasl.kerberos.service.name = null
	sasl.kerberos.ticket.renew.jitter = 0.05
	sasl.kerberos.ticket.renew.window.factor = 0.8
	sasl.login.callback.handler.class = null
	sasl.login.class = null
	sasl.login.connect.timeout.ms = null
	sasl.login.read.timeout.ms = null
	sasl.login.refresh.buffer.seconds = 300
	sasl.login.refresh.min.period.seconds = 60
	sasl.login.refresh.window.factor = 0.8
	sasl.login.refresh.window.jitter = 0.05
	sasl.login.retry.backoff.max.ms = 10000
	sasl.login.retry.backoff.ms = 100
	sasl.mechanism = GSSAPI
	sasl.oauthbearer.assertion.algorithm = RS256
	sasl.oauthbearer.assertion.claim.aud = null
	sasl.oauthbearer.assertion.claim.exp.seconds = 300
	sasl.oauthbearer.assertion.claim.iss = null
	sasl.oauthbearer.assertion.claim.jti.include = false
	sasl.oauthbearer.assertion.claim.nbf.seconds = 60
	sasl.oauthbearer.assertion.claim.sub = null
	sasl.oauthbearer.assertion.file = null
	sasl.oauthbearer.assertion.private.key.file = null
	sasl.oauthbearer.assertion.private.key.passphrase = null
	sasl.oauthbearer.assertion.template.file = null
	sasl.oauthbearer.client.credentials.client.id = null
	sasl.oauthbearer.client.credentials.client.secret = null
	sasl.oauthbearer.clock.skew.seconds = 30
	sasl.oauthbearer.expected.audience = []
	sasl.oauthbearer.expected.issuer = null
	sasl.oauthbearer.header.urlencode = false
	sasl.oauthbearer.jwks.endpoint.refresh.ms = 3600000
	sasl.oauthbearer.jwks.endpoint.retry.backoff.max.ms = 10000
	sasl.oauthbearer.jwks.endpoint.retry.backoff.ms = 100
	sasl.oauthbearer.jwks.endpoint.url = null
	sasl.oauthbearer.jwt.retriever.class = class org.apache.kafka.common.security.oauthbearer.DefaultJwtRetriever
	sasl.oauthbearer.jwt.validator.class = class org.apache.kafka.common.security.oauthbearer.DefaultJwtValidator
	sasl.oauthbearer.scope = null
	sasl.oauthbearer.scope.claim.name = scope
	sasl.oauthbearer.sub.claim.name = sub
	sasl.oauthbearer.token.endpoint.url = null
	security.protocol = PLAINTEXT
	security.providers = null
	send.buffer.bytes = 131072
	socket.connection.setup.timeout.max.ms = 30000
	socket.connection.setup.timeout.ms = 10000
	ssl.cipher.suites = []
	ssl.enabled.protocols = [TLSv1.2, TLSv1.3]
	ssl.endpoint.identification.algorithm = https
	ssl.engine.factory.class = null
	ssl.key.password = null
	ssl.keymanager.algorithm = SunX509
	ssl.keystore.certificate.chain = null
	ssl.keystore.key = null
	ssl.keystore.location = null
	ssl.keystore.password = null
	ssl.keystore.type = JKS
	ssl.protocol = TLSv1.3
	ssl.provider = null
	ssl.secure.random.implementation = null
	ssl.trustmanager.algorithm = PKIX
	ssl.truststore.certificates = null
	ssl.truststore.location = null
	ssl.truststore.password = null
	ssl.truststore.type = JKS

12-08-2026 16:02:12.748 [main] [-] INFO  inventory-service-o.a.kafka.common.utils.AppInfoParser.<init> - Kafka version: 4.2.1
12-08-2026 16:02:12.748 [main] [-] INFO  inventory-service-o.a.kafka.common.utils.AppInfoParser.<init> - Kafka commitId: 92f61c44867f39dc
12-08-2026 16:02:12.748 [main] [-] INFO  inventory-service-o.a.kafka.common.utils.AppInfoParser.<init> - Kafka startTimeMs: 1786530732746
12-08-2026 16:02:13.343 [main] [-] INFO  inventory-service-o.a.kafka.common.metrics.Metrics.close - Metrics scheduler closed
12-08-2026 16:02:13.344 [main] [-] INFO  inventory-service-o.a.kafka.common.metrics.Metrics.close - Closing reporter org.apache.kafka.common.metrics.JmxReporter
12-08-2026 16:02:13.344 [main] [-] INFO  inventory-service-o.a.kafka.common.metrics.Metrics.close - Metrics reporters closed
12-08-2026 16:02:13.345 [kafka-admin-client-thread | inventory-service-admin-0] [-] INFO  inventory-service-o.a.kafka.common.utils.AppInfoParser.unregisterAppInfo - App info kafka.admin.client for inventory-service-admin-0 unregistered
12-08-2026 16:02:13.349 [kafka-admin-client-thread | inventory-service-admin-0] [-] INFO  inventory-service-o.a.kafka.common.metrics.Metrics.close - Metrics scheduler closed
12-08-2026 16:02:13.349 [kafka-admin-client-thread | inventory-service-admin-0] [-] INFO  inventory-service-o.a.kafka.common.metrics.Metrics.close - Closing reporter org.apache.kafka.common.metrics.JmxReporter
12-08-2026 16:02:13.350 [kafka-admin-client-thread | inventory-service-admin-0] [-] INFO  inventory-service-o.a.kafka.common.metrics.Metrics.close - Metrics reporters closed
12-08-2026 16:02:13.363 [main] [-] INFO  inventory-service-o.s.c.n.eureka.InstanceInfoFactory.create - Setting initial instance status as: STARTING
12-08-2026 16:02:13.386 [main] [-] INFO  inventory-service-c.netflix.discovery.DiscoveryClient.<init> - Initializing Eureka in region us-east-1
12-08-2026 16:02:13.388 [main] [-] INFO  inventory-service-c.n.d.s.r.aws.ConfigClusterResolver.getClusterEndpoints - Resolving eureka endpoints via configuration
12-08-2026 16:02:13.396 [main] [-] INFO  inventory-service-c.netflix.discovery.DiscoveryClient.fetchRegistry - Disable delta property : false
12-08-2026 16:02:13.397 [main] [-] INFO  inventory-service-c.netflix.discovery.DiscoveryClient.fetchRegistry - Single vip registry refresh property : null
12-08-2026 16:02:13.397 [main] [-] INFO  inventory-service-c.netflix.discovery.DiscoveryClient.fetchRegistry - Force full registry fetch : false
12-08-2026 16:02:13.397 [main] [-] INFO  inventory-service-c.netflix.discovery.DiscoveryClient.fetchRegistry - Application is null : false
12-08-2026 16:02:13.398 [main] [-] INFO  inventory-service-c.netflix.discovery.DiscoveryClient.fetchRegistry - Registered Applications size is zero : true
12-08-2026 16:02:13.398 [main] [-] INFO  inventory-service-c.netflix.discovery.DiscoveryClient.fetchRegistry - Application version is -1: true
12-08-2026 16:02:13.398 [main] [-] INFO  inventory-service-c.netflix.discovery.DiscoveryClient.getAndStoreFullRegistry - Getting all instance registry info from the eureka server
12-08-2026 16:02:13.556 [main] [-] INFO  inventory-service-c.netflix.discovery.DiscoveryClient.getAndStoreFullRegistry - The response status is 200
12-08-2026 16:02:13.557 [main] [-] INFO  inventory-service-c.netflix.discovery.DiscoveryClient.initScheduledTasks - Starting heartbeat executor: renew interval is: 10
12-08-2026 16:02:13.559 [main] [-] INFO  inventory-service-c.n.discovery.InstanceInfoReplicator.<init> - InstanceInfoReplicator onDemand update allowed rate per min is 4
12-08-2026 16:02:13.560 [main] [-] INFO  inventory-service-c.netflix.discovery.DiscoveryClient.<init> - Discovery Client initialized at timestamp 1786530733560 with initial instances count: 2
12-08-2026 16:02:13.563 [main] [-] INFO  inventory-service-o.s.c.n.e.s.EurekaServiceRegistry.register - Registering application INVENTORY-SERVICE with eureka with status UP
12-08-2026 16:02:13.564 [main] [-] INFO  inventory-service-c.netflix.discovery.DiscoveryClient.notify - Saw local status change event StatusChangeEvent [timestamp=1786530733564, current=UP, previous=STARTING]
12-08-2026 16:02:13.567 [DiscoveryClient-InstanceInfoReplicator-%d] [-] INFO  inventory-service-c.netflix.discovery.DiscoveryClient.register - DiscoveryClient_INVENTORY-SERVICE/DESKTOP-5CC3FG7.mshome.net:inventory-service:9030: registering service...
12-08-2026 16:02:13.567 [main] [-] INFO  inventory-service-o.a.coyote.http11.Http11NioProtocol.log - Starting ProtocolHandler ["http-nio-9030"]
12-08-2026 16:02:13.579 [main] [-] INFO  inventory-service-o.s.boot.tomcat.TomcatWebServer.start - Tomcat started on port 9030 (http) with context path '/inventory'
12-08-2026 16:02:13.580 [main] [-] INFO  inventory-service-o.s.c.n.e.s.EurekaAutoServiceRegistration.onApplicationEvent - Updating port to 9030
12-08-2026 16:02:13.588 [main] [-] INFO  inventory-service-o.s.boot.tomcat.GracefulShutdown.shutDownGracefully - Commencing graceful shutdown. Waiting for active requests to complete
12-08-2026 16:02:13.589 [tomcat-shutdown] [-] INFO  inventory-service-o.a.coyote.http11.Http11NioProtocol.log - Pausing ProtocolHandler ["http-nio-9030"]
12-08-2026 16:02:13.593 [tomcat-shutdown] [-] INFO  inventory-service-o.s.boot.tomcat.GracefulShutdown.doShutdown - Graceful shutdown complete
12-08-2026 16:02:13.594 [main] [-] INFO  inventory-service-o.a.coyote.http11.Http11NioProtocol.log - Stopping ProtocolHandler ["http-nio-9030"]
12-08-2026 16:02:13.596 [main] [-] INFO  inventory-service-o.s.c.n.e.s.EurekaServiceRegistry.deregister - Unregistering application INVENTORY-SERVICE with eureka with status DOWN
12-08-2026 16:02:13.597 [main] [-] INFO  inventory-service-c.netflix.discovery.DiscoveryClient.notify - Saw local status change event StatusChangeEvent [timestamp=1786530733597, current=DOWN, previous=UP]
12-08-2026 16:02:13.597 [main] [-] WARN  inventory-service-o.s.b.w.s.s.c.AnnotationConfigServletWebServerApplicationContext.refresh - Exception encountered during context initialization - cancelling refresh attempt: org.springframework.context.ApplicationContextException: Failed to start bean 'org.springframework.kafka.config.internalKafkaListenerEndpointRegistry'
12-08-2026 16:02:13.604 [main] [-] INFO  inventory-service-o.s.o.j.LocalContainerEntityManagerFactoryBean.destroy - Closing JPA EntityManagerFactory for persistence unit 'default'
12-08-2026 16:02:13.610 [DiscoveryClient-InstanceInfoReplicator-%d] [-] INFO  inventory-service-c.netflix.discovery.DiscoveryClient.register - DiscoveryClient_INVENTORY-SERVICE/DESKTOP-5CC3FG7.mshome.net:inventory-service:9030 - registration status: 204
12-08-2026 16:02:13.610 [DiscoveryClient-InstanceInfoReplicator-%d] [-] INFO  inventory-service-c.netflix.discovery.DiscoveryClient.register - DiscoveryClient_INVENTORY-SERVICE/DESKTOP-5CC3FG7.mshome.net:inventory-service:9030: registering service...
12-08-2026 16:02:13.615 [DiscoveryClient-InstanceInfoReplicator-%d] [-] INFO  inventory-service-c.netflix.discovery.DiscoveryClient.register - DiscoveryClient_INVENTORY-SERVICE/DESKTOP-5CC3FG7.mshome.net:inventory-service:9030 - registration status: 204
12-08-2026 16:02:13.639 [main] [-] INFO  inventory-service-com.zaxxer.hikari.HikariDataSource.close - HikariPool-1 - Shutdown initiated...
12-08-2026 16:02:13.646 [main] [-] INFO  inventory-service-com.zaxxer.hikari.HikariDataSource.close - HikariPool-1 - Shutdown completed.
12-08-2026 16:02:14.649 [main] [-] INFO  inventory-service-c.netflix.discovery.DiscoveryClient.shutdown - Shutting down DiscoveryClient ...
12-08-2026 16:02:17.651 [main] [-] INFO  inventory-service-c.netflix.discovery.DiscoveryClient.unregister - Unregistering ...
12-08-2026 16:02:17.661 [main] [-] INFO  inventory-service-c.netflix.discovery.DiscoveryClient.unregister - DiscoveryClient_INVENTORY-SERVICE/DESKTOP-5CC3FG7.mshome.net:inventory-service:9030 - deregister  status: 200
12-08-2026 16:02:17.662 [main] [-] INFO  inventory-service-c.netflix.discovery.DiscoveryClient.shutdown - Completed shut down of DiscoveryClient
12-08-2026 16:02:17.676 [main] [-] INFO  inventory-service-o.s.b.a.l.ConditionEvaluationReportLogger.logMessage - 

Error starting ApplicationContext. To display the condition evaluation report re-run your application with 'debug' enabled.
12-08-2026 16:02:17.688 [main] [-] ERROR inventory-service-o.s.boot.SpringApplication.reportFailure - Application run failed
org.springframework.context.ApplicationContextException: Failed to start bean 'org.springframework.kafka.config.internalKafkaListenerEndpointRegistry'
	at org.springframework.context.support.DefaultLifecycleProcessor.doStart(DefaultLifecycleProcessor.java:423)
	at org.springframework.context.support.DefaultLifecycleProcessor.doStart(DefaultLifecycleProcessor.java:409)
	at org.springframework.context.support.DefaultLifecycleProcessor$LifecycleGroup.start(DefaultLifecycleProcessor.java:613)
	at java.base/java.lang.Iterable.forEach(Iterable.java:75)
	at org.springframework.context.support.DefaultLifecycleProcessor.startBeans(DefaultLifecycleProcessor.java:379)
	at org.springframework.context.support.DefaultLifecycleProcessor.onRefresh(DefaultLifecycleProcessor.java:306)
	at org.springframework.context.support.AbstractApplicationContext.finishRefresh(AbstractApplicationContext.java:1013)
	at org.springframework.context.support.AbstractApplicationContext.refresh(AbstractApplicationContext.java:624)
	at org.springframework.boot.web.server.servlet.context.ServletWebServerApplicationContext.refresh(ServletWebServerApplicationContext.java:143)
	at org.springframework.boot.SpringApplication.refresh(SpringApplication.java:756)
	at org.springframework.boot.SpringApplication.refreshContext(SpringApplication.java:445)
	at org.springframework.boot.SpringApplication.run(SpringApplication.java:321)
	at org.springframework.boot.SpringApplication.run(SpringApplication.java:1365)
	at org.springframework.boot.SpringApplication.run(SpringApplication.java:1354)
	at com.nithin.inventory_service.InventoryServiceApplication.main(InventoryServiceApplication.java:12)
Caused by: java.lang.IllegalStateException: No group.id found in consumer config, container properties, or @KafkaListener annotation; a group.id is required when group management is used.
	at org.springframework.util.Assert.state(Assert.java:80)
	at org.springframework.kafka.listener.AbstractMessageListenerContainer.checkGroupId(AbstractMessageListenerContainer.java:604)
	at org.springframework.kafka.listener.AbstractMessageListenerContainer.start(AbstractMessageListenerContainer.java:525)
	at org.springframework.kafka.config.KafkaListenerEndpointRegistry.startIfNecessary(KafkaListenerEndpointRegistry.java:438)
	at org.springframework.kafka.config.KafkaListenerEndpointRegistry.start(KafkaListenerEndpointRegistry.java:384)
	at org.springframework.context.support.DefaultLifecycleProcessor.doStart(DefaultLifecycleProcessor.java:420)
	... 14 common frames omitted
12-08-2026 16:03:34.849 [main] [-] INFO  inventory-service-c.n.i.InventoryServiceApplication.logStarting - Starting InventoryServiceApplication using Java 25.0.3 with PID 15328 (C:\Users\Admin\Documents\SpringBoot_learnings\eCommerce\inventory-service\target\classes started by Admin in C:\Users\Admin\Documents\SpringBoot_learnings\eCommerce)
12-08-2026 16:03:34.852 [main] [-] INFO  inventory-service-c.n.i.InventoryServiceApplication.logStartupProfileInfo - No active profile set, falling back to 1 default profile: "default"
12-08-2026 16:03:34.890 [main] [-] INFO  inventory-service-o.s.c.c.c.ConfigServerConfigDataLoader.log - Fetching config from server at : http://localhost:8888
12-08-2026 16:03:34.890 [main] [-] INFO  inventory-service-o.s.c.c.c.ConfigServerConfigDataLoader.log - Located environment: name=inventory-service, profiles=[default], label=null, version=0ea68e7bd44f5a1fe092f8c5aa4a27ddfcec0fa8, state=
12-08-2026 16:03:35.643 [main] [-] INFO  inventory-service-o.s.d.r.c.RepositoryConfigurationDelegate.registerRepositoriesIn - Bootstrapping Spring Data JPA repositories in DEFAULT mode.
12-08-2026 16:03:35.755 [main] [-] INFO  inventory-service-o.s.d.r.c.RepositoryConfigurationDelegate.registerRepositoriesIn - Finished Spring Data repository scanning in 106 ms. Found 1 JPA repository interface.
12-08-2026 16:03:36.096 [main] [-] INFO  inventory-service-o.s.cloud.context.scope.GenericScope.setSerializationId - BeanFactory id=72fd837d-ddf5-31f0-9e51-ac3377db1a75
12-08-2026 16:03:36.500 [main] [-] INFO  inventory-service-o.s.boot.tomcat.TomcatWebServer.initialize - Tomcat initialized with port 9030 (http)
12-08-2026 16:03:36.510 [main] [-] INFO  inventory-service-o.a.coyote.http11.Http11NioProtocol.log - Initializing ProtocolHandler ["http-nio-9030"]
12-08-2026 16:03:36.512 [main] [-] INFO  inventory-service-o.a.catalina.core.StandardService.log - Starting service [Tomcat]
12-08-2026 16:03:36.512 [main] [-] INFO  inventory-service-o.a.catalina.core.StandardEngine.log - Starting Servlet engine: [Apache Tomcat/11.0.22]
12-08-2026 16:03:36.565 [main] [-] INFO  inventory-service-o.s.b.w.c.s.WebApplicationContextInitializer.prepareWebApplicationContext - Root WebApplicationContext: initialization completed in 1672 ms
12-08-2026 16:03:36.996 [main] [-] INFO  inventory-service-org.hibernate.orm.jpa.logPersistenceUnitInformation - HHH008540: Processing PersistenceUnitInfo [name: default]
12-08-2026 16:03:37.036 [main] [-] INFO  inventory-service-org.hibernate.orm.core.logVersion - HHH000001: Hibernate ORM core version 7.4.1.Final
12-08-2026 16:03:37.356 [main] [-] INFO  inventory-service-o.s.o.j.p.SpringPersistenceUnitInfo.addTransformer - No LoadTimeWeaver setup: ignoring JPA class transformer
12-08-2026 16:03:37.381 [main] [-] INFO  inventory-service-com.zaxxer.hikari.HikariDataSource.getConnection - HikariPool-1 - Starting...
12-08-2026 16:03:37.506 [main] [-] INFO  inventory-service-com.zaxxer.hikari.pool.HikariPool.checkFailFast - HikariPool-1 - Added connection com.mysql.cj.jdbc.ConnectionImpl@62cf873a
12-08-2026 16:03:37.507 [main] [-] INFO  inventory-service-com.zaxxer.hikari.HikariDataSource.getConnection - HikariPool-1 - Start completed.
12-08-2026 16:03:37.581 [main] [-] INFO  inventory-service-o.hibernate.orm.connections.pooling.logConnectionInfo - HHH10001005: Database info:
	Database JDBC URL [jdbc:mysql://localhost:3306/inventorydb?useSSL=false]
	Database driver: MySQL Connector/J
	Database dialect: MySQLDialect
	Database version: 8.0.46
	Default catalog/schema: inventorydb/undefined
	Autocommit mode: undefined/unknown
	Isolation level: REPEATABLE_READ [default REPEATABLE_READ]
	JDBC fetch size: none
	Pool: DataSourceConnectionProvider
	Minimum pool size: undefined/unknown
	Maximum pool size: undefined/unknown
12-08-2026 16:03:38.294 [main] [-] INFO  inventory-service-org.hibernate.orm.core.initiateService - HHH000489: No JTA platform available (set 'hibernate.transaction.jta.platform' to enable JTA platform integration)
12-08-2026 16:03:38.381 [main] [-] INFO  inventory-service-o.s.o.j.LocalContainerEntityManagerFactoryBean.buildNativeEntityManagerFactory - Initialized JPA EntityManagerFactory for persistence unit 'default'
12-08-2026 16:03:38.499 [main] [-] INFO  inventory-service-o.s.d.j.r.q.QueryEnhancerFactories.<clinit> - Hibernate is in classpath; If applicable, HQL parser will be used.
12-08-2026 16:03:39.024 [main] [-] WARN  inventory-service-o.s.b.j.a.JpaBaseConfiguration$JpaWebConfiguration.openEntityManagerInViewInterceptor - spring.jpa.open-in-view is enabled by default. Therefore, database queries may be performed during view rendering. Explicitly configure spring.jpa.open-in-view to disable this warning
12-08-2026 16:03:39.091 [main] [-] INFO  inventory-service-o.s.c.o.FeignClientFactoryBean.getTarget - For 'order-service' URL not provided. Will try picking an instance via load-balancing.
12-08-2026 16:03:39.791 [main] [-] INFO  inventory-service-o.s.c.n.e.c.DiscoveryClientOptionalArgsConfiguration.restClientDiscoveryClientOptionalArgs - Eureka HTTP Client uses RestClient.
12-08-2026 16:03:39.814 [main] [-] WARN  inventory-service-o.s.c.l.c.LoadBalancerCacheAutoConfiguration$LoadBalancerCaffeineWarnLogger.afterPropertiesSet - Spring Cloud LoadBalancer is currently working with the default cache. While this cache implementation is useful for development and tests, it's recommended to use Caffeine cache in production.You can switch to using Caffeine cache, by adding it and org.springframework.cache.caffeine.CaffeineCacheManager to the classpath.
12-08-2026 16:03:39.835 [main] [-] INFO  inventory-service-o.s.b.a.e.web.EndpointLinksResolver.<init> - Exposing 16 endpoints beneath base path '/actuator'
12-08-2026 16:03:39.970 [main] [-] INFO  inventory-service-o.a.k.common.config.AbstractConfig.logAll - AdminClientConfig values: 
	bootstrap.controllers = []
	bootstrap.servers = [localhost:9092]
	client.dns.lookup = use_all_dns_ips
	client.id = inventory-service-admin-0
	config.providers = []
	connections.max.idle.ms = 300000
	default.api.timeout.ms = 60000
	enable.metrics.push = false
	metadata.max.age.ms = 300000
	metadata.recovery.rebootstrap.trigger.ms = 300000
	metadata.recovery.strategy = rebootstrap
	metric.reporters = [org.apache.kafka.common.metrics.JmxReporter]
	metrics.num.samples = 2
	metrics.recording.level = INFO
	metrics.sample.window.ms = 30000
	receive.buffer.bytes = 65536
	reconnect.backoff.max.ms = 1000
	reconnect.backoff.ms = 50
	request.timeout.ms = 30000
	retries = 2147483647
	retry.backoff.max.ms = 1000
	retry.backoff.ms = 100
	sasl.client.callback.handler.class = null
	sasl.jaas.config = null
	sasl.kerberos.kinit.cmd = /usr/bin/kinit
	sasl.kerberos.min.time.before.relogin = 60000
	sasl.kerberos.service.name = null
	sasl.kerberos.ticket.renew.jitter = 0.05
	sasl.kerberos.ticket.renew.window.factor = 0.8
	sasl.login.callback.handler.class = null
	sasl.login.class = null
	sasl.login.connect.timeout.ms = null
	sasl.login.read.timeout.ms = null
	sasl.login.refresh.buffer.seconds = 300
	sasl.login.refresh.min.period.seconds = 60
	sasl.login.refresh.window.factor = 0.8
	sasl.login.refresh.window.jitter = 0.05
	sasl.login.retry.backoff.max.ms = 10000
	sasl.login.retry.backoff.ms = 100
	sasl.mechanism = GSSAPI
	sasl.oauthbearer.assertion.algorithm = RS256
	sasl.oauthbearer.assertion.claim.aud = null
	sasl.oauthbearer.assertion.claim.exp.seconds = 300
	sasl.oauthbearer.assertion.claim.iss = null
	sasl.oauthbearer.assertion.claim.jti.include = false
	sasl.oauthbearer.assertion.claim.nbf.seconds = 60
	sasl.oauthbearer.assertion.claim.sub = null
	sasl.oauthbearer.assertion.file = null
	sasl.oauthbearer.assertion.private.key.file = null
	sasl.oauthbearer.assertion.private.key.passphrase = null
	sasl.oauthbearer.assertion.template.file = null
	sasl.oauthbearer.client.credentials.client.id = null
	sasl.oauthbearer.client.credentials.client.secret = null
	sasl.oauthbearer.clock.skew.seconds = 30
	sasl.oauthbearer.expected.audience = []
	sasl.oauthbearer.expected.issuer = null
	sasl.oauthbearer.header.urlencode = false
	sasl.oauthbearer.jwks.endpoint.refresh.ms = 3600000
	sasl.oauthbearer.jwks.endpoint.retry.backoff.max.ms = 10000
	sasl.oauthbearer.jwks.endpoint.retry.backoff.ms = 100
	sasl.oauthbearer.jwks.endpoint.url = null
	sasl.oauthbearer.jwt.retriever.class = class org.apache.kafka.common.security.oauthbearer.DefaultJwtRetriever
	sasl.oauthbearer.jwt.validator.class = class org.apache.kafka.common.security.oauthbearer.DefaultJwtValidator
	sasl.oauthbearer.scope = null
	sasl.oauthbearer.scope.claim.name = scope
	sasl.oauthbearer.sub.claim.name = sub
	sasl.oauthbearer.token.endpoint.url = null
	security.protocol = PLAINTEXT
	security.providers = null
	send.buffer.bytes = 131072
	socket.connection.setup.timeout.max.ms = 30000
	socket.connection.setup.timeout.ms = 10000
	ssl.cipher.suites = []
	ssl.enabled.protocols = [TLSv1.2, TLSv1.3]
	ssl.endpoint.identification.algorithm = https
	ssl.engine.factory.class = null
	ssl.key.password = null
	ssl.keymanager.algorithm = SunX509
	ssl.keystore.certificate.chain = null
	ssl.keystore.key = null
	ssl.keystore.location = null
	ssl.keystore.password = null
	ssl.keystore.type = JKS
	ssl.protocol = TLSv1.3
	ssl.provider = null
	ssl.secure.random.implementation = null
	ssl.trustmanager.algorithm = PKIX
	ssl.truststore.certificates = null
	ssl.truststore.location = null
	ssl.truststore.password = null
	ssl.truststore.type = JKS

12-08-2026 16:03:40.083 [main] [-] INFO  inventory-service-o.a.kafka.common.utils.AppInfoParser.<init> - Kafka version: 4.2.1
12-08-2026 16:03:40.083 [main] [-] INFO  inventory-service-o.a.kafka.common.utils.AppInfoParser.<init> - Kafka commitId: 92f61c44867f39dc
12-08-2026 16:03:40.084 [main] [-] INFO  inventory-service-o.a.kafka.common.utils.AppInfoParser.<init> - Kafka startTimeMs: 1786530820081
12-08-2026 16:03:40.446 [main] [-] INFO  inventory-service-o.a.kafka.common.metrics.Metrics.close - Metrics scheduler closed
12-08-2026 16:03:40.447 [main] [-] INFO  inventory-service-o.a.kafka.common.metrics.Metrics.close - Closing reporter org.apache.kafka.common.metrics.JmxReporter
12-08-2026 16:03:40.447 [main] [-] INFO  inventory-service-o.a.kafka.common.metrics.Metrics.close - Metrics reporters closed
12-08-2026 16:03:40.447 [kafka-admin-client-thread | inventory-service-admin-0] [-] INFO  inventory-service-o.a.kafka.common.utils.AppInfoParser.unregisterAppInfo - App info kafka.admin.client for inventory-service-admin-0 unregistered
12-08-2026 16:03:40.453 [kafka-admin-client-thread | inventory-service-admin-0] [-] INFO  inventory-service-o.a.kafka.common.metrics.Metrics.close - Metrics scheduler closed
12-08-2026 16:03:40.454 [kafka-admin-client-thread | inventory-service-admin-0] [-] INFO  inventory-service-o.a.kafka.common.metrics.Metrics.close - Closing reporter org.apache.kafka.common.metrics.JmxReporter
12-08-2026 16:03:40.454 [kafka-admin-client-thread | inventory-service-admin-0] [-] INFO  inventory-service-o.a.kafka.common.metrics.Metrics.close - Metrics reporters closed
12-08-2026 16:03:40.467 [main] [-] INFO  inventory-service-o.s.c.n.eureka.InstanceInfoFactory.create - Setting initial instance status as: STARTING
12-08-2026 16:03:40.490 [main] [-] INFO  inventory-service-c.netflix.discovery.DiscoveryClient.<init> - Initializing Eureka in region us-east-1
12-08-2026 16:03:40.494 [main] [-] INFO  inventory-service-c.n.d.s.r.aws.ConfigClusterResolver.getClusterEndpoints - Resolving eureka endpoints via configuration
12-08-2026 16:03:40.503 [main] [-] INFO  inventory-service-c.netflix.discovery.DiscoveryClient.fetchRegistry - Disable delta property : false
12-08-2026 16:03:40.503 [main] [-] INFO  inventory-service-c.netflix.discovery.DiscoveryClient.fetchRegistry - Single vip registry refresh property : null
12-08-2026 16:03:40.503 [main] [-] INFO  inventory-service-c.netflix.discovery.DiscoveryClient.fetchRegistry - Force full registry fetch : false
12-08-2026 16:03:40.503 [main] [-] INFO  inventory-service-c.netflix.discovery.DiscoveryClient.fetchRegistry - Application is null : false
12-08-2026 16:03:40.503 [main] [-] INFO  inventory-service-c.netflix.discovery.DiscoveryClient.fetchRegistry - Registered Applications size is zero : true
12-08-2026 16:03:40.503 [main] [-] INFO  inventory-service-c.netflix.discovery.DiscoveryClient.fetchRegistry - Application version is -1: true
12-08-2026 16:03:40.504 [main] [-] INFO  inventory-service-c.netflix.discovery.DiscoveryClient.getAndStoreFullRegistry - Getting all instance registry info from the eureka server
12-08-2026 16:03:40.702 [main] [-] INFO  inventory-service-c.netflix.discovery.DiscoveryClient.getAndStoreFullRegistry - The response status is 200
12-08-2026 16:03:40.703 [main] [-] INFO  inventory-service-c.netflix.discovery.DiscoveryClient.initScheduledTasks - Starting heartbeat executor: renew interval is: 10
12-08-2026 16:03:40.705 [main] [-] INFO  inventory-service-c.n.discovery.InstanceInfoReplicator.<init> - InstanceInfoReplicator onDemand update allowed rate per min is 4
12-08-2026 16:03:40.706 [main] [-] INFO  inventory-service-c.netflix.discovery.DiscoveryClient.<init> - Discovery Client initialized at timestamp 1786530820705 with initial instances count: 2
12-08-2026 16:03:40.709 [main] [-] INFO  inventory-service-o.s.c.n.e.s.EurekaServiceRegistry.register - Registering application INVENTORY-SERVICE with eureka with status UP
12-08-2026 16:03:40.710 [main] [-] INFO  inventory-service-c.netflix.discovery.DiscoveryClient.notify - Saw local status change event StatusChangeEvent [timestamp=1786530820710, current=UP, previous=STARTING]
12-08-2026 16:03:40.711 [DiscoveryClient-InstanceInfoReplicator-%d] [-] INFO  inventory-service-c.netflix.discovery.DiscoveryClient.register - DiscoveryClient_INVENTORY-SERVICE/DESKTOP-5CC3FG7.mshome.net:inventory-service:9030: registering service...
12-08-2026 16:03:40.711 [main] [-] INFO  inventory-service-o.a.coyote.http11.Http11NioProtocol.log - Starting ProtocolHandler ["http-nio-9030"]
12-08-2026 16:03:40.725 [main] [-] INFO  inventory-service-o.s.boot.tomcat.TomcatWebServer.start - Tomcat started on port 9030 (http) with context path '/inventory'
12-08-2026 16:03:40.726 [main] [-] INFO  inventory-service-o.s.c.n.e.s.EurekaAutoServiceRegistration.onApplicationEvent - Updating port to 9030
12-08-2026 16:03:40.735 [main] [-] INFO  inventory-service-o.s.boot.tomcat.GracefulShutdown.shutDownGracefully - Commencing graceful shutdown. Waiting for active requests to complete
12-08-2026 16:03:40.736 [tomcat-shutdown] [-] INFO  inventory-service-o.a.coyote.http11.Http11NioProtocol.log - Pausing ProtocolHandler ["http-nio-9030"]
12-08-2026 16:03:40.741 [tomcat-shutdown] [-] INFO  inventory-service-o.s.boot.tomcat.GracefulShutdown.doShutdown - Graceful shutdown complete
12-08-2026 16:03:40.742 [main] [-] INFO  inventory-service-o.a.coyote.http11.Http11NioProtocol.log - Stopping ProtocolHandler ["http-nio-9030"]
12-08-2026 16:03:40.743 [main] [-] INFO  inventory-service-o.s.c.n.e.s.EurekaServiceRegistry.deregister - Unregistering application INVENTORY-SERVICE with eureka with status DOWN
12-08-2026 16:03:40.743 [main] [-] INFO  inventory-service-c.netflix.discovery.DiscoveryClient.notify - Saw local status change event StatusChangeEvent [timestamp=1786530820743, current=DOWN, previous=UP]
12-08-2026 16:03:40.745 [main] [-] WARN  inventory-service-o.s.b.w.s.s.c.AnnotationConfigServletWebServerApplicationContext.refresh - Exception encountered during context initialization - cancelling refresh attempt: org.springframework.context.ApplicationContextException: Failed to start bean 'org.springframework.kafka.config.internalKafkaListenerEndpointRegistry'
12-08-2026 16:03:40.750 [DiscoveryClient-InstanceInfoReplicator-%d] [-] INFO  inventory-service-c.netflix.discovery.DiscoveryClient.register - DiscoveryClient_INVENTORY-SERVICE/DESKTOP-5CC3FG7.mshome.net:inventory-service:9030 - registration status: 204
12-08-2026 16:03:40.750 [DiscoveryClient-InstanceInfoReplicator-%d] [-] INFO  inventory-service-c.netflix.discovery.DiscoveryClient.register - DiscoveryClient_INVENTORY-SERVICE/DESKTOP-5CC3FG7.mshome.net:inventory-service:9030: registering service...
12-08-2026 16:03:40.753 [main] [-] INFO  inventory-service-o.s.o.j.LocalContainerEntityManagerFactoryBean.destroy - Closing JPA EntityManagerFactory for persistence unit 'default'
12-08-2026 16:03:40.756 [DiscoveryClient-InstanceInfoReplicator-%d] [-] INFO  inventory-service-c.netflix.discovery.DiscoveryClient.register - DiscoveryClient_INVENTORY-SERVICE/DESKTOP-5CC3FG7.mshome.net:inventory-service:9030 - registration status: 204
12-08-2026 16:03:40.781 [main] [-] INFO  inventory-service-com.zaxxer.hikari.HikariDataSource.close - HikariPool-1 - Shutdown initiated...
12-08-2026 16:03:40.787 [main] [-] INFO  inventory-service-com.zaxxer.hikari.HikariDataSource.close - HikariPool-1 - Shutdown completed.
12-08-2026 16:03:41.792 [main] [-] INFO  inventory-service-c.netflix.discovery.DiscoveryClient.shutdown - Shutting down DiscoveryClient ...
12-08-2026 16:03:44.793 [main] [-] INFO  inventory-service-c.netflix.discovery.DiscoveryClient.unregister - Unregistering ...
12-08-2026 16:03:44.802 [main] [-] INFO  inventory-service-c.netflix.discovery.DiscoveryClient.unregister - DiscoveryClient_INVENTORY-SERVICE/DESKTOP-5CC3FG7.mshome.net:inventory-service:9030 - deregister  status: 200
12-08-2026 16:03:44.803 [main] [-] INFO  inventory-service-c.netflix.discovery.DiscoveryClient.shutdown - Completed shut down of DiscoveryClient
12-08-2026 16:03:44.817 [main] [-] INFO  inventory-service-o.s.b.a.l.ConditionEvaluationReportLogger.logMessage - 

Error starting ApplicationContext. To display the condition evaluation report re-run your application with 'debug' enabled.
12-08-2026 16:03:44.828 [main] [-] ERROR inventory-service-o.s.boot.SpringApplication.reportFailure - Application run failed
org.springframework.context.ApplicationContextException: Failed to start bean 'org.springframework.kafka.config.internalKafkaListenerEndpointRegistry'
	at org.springframework.context.support.DefaultLifecycleProcessor.doStart(DefaultLifecycleProcessor.java:423)
	at org.springframework.context.support.DefaultLifecycleProcessor.doStart(DefaultLifecycleProcessor.java:409)
	at org.springframework.context.support.DefaultLifecycleProcessor$LifecycleGroup.start(DefaultLifecycleProcessor.java:613)
	at java.base/java.lang.Iterable.forEach(Iterable.java:75)
	at org.springframework.context.support.DefaultLifecycleProcessor.startBeans(DefaultLifecycleProcessor.java:379)
	at org.springframework.context.support.DefaultLifecycleProcessor.onRefresh(DefaultLifecycleProcessor.java:306)
	at org.springframework.context.support.AbstractApplicationContext.finishRefresh(AbstractApplicationContext.java:1013)
	at org.springframework.context.support.AbstractApplicationContext.refresh(AbstractApplicationContext.java:624)
	at org.springframework.boot.web.server.servlet.context.ServletWebServerApplicationContext.refresh(ServletWebServerApplicationContext.java:143)
	at org.springframework.boot.SpringApplication.refresh(SpringApplication.java:756)
	at org.springframework.boot.SpringApplication.refreshContext(SpringApplication.java:445)
	at org.springframework.boot.SpringApplication.run(SpringApplication.java:321)
	at org.springframework.boot.SpringApplication.run(SpringApplication.java:1365)
	at org.springframework.boot.SpringApplication.run(SpringApplication.java:1354)
	at com.nithin.inventory_service.InventoryServiceApplication.main(InventoryServiceApplication.java:12)
Caused by: java.lang.IllegalStateException: No group.id found in consumer config, container properties, or @KafkaListener annotation; a group.id is required when group management is used.
	at org.springframework.util.Assert.state(Assert.java:80)
	at org.springframework.kafka.listener.AbstractMessageListenerContainer.checkGroupId(AbstractMessageListenerContainer.java:604)
	at org.springframework.kafka.listener.AbstractMessageListenerContainer.start(AbstractMessageListenerContainer.java:525)
	at org.springframework.kafka.config.KafkaListenerEndpointRegistry.startIfNecessary(KafkaListenerEndpointRegistry.java:438)
	at org.springframework.kafka.config.KafkaListenerEndpointRegistry.start(KafkaListenerEndpointRegistry.java:384)
	at org.springframework.context.support.DefaultLifecycleProcessor.doStart(DefaultLifecycleProcessor.java:420)
	... 14 common frames omitted
12-08-2026 16:10:46.999 [main] [-] INFO  inventory-service-c.n.i.InventoryServiceApplication.logStarting - Starting InventoryServiceApplication using Java 25.0.3 with PID 16396 (C:\Users\Admin\Documents\SpringBoot_learnings\eCommerce\inventory-service\target\classes started by Admin in C:\Users\Admin\Documents\SpringBoot_learnings\eCommerce)
12-08-2026 16:10:47.002 [main] [-] INFO  inventory-service-c.n.i.InventoryServiceApplication.logStartupProfileInfo - No active profile set, falling back to 1 default profile: "default"
12-08-2026 16:10:47.040 [main] [-] INFO  inventory-service-o.s.c.c.c.ConfigServerConfigDataLoader.log - Fetching config from server at : http://localhost:8888
12-08-2026 16:10:47.041 [main] [-] INFO  inventory-service-o.s.c.c.c.ConfigServerConfigDataLoader.log - Located environment: name=inventory-service, profiles=[default], label=null, version=0ea68e7bd44f5a1fe092f8c5aa4a27ddfcec0fa8, state=
12-08-2026 16:10:47.822 [main] [-] INFO  inventory-service-o.s.d.r.c.RepositoryConfigurationDelegate.registerRepositoriesIn - Bootstrapping Spring Data JPA repositories in DEFAULT mode.
12-08-2026 16:10:47.945 [main] [-] INFO  inventory-service-o.s.d.r.c.RepositoryConfigurationDelegate.registerRepositoriesIn - Finished Spring Data repository scanning in 113 ms. Found 1 JPA repository interface.
12-08-2026 16:10:48.283 [main] [-] INFO  inventory-service-o.s.cloud.context.scope.GenericScope.setSerializationId - BeanFactory id=72fd837d-ddf5-31f0-9e51-ac3377db1a75
12-08-2026 16:10:48.657 [main] [-] INFO  inventory-service-o.s.boot.tomcat.TomcatWebServer.initialize - Tomcat initialized with port 9030 (http)
12-08-2026 16:10:48.670 [main] [-] INFO  inventory-service-o.a.coyote.http11.Http11NioProtocol.log - Initializing ProtocolHandler ["http-nio-9030"]
12-08-2026 16:10:48.673 [main] [-] INFO  inventory-service-o.a.catalina.core.StandardService.log - Starting service [Tomcat]
12-08-2026 16:10:48.673 [main] [-] INFO  inventory-service-o.a.catalina.core.StandardEngine.log - Starting Servlet engine: [Apache Tomcat/11.0.22]
12-08-2026 16:10:48.743 [main] [-] INFO  inventory-service-o.s.b.w.c.s.WebApplicationContextInitializer.prepareWebApplicationContext - Root WebApplicationContext: initialization completed in 1700 ms
12-08-2026 16:10:49.408 [main] [-] INFO  inventory-service-org.hibernate.orm.jpa.logPersistenceUnitInformation - HHH008540: Processing PersistenceUnitInfo [name: default]
12-08-2026 16:10:49.492 [main] [-] INFO  inventory-service-org.hibernate.orm.core.logVersion - HHH000001: Hibernate ORM core version 7.4.1.Final
12-08-2026 16:10:49.962 [main] [-] INFO  inventory-service-o.s.o.j.p.SpringPersistenceUnitInfo.addTransformer - No LoadTimeWeaver setup: ignoring JPA class transformer
12-08-2026 16:10:49.998 [main] [-] INFO  inventory-service-com.zaxxer.hikari.HikariDataSource.getConnection - HikariPool-1 - Starting...
12-08-2026 16:10:50.163 [main] [-] INFO  inventory-service-com.zaxxer.hikari.pool.HikariPool.checkFailFast - HikariPool-1 - Added connection com.mysql.cj.jdbc.ConnectionImpl@1a1c308b
12-08-2026 16:10:50.164 [main] [-] INFO  inventory-service-com.zaxxer.hikari.HikariDataSource.getConnection - HikariPool-1 - Start completed.
12-08-2026 16:10:50.271 [main] [-] INFO  inventory-service-o.hibernate.orm.connections.pooling.logConnectionInfo - HHH10001005: Database info:
	Database JDBC URL [jdbc:mysql://localhost:3306/inventorydb?useSSL=false]
	Database driver: MySQL Connector/J
	Database dialect: MySQLDialect
	Database version: 8.0.46
	Default catalog/schema: inventorydb/undefined
	Autocommit mode: undefined/unknown
	Isolation level: REPEATABLE_READ [default REPEATABLE_READ]
	JDBC fetch size: none
	Pool: DataSourceConnectionProvider
	Minimum pool size: undefined/unknown
	Maximum pool size: undefined/unknown
12-08-2026 16:10:51.228 [main] [-] INFO  inventory-service-org.hibernate.orm.core.initiateService - HHH000489: No JTA platform available (set 'hibernate.transaction.jta.platform' to enable JTA platform integration)
12-08-2026 16:10:51.336 [main] [-] INFO  inventory-service-o.s.o.j.LocalContainerEntityManagerFactoryBean.buildNativeEntityManagerFactory - Initialized JPA EntityManagerFactory for persistence unit 'default'
12-08-2026 16:10:51.425 [main] [-] INFO  inventory-service-o.s.d.j.r.q.QueryEnhancerFactories.<clinit> - Hibernate is in classpath; If applicable, HQL parser will be used.
12-08-2026 16:10:51.897 [main] [-] WARN  inventory-service-o.s.b.j.a.JpaBaseConfiguration$JpaWebConfiguration.openEntityManagerInViewInterceptor - spring.jpa.open-in-view is enabled by default. Therefore, database queries may be performed during view rendering. Explicitly configure spring.jpa.open-in-view to disable this warning
12-08-2026 16:10:51.965 [main] [-] INFO  inventory-service-o.s.c.o.FeignClientFactoryBean.getTarget - For 'order-service' URL not provided. Will try picking an instance via load-balancing.
12-08-2026 16:10:52.602 [main] [-] INFO  inventory-service-o.s.c.n.e.c.DiscoveryClientOptionalArgsConfiguration.restClientDiscoveryClientOptionalArgs - Eureka HTTP Client uses RestClient.
12-08-2026 16:10:52.628 [main] [-] WARN  inventory-service-o.s.c.l.c.LoadBalancerCacheAutoConfiguration$LoadBalancerCaffeineWarnLogger.afterPropertiesSet - Spring Cloud LoadBalancer is currently working with the default cache. While this cache implementation is useful for development and tests, it's recommended to use Caffeine cache in production.You can switch to using Caffeine cache, by adding it and org.springframework.cache.caffeine.CaffeineCacheManager to the classpath.
12-08-2026 16:10:52.642 [main] [-] INFO  inventory-service-o.s.b.a.e.web.EndpointLinksResolver.<init> - Exposing 16 endpoints beneath base path '/actuator'
12-08-2026 16:10:52.779 [main] [-] INFO  inventory-service-o.a.k.common.config.AbstractConfig.logAll - AdminClientConfig values: 
	bootstrap.controllers = []
	bootstrap.servers = [localhost:9092]
	client.dns.lookup = use_all_dns_ips
	client.id = inventory-service-admin-0
	config.providers = []
	connections.max.idle.ms = 300000
	default.api.timeout.ms = 60000
	enable.metrics.push = false
	metadata.max.age.ms = 300000
	metadata.recovery.rebootstrap.trigger.ms = 300000
	metadata.recovery.strategy = rebootstrap
	metric.reporters = [org.apache.kafka.common.metrics.JmxReporter]
	metrics.num.samples = 2
	metrics.recording.level = INFO
	metrics.sample.window.ms = 30000
	receive.buffer.bytes = 65536
	reconnect.backoff.max.ms = 1000
	reconnect.backoff.ms = 50
	request.timeout.ms = 30000
	retries = 2147483647
	retry.backoff.max.ms = 1000
	retry.backoff.ms = 100
	sasl.client.callback.handler.class = null
	sasl.jaas.config = null
	sasl.kerberos.kinit.cmd = /usr/bin/kinit
	sasl.kerberos.min.time.before.relogin = 60000
	sasl.kerberos.service.name = null
	sasl.kerberos.ticket.renew.jitter = 0.05
	sasl.kerberos.ticket.renew.window.factor = 0.8
	sasl.login.callback.handler.class = null
	sasl.login.class = null
	sasl.login.connect.timeout.ms = null
	sasl.login.read.timeout.ms = null
	sasl.login.refresh.buffer.seconds = 300
	sasl.login.refresh.min.period.seconds = 60
	sasl.login.refresh.window.factor = 0.8
	sasl.login.refresh.window.jitter = 0.05
	sasl.login.retry.backoff.max.ms = 10000
	sasl.login.retry.backoff.ms = 100
	sasl.mechanism = GSSAPI
	sasl.oauthbearer.assertion.algorithm = RS256
	sasl.oauthbearer.assertion.claim.aud = null
	sasl.oauthbearer.assertion.claim.exp.seconds = 300
	sasl.oauthbearer.assertion.claim.iss = null
	sasl.oauthbearer.assertion.claim.jti.include = false
	sasl.oauthbearer.assertion.claim.nbf.seconds = 60
	sasl.oauthbearer.assertion.claim.sub = null
	sasl.oauthbearer.assertion.file = null
	sasl.oauthbearer.assertion.private.key.file = null
	sasl.oauthbearer.assertion.private.key.passphrase = null
	sasl.oauthbearer.assertion.template.file = null
	sasl.oauthbearer.client.credentials.client.id = null
	sasl.oauthbearer.client.credentials.client.secret = null
	sasl.oauthbearer.clock.skew.seconds = 30
	sasl.oauthbearer.expected.audience = []
	sasl.oauthbearer.expected.issuer = null
	sasl.oauthbearer.header.urlencode = false
	sasl.oauthbearer.jwks.endpoint.refresh.ms = 3600000
	sasl.oauthbearer.jwks.endpoint.retry.backoff.max.ms = 10000
	sasl.oauthbearer.jwks.endpoint.retry.backoff.ms = 100
	sasl.oauthbearer.jwks.endpoint.url = null
	sasl.oauthbearer.jwt.retriever.class = class org.apache.kafka.common.security.oauthbearer.DefaultJwtRetriever
	sasl.oauthbearer.jwt.validator.class = class org.apache.kafka.common.security.oauthbearer.DefaultJwtValidator
	sasl.oauthbearer.scope = null
	sasl.oauthbearer.scope.claim.name = scope
	sasl.oauthbearer.sub.claim.name = sub
	sasl.oauthbearer.token.endpoint.url = null
	security.protocol = PLAINTEXT
	security.providers = null
	send.buffer.bytes = 131072
	socket.connection.setup.timeout.max.ms = 30000
	socket.connection.setup.timeout.ms = 10000
	ssl.cipher.suites = []
	ssl.enabled.protocols = [TLSv1.2, TLSv1.3]
	ssl.endpoint.identification.algorithm = https
	ssl.engine.factory.class = null
	ssl.key.password = null
	ssl.keymanager.algorithm = SunX509
	ssl.keystore.certificate.chain = null
	ssl.keystore.key = null
	ssl.keystore.location = null
	ssl.keystore.password = null
	ssl.keystore.type = JKS
	ssl.protocol = TLSv1.3
	ssl.provider = null
	ssl.secure.random.implementation = null
	ssl.trustmanager.algorithm = PKIX
	ssl.truststore.certificates = null
	ssl.truststore.location = null
	ssl.truststore.password = null
	ssl.truststore.type = JKS

12-08-2026 16:10:52.970 [main] [-] INFO  inventory-service-o.a.kafka.common.utils.AppInfoParser.<init> - Kafka version: 4.2.1
12-08-2026 16:10:52.970 [main] [-] INFO  inventory-service-o.a.kafka.common.utils.AppInfoParser.<init> - Kafka commitId: 92f61c44867f39dc
12-08-2026 16:10:52.970 [main] [-] INFO  inventory-service-o.a.kafka.common.utils.AppInfoParser.<init> - Kafka startTimeMs: 1786531252968
12-08-2026 16:10:53.599 [main] [-] INFO  inventory-service-o.a.kafka.common.metrics.Metrics.close - Metrics scheduler closed
12-08-2026 16:10:53.599 [main] [-] INFO  inventory-service-o.a.kafka.common.metrics.Metrics.close - Closing reporter org.apache.kafka.common.metrics.JmxReporter
12-08-2026 16:10:53.600 [main] [-] INFO  inventory-service-o.a.kafka.common.metrics.Metrics.close - Metrics reporters closed
12-08-2026 16:10:53.600 [kafka-admin-client-thread | inventory-service-admin-0] [-] INFO  inventory-service-o.a.kafka.common.utils.AppInfoParser.unregisterAppInfo - App info kafka.admin.client for inventory-service-admin-0 unregistered
12-08-2026 16:10:53.604 [kafka-admin-client-thread | inventory-service-admin-0] [-] INFO  inventory-service-o.a.kafka.common.metrics.Metrics.close - Metrics scheduler closed
12-08-2026 16:10:53.605 [kafka-admin-client-thread | inventory-service-admin-0] [-] INFO  inventory-service-o.a.kafka.common.metrics.Metrics.close - Closing reporter org.apache.kafka.common.metrics.JmxReporter
12-08-2026 16:10:53.605 [kafka-admin-client-thread | inventory-service-admin-0] [-] INFO  inventory-service-o.a.kafka.common.metrics.Metrics.close - Metrics reporters closed
12-08-2026 16:10:53.617 [main] [-] INFO  inventory-service-o.s.c.n.eureka.InstanceInfoFactory.create - Setting initial instance status as: STARTING
12-08-2026 16:10:53.636 [main] [-] INFO  inventory-service-c.netflix.discovery.DiscoveryClient.<init> - Initializing Eureka in region us-east-1
12-08-2026 16:10:53.639 [main] [-] INFO  inventory-service-c.n.d.s.r.aws.ConfigClusterResolver.getClusterEndpoints - Resolving eureka endpoints via configuration
12-08-2026 16:10:53.646 [main] [-] INFO  inventory-service-c.netflix.discovery.DiscoveryClient.fetchRegistry - Disable delta property : false
12-08-2026 16:10:53.646 [main] [-] INFO  inventory-service-c.netflix.discovery.DiscoveryClient.fetchRegistry - Single vip registry refresh property : null
12-08-2026 16:10:53.646 [main] [-] INFO  inventory-service-c.netflix.discovery.DiscoveryClient.fetchRegistry - Force full registry fetch : false
12-08-2026 16:10:53.646 [main] [-] INFO  inventory-service-c.netflix.discovery.DiscoveryClient.fetchRegistry - Application is null : false
12-08-2026 16:10:53.646 [main] [-] INFO  inventory-service-c.netflix.discovery.DiscoveryClient.fetchRegistry - Registered Applications size is zero : true
12-08-2026 16:10:53.646 [main] [-] INFO  inventory-service-c.netflix.discovery.DiscoveryClient.fetchRegistry - Application version is -1: true
12-08-2026 16:10:53.646 [main] [-] INFO  inventory-service-c.netflix.discovery.DiscoveryClient.getAndStoreFullRegistry - Getting all instance registry info from the eureka server
12-08-2026 16:10:53.805 [main] [-] INFO  inventory-service-c.netflix.discovery.DiscoveryClient.getAndStoreFullRegistry - The response status is 200
12-08-2026 16:10:53.808 [main] [-] INFO  inventory-service-c.netflix.discovery.DiscoveryClient.initScheduledTasks - Starting heartbeat executor: renew interval is: 10
12-08-2026 16:10:53.810 [main] [-] INFO  inventory-service-c.n.discovery.InstanceInfoReplicator.<init> - InstanceInfoReplicator onDemand update allowed rate per min is 4
12-08-2026 16:10:53.812 [main] [-] INFO  inventory-service-c.netflix.discovery.DiscoveryClient.<init> - Discovery Client initialized at timestamp 1786531253811 with initial instances count: 2
12-08-2026 16:10:53.816 [main] [-] INFO  inventory-service-o.s.c.n.e.s.EurekaServiceRegistry.register - Registering application INVENTORY-SERVICE with eureka with status UP
12-08-2026 16:10:53.816 [main] [-] INFO  inventory-service-c.netflix.discovery.DiscoveryClient.notify - Saw local status change event StatusChangeEvent [timestamp=1786531253816, current=UP, previous=STARTING]
12-08-2026 16:10:53.819 [DiscoveryClient-InstanceInfoReplicator-%d] [-] INFO  inventory-service-c.netflix.discovery.DiscoveryClient.register - DiscoveryClient_INVENTORY-SERVICE/DESKTOP-5CC3FG7.mshome.net:inventory-service:9030: registering service...
12-08-2026 16:10:53.820 [main] [-] INFO  inventory-service-o.a.coyote.http11.Http11NioProtocol.log - Starting ProtocolHandler ["http-nio-9030"]
12-08-2026 16:10:53.834 [main] [-] INFO  inventory-service-o.s.boot.tomcat.TomcatWebServer.start - Tomcat started on port 9030 (http) with context path '/inventory'
12-08-2026 16:10:53.835 [main] [-] INFO  inventory-service-o.s.c.n.e.s.EurekaAutoServiceRegistration.onApplicationEvent - Updating port to 9030
12-08-2026 16:10:53.869 [DiscoveryClient-InstanceInfoReplicator-%d] [-] INFO  inventory-service-c.netflix.discovery.DiscoveryClient.register - DiscoveryClient_INVENTORY-SERVICE/DESKTOP-5CC3FG7.mshome.net:inventory-service:9030 - registration status: 204
12-08-2026 16:10:53.885 [main] [-] INFO  inventory-service-o.a.k.common.config.AbstractConfig.logAll - ConsumerConfig values: 
	allow.auto.create.topics = true
	auto.commit.interval.ms = 5000
	auto.offset.reset = latest
	bootstrap.servers = [localhost:9092]
	check.crcs = true
	client.dns.lookup = use_all_dns_ips
	client.id = consumer-inventory-service-1
	client.rack = 
	config.providers = []
	connections.max.idle.ms = 540000
	default.api.timeout.ms = 60000
	enable.auto.commit = false
	enable.metrics.push = true
	exclude.internal.topics = true
	fetch.max.bytes = 52428800
	fetch.max.wait.ms = 500
	fetch.min.bytes = 1
	group.id = inventory-service
	group.instance.id = null
	group.protocol = classic
	group.remote.assignor = null
	heartbeat.interval.ms = 3000
	interceptor.classes = []
	internal.throw.on.fetch.stable.offset.unsupported = false
	isolation.level = read_uncommitted
	key.deserializer = class org.apache.kafka.common.serialization.LongDeserializer
	max.partition.fetch.bytes = 1048576
	max.poll.interval.ms = 300000
	max.poll.records = 500
	metadata.max.age.ms = 300000
	metadata.recovery.rebootstrap.trigger.ms = 300000
	metadata.recovery.strategy = rebootstrap
	metric.reporters = [org.apache.kafka.common.metrics.JmxReporter]
	metrics.num.samples = 2
	metrics.recording.level = INFO
	metrics.sample.window.ms = 30000
	partition.assignment.strategy = [class org.apache.kafka.clients.consumer.RangeAssignor, class org.apache.kafka.clients.consumer.CooperativeStickyAssignor]
	receive.buffer.bytes = 65536
	reconnect.backoff.max.ms = 1000
	reconnect.backoff.ms = 50
	request.timeout.ms = 30000
	retry.backoff.max.ms = 1000
	retry.backoff.ms = 100
	sasl.client.callback.handler.class = null
	sasl.jaas.config = null
	sasl.kerberos.kinit.cmd = /usr/bin/kinit
	sasl.kerberos.min.time.before.relogin = 60000
	sasl.kerberos.service.name = null
	sasl.kerberos.ticket.renew.jitter = 0.05
	sasl.kerberos.ticket.renew.window.factor = 0.8
	sasl.login.callback.handler.class = null
	sasl.login.class = null
	sasl.login.connect.timeout.ms = null
	sasl.login.read.timeout.ms = null
	sasl.login.refresh.buffer.seconds = 300
	sasl.login.refresh.min.period.seconds = 60
	sasl.login.refresh.window.factor = 0.8
	sasl.login.refresh.window.jitter = 0.05
	sasl.login.retry.backoff.max.ms = 10000
	sasl.login.retry.backoff.ms = 100
	sasl.mechanism = GSSAPI
	sasl.oauthbearer.assertion.algorithm = RS256
	sasl.oauthbearer.assertion.claim.aud = null
	sasl.oauthbearer.assertion.claim.exp.seconds = 300
	sasl.oauthbearer.assertion.claim.iss = null
	sasl.oauthbearer.assertion.claim.jti.include = false
	sasl.oauthbearer.assertion.claim.nbf.seconds = 60
	sasl.oauthbearer.assertion.claim.sub = null
	sasl.oauthbearer.assertion.file = null
	sasl.oauthbearer.assertion.private.key.file = null
	sasl.oauthbearer.assertion.private.key.passphrase = null
	sasl.oauthbearer.assertion.template.file = null
	sasl.oauthbearer.client.credentials.client.id = null
	sasl.oauthbearer.client.credentials.client.secret = null
	sasl.oauthbearer.clock.skew.seconds = 30
	sasl.oauthbearer.expected.audience = []
	sasl.oauthbearer.expected.issuer = null
	sasl.oauthbearer.header.urlencode = false
	sasl.oauthbearer.jwks.endpoint.refresh.ms = 3600000
	sasl.oauthbearer.jwks.endpoint.retry.backoff.max.ms = 10000
	sasl.oauthbearer.jwks.endpoint.retry.backoff.ms = 100
	sasl.oauthbearer.jwks.endpoint.url = null
	sasl.oauthbearer.jwt.retriever.class = class org.apache.kafka.common.security.oauthbearer.DefaultJwtRetriever
	sasl.oauthbearer.jwt.validator.class = class org.apache.kafka.common.security.oauthbearer.DefaultJwtValidator
	sasl.oauthbearer.scope = null
	sasl.oauthbearer.scope.claim.name = scope
	sasl.oauthbearer.sub.claim.name = sub
	sasl.oauthbearer.token.endpoint.url = null
	security.protocol = PLAINTEXT
	security.providers = null
	send.buffer.bytes = 131072
	session.timeout.ms = 45000
	share.acknowledgement.mode = implicit
	share.acquire.mode = BATCH_OPTIMIZED
	socket.connection.setup.timeout.max.ms = 30000
	socket.connection.setup.timeout.ms = 10000
	ssl.cipher.suites = []
	ssl.enabled.protocols = [TLSv1.2, TLSv1.3]
	ssl.endpoint.identification.algorithm = https
	ssl.engine.factory.class = null
	ssl.key.password = null
	ssl.keymanager.algorithm = SunX509
	ssl.keystore.certificate.chain = null
	ssl.keystore.key = null
	ssl.keystore.location = null
	ssl.keystore.password = null
	ssl.keystore.type = JKS
	ssl.protocol = TLSv1.3
	ssl.provider = null
	ssl.secure.random.implementation = null
	ssl.trustmanager.algorithm = PKIX
	ssl.truststore.certificates = null
	ssl.truststore.location = null
	ssl.truststore.password = null
	ssl.truststore.type = JKS
	value.deserializer = class org.springframework.kafka.support.serializer.JacksonJsonDeserializer

12-08-2026 16:10:53.941 [main] [-] INFO  inventory-service-o.a.k.c.t.i.KafkaMetricsCollector.init - initializing Kafka metrics collector
12-08-2026 16:10:54.006 [main] [-] INFO  inventory-service-o.a.kafka.common.utils.AppInfoParser.<init> - Kafka version: 4.2.1
12-08-2026 16:10:54.006 [main] [-] INFO  inventory-service-o.a.kafka.common.utils.AppInfoParser.<init> - Kafka commitId: 92f61c44867f39dc
12-08-2026 16:10:54.006 [main] [-] INFO  inventory-service-o.a.kafka.common.utils.AppInfoParser.<init> - Kafka startTimeMs: 1786531254006
12-08-2026 16:10:54.015 [main] [-] INFO  inventory-service-o.a.k.c.c.i.ClassicKafkaConsumer.subscribeInternal - [Consumer clientId=consumer-inventory-service-1, groupId=inventory-service] Subscribed to topic(s): order-created-topic
12-08-2026 16:10:54.036 [main] [-] INFO  inventory-service-c.n.i.InventoryServiceApplication.logStarted - Started InventoryServiceApplication in 9.187 seconds (process running for 9.964)
12-08-2026 16:10:54.046 [org.springframework.kafka.KafkaListenerEndpointContainer#0-0-C-1] [-] WARN  inventory-service-o.apache.kafka.clients.NetworkClient.handleSuccessfulResponse - [Consumer clientId=consumer-inventory-service-1, groupId=inventory-service] The metadata response from the cluster reported a recoverable issue with correlation id 3 : {order-created-topic=UNKNOWN_TOPIC_OR_PARTITION}
12-08-2026 16:10:54.047 [org.springframework.kafka.KafkaListenerEndpointContainer#0-0-C-1] [-] INFO  inventory-service-org.apache.kafka.clients.Metadata.update - [Consumer clientId=consumer-inventory-service-1, groupId=inventory-service] Cluster ID: MkU3OEVBNTcwNTJENDM2Qk
12-08-2026 16:10:54.049 [org.springframework.kafka.KafkaListenerEndpointContainer#0-0-C-1] [-] INFO  inventory-service-o.a.k.c.c.i.ConsumerCoordinator.onSuccess - [Consumer clientId=consumer-inventory-service-1, groupId=inventory-service] Discovered group coordinator localhost:9092 (id: 2147483646 rack: null isFenced: false)
12-08-2026 16:10:54.052 [org.springframework.kafka.KafkaListenerEndpointContainer#0-0-C-1] [-] INFO  inventory-service-o.a.k.c.c.i.ConsumerCoordinator.sendJoinGroupRequest - [Consumer clientId=consumer-inventory-service-1, groupId=inventory-service] (Re-)joining group
12-08-2026 16:10:54.076 [org.springframework.kafka.KafkaListenerEndpointContainer#0-0-C-1] [-] INFO  inventory-service-o.a.k.c.c.i.ConsumerCoordinator.requestRejoin - [Consumer clientId=consumer-inventory-service-1, groupId=inventory-service] Request joining group due to: need to re-join with the given member-id: consumer-inventory-service-1-9f569224-6c76-4a4d-b845-a0a0bbcd9c32
12-08-2026 16:10:54.077 [org.springframework.kafka.KafkaListenerEndpointContainer#0-0-C-1] [-] INFO  inventory-service-o.a.k.c.c.i.ConsumerCoordinator.sendJoinGroupRequest - [Consumer clientId=consumer-inventory-service-1, groupId=inventory-service] (Re-)joining group
12-08-2026 16:10:54.085 [org.springframework.kafka.KafkaListenerEndpointContainer#0-0-C-1] [-] INFO  inventory-service-o.a.k.c.c.i.ConsumerCoordinator.handle - [Consumer clientId=consumer-inventory-service-1, groupId=inventory-service] Successfully joined group with generation Generation{generationId=1, memberId='consumer-inventory-service-1-9f569224-6c76-4a4d-b845-a0a0bbcd9c32', protocol='range'}
12-08-2026 16:10:54.177 [org.springframework.kafka.KafkaListenerEndpointContainer#0-0-C-1] [-] INFO  inventory-service-o.a.k.c.c.i.ConsumerCoordinator.onLeaderElected - [Consumer clientId=consumer-inventory-service-1, groupId=inventory-service] Finished assignment for group at generation 1: {consumer-inventory-service-1-9f569224-6c76-4a4d-b845-a0a0bbcd9c32=Assignment(partitions=[order-created-topic-0])}
12-08-2026 16:10:54.183 [org.springframework.kafka.KafkaListenerEndpointContainer#0-0-C-1] [-] INFO  inventory-service-o.a.k.c.c.i.ConsumerCoordinator.handle - [Consumer clientId=consumer-inventory-service-1, groupId=inventory-service] Successfully synced group in generation Generation{generationId=1, memberId='consumer-inventory-service-1-9f569224-6c76-4a4d-b845-a0a0bbcd9c32', protocol='range'}
12-08-2026 16:10:54.184 [org.springframework.kafka.KafkaListenerEndpointContainer#0-0-C-1] [-] INFO  inventory-service-o.a.k.c.c.i.ConsumerCoordinator.invokeOnAssignment - [Consumer clientId=consumer-inventory-service-1, groupId=inventory-service] Notifying assignor about the new Assignment(partitions=[order-created-topic-0])
12-08-2026 16:10:54.187 [org.springframework.kafka.KafkaListenerEndpointContainer#0-0-C-1] [-] INFO  inventory-service-o.a.k.c.c.i.ConsumerRebalanceListenerInvoker.invokePartitionsAssigned - [Consumer clientId=consumer-inventory-service-1, groupId=inventory-service] Adding newly assigned partitions: [order-created-topic-0]
12-08-2026 16:10:54.191 [org.springframework.kafka.KafkaListenerEndpointContainer#0-0-C-1] [-] INFO  inventory-service-o.a.k.c.c.i.ConsumerCoordinator.handle - [Consumer clientId=consumer-inventory-service-1, groupId=inventory-service] Found no committed offset for partition order-created-topic-0
12-08-2026 16:10:54.196 [org.springframework.kafka.KafkaListenerEndpointContainer#0-0-C-1] [-] INFO  inventory-service-o.a.k.c.c.i.ConsumerCoordinator.handle - [Consumer clientId=consumer-inventory-service-1, groupId=inventory-service] Found no committed offset for partition order-created-topic-0
12-08-2026 16:10:54.204 [org.springframework.kafka.KafkaListenerEndpointContainer#0-0-C-1] [-] INFO  inventory-service-o.a.k.c.c.i.SubscriptionState.maybeSeekUnvalidated - [Consumer clientId=consumer-inventory-service-1, groupId=inventory-service] Resetting offset for partition order-created-topic-0 to position FetchPosition{offset=0, offsetEpoch=Optional.empty, currentLeader=LeaderAndEpoch{leader=Optional[localhost:9092 (id: 1 rack: null isFenced: false)], epoch=0}}.
12-08-2026 16:10:54.210 [org.springframework.kafka.KafkaListenerEndpointContainer#0-0-C-1] [-] INFO  inventory-service-o.s.k.l.KafkaMessageListenerContainer.info - inventory-service: partitions assigned: [order-created-topic-0]
12-08-2026 16:14:19.771 [org.springframework.kafka.KafkaListenerEndpointContainer#0-0-C-1] [-] INFO  inventory-service-o.a.k.c.c.i.ClassicKafkaConsumer.seek - [Consumer clientId=consumer-inventory-service-1, groupId=inventory-service] Seeking to offset 0 for partition order-created-topic-0
12-08-2026 16:14:19.772 [org.springframework.kafka.KafkaListenerEndpointContainer#0-0-C-1] [-] INFO  inventory-service-o.s.k.l.KafkaMessageListenerContainer.info - Record in retry and not yet recovered
12-08-2026 16:14:20.118 [org.springframework.kafka.KafkaListenerEndpointContainer#0-0-C-1] [-] INFO  inventory-service-o.a.k.c.c.i.ClassicKafkaConsumer.seek - [Consumer clientId=consumer-inventory-service-1, groupId=inventory-service] Seeking to offset 0 for partition order-created-topic-0
12-08-2026 16:14:20.118 [org.springframework.kafka.KafkaListenerEndpointContainer#0-0-C-1] [-] INFO  inventory-service-o.s.k.l.KafkaMessageListenerContainer.info - Record in retry and not yet recovered
12-08-2026 16:14:20.627 [org.springframework.kafka.KafkaListenerEndpointContainer#0-0-C-1] [-] INFO  inventory-service-o.a.k.c.c.i.ClassicKafkaConsumer.seek - [Consumer clientId=consumer-inventory-service-1, groupId=inventory-service] Seeking to offset 0 for partition order-created-topic-0
12-08-2026 16:14:20.628 [org.springframework.kafka.KafkaListenerEndpointContainer#0-0-C-1] [-] INFO  inventory-service-o.s.k.l.KafkaMessageListenerContainer.info - Record in retry and not yet recovered
12-08-2026 16:14:21.145 [org.springframework.kafka.KafkaListenerEndpointContainer#0-0-C-1] [-] INFO  inventory-service-o.a.k.c.c.i.ClassicKafkaConsumer.seek - [Consumer clientId=consumer-inventory-service-1, groupId=inventory-service] Seeking to offset 0 for partition order-created-topic-0
12-08-2026 16:14:21.146 [org.springframework.kafka.KafkaListenerEndpointContainer#0-0-C-1] [-] INFO  inventory-service-o.s.k.l.KafkaMessageListenerContainer.info - Record in retry and not yet recovered
12-08-2026 16:14:21.648 [org.springframework.kafka.KafkaListenerEndpointContainer#0-0-C-1] [-] INFO  inventory-service-o.a.k.c.c.i.ClassicKafkaConsumer.seek - [Consumer clientId=consumer-inventory-service-1, groupId=inventory-service] Seeking to offset 0 for partition order-created-topic-0
12-08-2026 16:14:21.648 [org.springframework.kafka.KafkaListenerEndpointContainer#0-0-C-1] [-] INFO  inventory-service-o.s.k.l.KafkaMessageListenerContainer.info - Record in retry and not yet recovered
12-08-2026 16:14:22.152 [org.springframework.kafka.KafkaListenerEndpointContainer#0-0-C-1] [-] INFO  inventory-service-o.a.k.c.c.i.ClassicKafkaConsumer.seek - [Consumer clientId=consumer-inventory-service-1, groupId=inventory-service] Seeking to offset 0 for partition order-created-topic-0
12-08-2026 16:14:22.153 [org.springframework.kafka.KafkaListenerEndpointContainer#0-0-C-1] [-] INFO  inventory-service-o.s.k.l.KafkaMessageListenerContainer.info - Record in retry and not yet recovered
12-08-2026 16:14:22.659 [org.springframework.kafka.KafkaListenerEndpointContainer#0-0-C-1] [-] INFO  inventory-service-o.a.k.c.c.i.ClassicKafkaConsumer.seek - [Consumer clientId=consumer-inventory-service-1, groupId=inventory-service] Seeking to offset 0 for partition order-created-topic-0
12-08-2026 16:14:22.659 [org.springframework.kafka.KafkaListenerEndpointContainer#0-0-C-1] [-] INFO  inventory-service-o.s.k.l.KafkaMessageListenerContainer.info - Record in retry and not yet recovered
12-08-2026 16:14:23.166 [org.springframework.kafka.KafkaListenerEndpointContainer#0-0-C-1] [-] INFO  inventory-service-o.a.k.c.c.i.ClassicKafkaConsumer.seek - [Consumer clientId=consumer-inventory-service-1, groupId=inventory-service] Seeking to offset 0 for partition order-created-topic-0
12-08-2026 16:14:23.167 [org.springframework.kafka.KafkaListenerEndpointContainer#0-0-C-1] [-] INFO  inventory-service-o.s.k.l.KafkaMessageListenerContainer.info - Record in retry and not yet recovered
12-08-2026 16:14:23.663 [org.springframework.kafka.KafkaListenerEndpointContainer#0-0-C-1] [-] INFO  inventory-service-o.a.k.c.c.i.ClassicKafkaConsumer.seek - [Consumer clientId=consumer-inventory-service-1, groupId=inventory-service] Seeking to offset 0 for partition order-created-topic-0
12-08-2026 16:14:23.664 [org.springframework.kafka.KafkaListenerEndpointContainer#0-0-C-1] [-] INFO  inventory-service-o.s.k.l.KafkaMessageListenerContainer.info - Record in retry and not yet recovered
12-08-2026 16:14:24.150 [org.springframework.kafka.KafkaListenerEndpointContainer#0-0-C-1] [-] ERROR inventory-service-o.s.k.listener.DefaultErrorHandler.error - Backoff FixedBackOffExecution[interval=0, currentAttempts=10, maxAttempts=9] exhausted for order-created-topic-0@0
org.springframework.kafka.listener.ListenerExecutionFailedException: Listener method 'public void com.nithin.inventory_service.consumer.OrdersConsumer.consumerOrders(org.apache.kafka.clients.consumer.ConsumerRecord<java.lang.Long, java.util.Map<java.lang.String, java.lang.Object>>)' threw exception
	at org.springframework.kafka.listener.KafkaMessageListenerContainer$ListenerConsumer.decorateException(KafkaMessageListenerContainer.java:3160)
	at org.springframework.kafka.listener.KafkaMessageListenerContainer$ListenerConsumer.doInvokeOnMessage(KafkaMessageListenerContainer.java:3031)
	at org.springframework.kafka.listener.KafkaMessageListenerContainer$ListenerConsumer.invokeOnMessage(KafkaMessageListenerContainer.java:2997)
	at org.springframework.kafka.listener.KafkaMessageListenerContainer$ListenerConsumer.doInvokeRecordListener(KafkaMessageListenerContainer.java:2907)
	at org.springframework.kafka.listener.KafkaMessageListenerContainer$ListenerConsumer.doInvokeWithRecords(KafkaMessageListenerContainer.java:2749)
	at org.springframework.kafka.listener.KafkaMessageListenerContainer$ListenerConsumer.invokeRecordListener(KafkaMessageListenerContainer.java:2643)
	at org.springframework.kafka.listener.KafkaMessageListenerContainer$ListenerConsumer.invokeListener(KafkaMessageListenerContainer.java:2274)
	at org.springframework.kafka.listener.KafkaMessageListenerContainer$ListenerConsumer.invokeIfHaveRecords(KafkaMessageListenerContainer.java:1572)
	at org.springframework.kafka.listener.KafkaMessageListenerContainer$ListenerConsumer.pollAndInvoke(KafkaMessageListenerContainer.java:1504)
	at org.springframework.kafka.listener.KafkaMessageListenerContainer$ListenerConsumer.run(KafkaMessageListenerContainer.java:1373)
	at java.base/java.util.concurrent.CompletableFuture$AsyncRun.run(CompletableFuture.java:1825)
	at java.base/java.lang.Thread.run(Thread.java:1474)
	Suppressed: org.springframework.kafka.listener.ListenerExecutionFailedException: Restored Stack Trace
		at org.springframework.kafka.listener.adapter.MessagingMessageListenerAdapter.invokeHandler(MessagingMessageListenerAdapter.java:514)
		at org.springframework.kafka.listener.adapter.MessagingMessageListenerAdapter.invoke(MessagingMessageListenerAdapter.java:426)
		at org.springframework.kafka.listener.adapter.RecordMessagingMessageListenerAdapter.onMessage(RecordMessagingMessageListenerAdapter.java:92)
		at org.springframework.kafka.listener.adapter.RecordMessagingMessageListenerAdapter.onMessage(RecordMessagingMessageListenerAdapter.java:52)
		at org.springframework.kafka.listener.KafkaMessageListenerContainer$ListenerConsumer.doInvokeOnMessage(KafkaMessageListenerContainer.java:3018)
Caused by: java.lang.NullPointerException
	at java.base/java.util.Objects.requireNonNull(Objects.java:220)
	at java.base/java.util.ImmutableCollections$MapN.<init>(ImmutableCollections.java:1437)
	at java.base/java.util.Map.of(Map.java:1406)
	at com.nithin.inventory_service.consumer.OrdersConsumer.consumerOrders(OrdersConsumer.java:36)
	at java.base/jdk.internal.reflect.DirectMethodHandleAccessor.invoke(DirectMethodHandleAccessor.java:104)
	at java.base/java.lang.reflect.Method.invoke(Method.java:565)
	at org.springframework.messaging.handler.invocation.InvocableHandlerMethod.doInvoke(InvocableHandlerMethod.java:168)
	at org.springframework.kafka.listener.adapter.KotlinAwareInvocableHandlerMethod.doInvoke(KotlinAwareInvocableHandlerMethod.java:48)
	at org.springframework.messaging.handler.invocation.InvocableHandlerMethod.invoke(InvocableHandlerMethod.java:119)
	at org.springframework.kafka.listener.adapter.HandlerAdapter.invoke(HandlerAdapter.java:80)
	at org.springframework.kafka.listener.adapter.MessagingMessageListenerAdapter.invokeHandler(MessagingMessageListenerAdapter.java:489)
	at org.springframework.kafka.listener.adapter.MessagingMessageListenerAdapter.invoke(MessagingMessageListenerAdapter.java:426)
	at org.springframework.kafka.listener.adapter.RecordMessagingMessageListenerAdapter.onMessage(RecordMessagingMessageListenerAdapter.java:92)
	at org.springframework.kafka.listener.adapter.RecordMessagingMessageListenerAdapter.onMessage(RecordMessagingMessageListenerAdapter.java:52)
	at org.springframework.kafka.listener.KafkaMessageListenerContainer$ListenerConsumer.doInvokeOnMessage(KafkaMessageListenerContainer.java:3018)
	... 10 common frames omitted
12-08-2026 16:15:53.648 [AsyncResolver-bootstrap-executor-%d] [-] INFO  inventory-service-c.n.d.s.r.aws.ConfigClusterResolver.getClusterEndpoints - Resolving eureka endpoints via configuration
12-08-2026 16:15:54.638 [org.springframework.kafka.KafkaListenerEndpointContainer#0-0-C-1] [-] INFO  inventory-service-o.a.k.c.c.i.ConsumerCoordinator.requestRejoin - [Consumer clientId=consumer-inventory-service-1, groupId=inventory-service] Request joining group due to: cached metadata has changed from (version3: {order-created-topic=[NO_RACKS]}) at the beginning of the rebalance to (version4: {order-created-topic=[NO_RACKS, NO_RACKS, NO_RACKS]})
12-08-2026 16:15:54.640 [org.springframework.kafka.KafkaListenerEndpointContainer#0-0-C-1] [-] INFO  inventory-service-o.a.k.c.c.i.ConsumerRebalanceListenerInvoker.invokePartitionsRevoked - [Consumer clientId=consumer-inventory-service-1, groupId=inventory-service] Revoke previously assigned partitions [order-created-topic-0]
12-08-2026 16:15:54.641 [org.springframework.kafka.KafkaListenerEndpointContainer#0-0-C-1] [-] INFO  inventory-service-o.s.k.l.KafkaMessageListenerContainer.info - inventory-service: partitions revoked: [order-created-topic-0]
12-08-2026 16:15:54.642 [org.springframework.kafka.KafkaListenerEndpointContainer#0-0-C-1] [-] INFO  inventory-service-o.a.k.c.c.i.ConsumerCoordinator.sendJoinGroupRequest - [Consumer clientId=consumer-inventory-service-1, groupId=inventory-service] (Re-)joining group
12-08-2026 16:15:54.648 [org.springframework.kafka.KafkaListenerEndpointContainer#0-0-C-1] [-] INFO  inventory-service-o.a.k.c.c.i.ConsumerCoordinator.handle - [Consumer clientId=consumer-inventory-service-1, groupId=inventory-service] Successfully joined group with generation Generation{generationId=2, memberId='consumer-inventory-service-1-9f569224-6c76-4a4d-b845-a0a0bbcd9c32', protocol='range'}
12-08-2026 16:15:54.648 [org.springframework.kafka.KafkaListenerEndpointContainer#0-0-C-1] [-] INFO  inventory-service-o.a.k.c.c.i.ConsumerCoordinator.onLeaderElected - [Consumer clientId=consumer-inventory-service-1, groupId=inventory-service] Finished assignment for group at generation 2: {consumer-inventory-service-1-9f569224-6c76-4a4d-b845-a0a0bbcd9c32=Assignment(partitions=[order-created-topic-0, order-created-topic-1, order-created-topic-2])}
12-08-2026 16:15:54.651 [org.springframework.kafka.KafkaListenerEndpointContainer#0-0-C-1] [-] INFO  inventory-service-o.a.k.c.c.i.ConsumerCoordinator.handle - [Consumer clientId=consumer-inventory-service-1, groupId=inventory-service] Successfully synced group in generation Generation{generationId=2, memberId='consumer-inventory-service-1-9f569224-6c76-4a4d-b845-a0a0bbcd9c32', protocol='range'}
12-08-2026 16:15:54.651 [org.springframework.kafka.KafkaListenerEndpointContainer#0-0-C-1] [-] INFO  inventory-service-o.a.k.c.c.i.ConsumerCoordinator.invokeOnAssignment - [Consumer clientId=consumer-inventory-service-1, groupId=inventory-service] Notifying assignor about the new Assignment(partitions=[order-created-topic-0, order-created-topic-1, order-created-topic-2])
12-08-2026 16:15:54.652 [org.springframework.kafka.KafkaListenerEndpointContainer#0-0-C-1] [-] INFO  inventory-service-o.a.k.c.c.i.ConsumerRebalanceListenerInvoker.invokePartitionsAssigned - [Consumer clientId=consumer-inventory-service-1, groupId=inventory-service] Adding newly assigned partitions: [order-created-topic-0, order-created-topic-1, order-created-topic-2]
12-08-2026 16:15:54.653 [org.springframework.kafka.KafkaListenerEndpointContainer#0-0-C-1] [-] INFO  inventory-service-o.a.k.c.c.i.ConsumerCoordinator.handle - [Consumer clientId=consumer-inventory-service-1, groupId=inventory-service] Found no committed offset for partition order-created-topic-2
12-08-2026 16:15:54.653 [org.springframework.kafka.KafkaListenerEndpointContainer#0-0-C-1] [-] INFO  inventory-service-o.a.k.c.c.i.ConsumerCoordinator.handle - [Consumer clientId=consumer-inventory-service-1, groupId=inventory-service] Found no committed offset for partition order-created-topic-1
12-08-2026 16:15:54.655 [org.springframework.kafka.KafkaListenerEndpointContainer#0-0-C-1] [-] INFO  inventory-service-o.a.k.c.c.i.ConsumerCoordinator.handle - [Consumer clientId=consumer-inventory-service-1, groupId=inventory-service] Found no committed offset for partition order-created-topic-2
12-08-2026 16:15:54.655 [org.springframework.kafka.KafkaListenerEndpointContainer#0-0-C-1] [-] INFO  inventory-service-o.a.k.c.c.i.ConsumerCoordinator.handle - [Consumer clientId=consumer-inventory-service-1, groupId=inventory-service] Found no committed offset for partition order-created-topic-1
12-08-2026 16:15:54.655 [org.springframework.kafka.KafkaListenerEndpointContainer#0-0-C-1] [-] INFO  inventory-service-o.a.k.c.c.internals.ConsumerUtils.refreshCommittedOffsets - Setting offset for partition order-created-topic-0 to the committed offset FetchPosition{offset=1, offsetEpoch=Optional.empty, currentLeader=LeaderAndEpoch{leader=Optional[localhost:9092 (id: 1 rack: null isFenced: false)], epoch=0}}
12-08-2026 16:15:55.145 [kafka-coordinator-heartbeat-thread | inventory-service] [-] INFO  inventory-service-o.a.k.c.c.i.SubscriptionState.maybeSeekUnvalidated - [Consumer clientId=consumer-inventory-service-1, groupId=inventory-service] Resetting offset for partition order-created-topic-2 to position FetchPosition{offset=0, offsetEpoch=Optional.empty, currentLeader=LeaderAndEpoch{leader=Optional[localhost:9092 (id: 1 rack: null isFenced: false)], epoch=0}}.
12-08-2026 16:15:55.145 [kafka-coordinator-heartbeat-thread | inventory-service] [-] INFO  inventory-service-o.a.k.c.c.i.SubscriptionState.maybeSeekUnvalidated - [Consumer clientId=consumer-inventory-service-1, groupId=inventory-service] Resetting offset for partition order-created-topic-1 to position FetchPosition{offset=0, offsetEpoch=Optional.empty, currentLeader=LeaderAndEpoch{leader=Optional[localhost:9092 (id: 1 rack: null isFenced: false)], epoch=0}}.
12-08-2026 16:15:55.148 [org.springframework.kafka.KafkaListenerEndpointContainer#0-0-C-1] [-] INFO  inventory-service-o.s.k.l.KafkaMessageListenerContainer.info - inventory-service: partitions assigned: [order-created-topic-0, order-created-topic-1, order-created-topic-2]
12-08-2026 16:18:16.732 [SpringApplicationShutdownHook] [-] INFO  inventory-service-o.s.c.n.e.s.EurekaServiceRegistry.deregister - Unregistering application INVENTORY-SERVICE with eureka with status DOWN
12-08-2026 16:18:16.733 [SpringApplicationShutdownHook] [-] INFO  inventory-service-c.netflix.discovery.DiscoveryClient.notify - Saw local status change event StatusChangeEvent [timestamp=1786531696733, current=DOWN, previous=UP]
12-08-2026 16:18:16.733 [DiscoveryClient-InstanceInfoReplicator-%d] [-] INFO  inventory-service-c.netflix.discovery.DiscoveryClient.register - DiscoveryClient_INVENTORY-SERVICE/DESKTOP-5CC3FG7.mshome.net:inventory-service:9030: registering service...
12-08-2026 16:18:16.738 [DiscoveryClient-InstanceInfoReplicator-%d] [-] INFO  inventory-service-c.netflix.discovery.DiscoveryClient.register - DiscoveryClient_INVENTORY-SERVICE/DESKTOP-5CC3FG7.mshome.net:inventory-service:9030 - registration status: 204
12-08-2026 16:18:16.738 [org.springframework.kafka.KafkaListenerEndpointContainer#0-0-C-1] [-] INFO  inventory-service-o.a.k.c.c.i.ConsumerRebalanceListenerInvoker.invokePartitionsRevoked - [Consumer clientId=consumer-inventory-service-1, groupId=inventory-service] Revoke previously assigned partitions [order-created-topic-0, order-created-topic-1, order-created-topic-2]
12-08-2026 16:18:16.738 [org.springframework.kafka.KafkaListenerEndpointContainer#0-0-C-1] [-] INFO  inventory-service-o.s.k.l.KafkaMessageListenerContainer.info - inventory-service: partitions revoked: [order-created-topic-0, order-created-topic-1, order-created-topic-2]
12-08-2026 16:18:16.739 [org.springframework.kafka.KafkaListenerEndpointContainer#0-0-C-1] [-] INFO  inventory-service-o.a.k.c.c.i.ConsumerCoordinator.maybeLeaveGroup - [Consumer clientId=consumer-inventory-service-1, groupId=inventory-service] Member consumer-inventory-service-1-9f569224-6c76-4a4d-b845-a0a0bbcd9c32 sending LeaveGroup request to coordinator localhost:9092 (id: 2147483646 rack: null isFenced: false) due to the consumer unsubscribed from all topics
12-08-2026 16:18:16.739 [org.springframework.kafka.KafkaListenerEndpointContainer#0-0-C-1] [-] INFO  inventory-service-o.a.k.c.c.i.ConsumerCoordinator.resetStateAndGeneration - [Consumer clientId=consumer-inventory-service-1, groupId=inventory-service] Resetting generation and member id due to: consumer pro-actively leaving the group
12-08-2026 16:18:16.739 [org.springframework.kafka.KafkaListenerEndpointContainer#0-0-C-1] [-] INFO  inventory-service-o.a.k.c.c.i.ConsumerCoordinator.requestRejoin - [Consumer clientId=consumer-inventory-service-1, groupId=inventory-service] Request joining group due to: consumer pro-actively leaving the group
12-08-2026 16:18:16.739 [org.springframework.kafka.KafkaListenerEndpointContainer#0-0-C-1] [-] INFO  inventory-service-o.a.k.c.c.i.ClassicKafkaConsumer.unsubscribe - [Consumer clientId=consumer-inventory-service-1, groupId=inventory-service] Unsubscribed all topics or patterns and assigned partitions
12-08-2026 16:18:16.741 [org.springframework.kafka.KafkaListenerEndpointContainer#0-0-C-1] [-] INFO  inventory-service-o.a.k.c.c.i.ConsumerCoordinator.resetStateAndGeneration - [Consumer clientId=consumer-inventory-service-1, groupId=inventory-service] Resetting generation and member id due to: consumer pro-actively leaving the group
12-08-2026 16:18:16.741 [org.springframework.kafka.KafkaListenerEndpointContainer#0-0-C-1] [-] INFO  inventory-service-o.a.k.c.c.i.ConsumerCoordinator.requestRejoin - [Consumer clientId=consumer-inventory-service-1, groupId=inventory-service] Request joining group due to: consumer pro-actively leaving the group
12-08-2026 16:18:16.902 [org.springframework.kafka.KafkaListenerEndpointContainer#0-0-C-1] [-] INFO  inventory-service-o.a.kafka.common.metrics.Metrics.close - Metrics scheduler closed
12-08-2026 16:18:16.903 [org.springframework.kafka.KafkaListenerEndpointContainer#0-0-C-1] [-] INFO  inventory-service-o.a.kafka.common.metrics.Metrics.close - Closing reporter org.apache.kafka.common.metrics.JmxReporter
12-08-2026 16:18:16.903 [org.springframework.kafka.KafkaListenerEndpointContainer#0-0-C-1] [-] INFO  inventory-service-o.a.kafka.common.metrics.Metrics.close - Closing reporter org.apache.kafka.common.telemetry.internals.ClientTelemetryReporter
12-08-2026 16:18:16.903 [org.springframework.kafka.KafkaListenerEndpointContainer#0-0-C-1] [-] INFO  inventory-service-o.a.kafka.common.metrics.Metrics.close - Metrics reporters closed
12-08-2026 16:18:16.909 [org.springframework.kafka.KafkaListenerEndpointContainer#0-0-C-1] [-] INFO  inventory-service-o.a.kafka.common.utils.AppInfoParser.unregisterAppInfo - App info kafka.consumer for consumer-inventory-service-1 unregistered
12-08-2026 16:18:16.910 [org.springframework.kafka.KafkaListenerEndpointContainer#0-0-C-1] [-] INFO  inventory-service-o.s.k.l.KafkaMessageListenerContainer.info - inventory-service: Consumer stopped
12-08-2026 16:18:16.913 [SpringApplicationShutdownHook] [-] INFO  inventory-service-o.s.boot.tomcat.GracefulShutdown.shutDownGracefully - Commencing graceful shutdown. Waiting for active requests to complete
12-08-2026 16:18:16.919 [tomcat-shutdown] [-] INFO  inventory-service-o.s.boot.tomcat.GracefulShutdown.doShutdown - Graceful shutdown complete
12-08-2026 16:18:16.929 [SpringApplicationShutdownHook] [-] INFO  inventory-service-o.s.o.j.LocalContainerEntityManagerFactoryBean.destroy - Closing JPA EntityManagerFactory for persistence unit 'default'
12-08-2026 16:18:16.965 [SpringApplicationShutdownHook] [-] INFO  inventory-service-com.zaxxer.hikari.HikariDataSource.close - HikariPool-1 - Shutdown initiated...
12-08-2026 16:18:16.970 [SpringApplicationShutdownHook] [-] INFO  inventory-service-com.zaxxer.hikari.HikariDataSource.close - HikariPool-1 - Shutdown completed.
12-08-2026 16:18:17.974 [SpringApplicationShutdownHook] [-] INFO  inventory-service-c.netflix.discovery.DiscoveryClient.shutdown - Shutting down DiscoveryClient ...
12-08-2026 16:18:20.976 [SpringApplicationShutdownHook] [-] INFO  inventory-service-c.netflix.discovery.DiscoveryClient.unregister - Unregistering ...
12-08-2026 16:18:20.983 [SpringApplicationShutdownHook] [-] INFO  inventory-service-c.netflix.discovery.DiscoveryClient.unregister - DiscoveryClient_INVENTORY-SERVICE/DESKTOP-5CC3FG7.mshome.net:inventory-service:9030 - deregister  status: 200
12-08-2026 16:18:20.984 [SpringApplicationShutdownHook] [-] INFO  inventory-service-c.netflix.discovery.DiscoveryClient.shutdown - Completed shut down of DiscoveryClient
12-08-2026 16:18:30.507 [main] [-] INFO  inventory-service-c.n.i.InventoryServiceApplication.logStarting - Starting InventoryServiceApplication using Java 25.0.3 with PID 3028 (C:\Users\Admin\Documents\SpringBoot_learnings\eCommerce\inventory-service\target\classes started by Admin in C:\Users\Admin\Documents\SpringBoot_learnings\eCommerce)
12-08-2026 16:18:30.513 [main] [-] INFO  inventory-service-c.n.i.InventoryServiceApplication.logStartupProfileInfo - No active profile set, falling back to 1 default profile: "default"
12-08-2026 16:18:30.566 [main] [-] INFO  inventory-service-o.s.c.c.c.ConfigServerConfigDataLoader.log - Fetching config from server at : http://localhost:8888
12-08-2026 16:18:30.567 [main] [-] INFO  inventory-service-o.s.c.c.c.ConfigServerConfigDataLoader.log - Located environment: name=inventory-service, profiles=[default], label=null, version=0ea68e7bd44f5a1fe092f8c5aa4a27ddfcec0fa8, state=
12-08-2026 16:18:31.624 [main] [-] INFO  inventory-service-o.s.d.r.c.RepositoryConfigurationDelegate.registerRepositoriesIn - Bootstrapping Spring Data JPA repositories in DEFAULT mode.
12-08-2026 16:18:31.781 [main] [-] INFO  inventory-service-o.s.d.r.c.RepositoryConfigurationDelegate.registerRepositoriesIn - Finished Spring Data repository scanning in 126 ms. Found 1 JPA repository interface.
12-08-2026 16:18:32.233 [main] [-] INFO  inventory-service-o.s.cloud.context.scope.GenericScope.setSerializationId - BeanFactory id=72fd837d-ddf5-31f0-9e51-ac3377db1a75
12-08-2026 16:18:32.667 [main] [-] INFO  inventory-service-o.s.boot.tomcat.TomcatWebServer.initialize - Tomcat initialized with port 9030 (http)
12-08-2026 16:18:32.679 [main] [-] INFO  inventory-service-o.a.coyote.http11.Http11NioProtocol.log - Initializing ProtocolHandler ["http-nio-9030"]
12-08-2026 16:18:32.681 [main] [-] INFO  inventory-service-o.a.catalina.core.StandardService.log - Starting service [Tomcat]
12-08-2026 16:18:32.681 [main] [-] INFO  inventory-service-o.a.catalina.core.StandardEngine.log - Starting Servlet engine: [Apache Tomcat/11.0.22]
12-08-2026 16:18:32.767 [main] [-] INFO  inventory-service-o.s.b.w.c.s.WebApplicationContextInitializer.prepareWebApplicationContext - Root WebApplicationContext: initialization completed in 2196 ms
12-08-2026 16:18:33.425 [main] [-] INFO  inventory-service-org.hibernate.orm.jpa.logPersistenceUnitInformation - HHH008540: Processing PersistenceUnitInfo [name: default]
12-08-2026 16:18:33.487 [main] [-] INFO  inventory-service-org.hibernate.orm.core.logVersion - HHH000001: Hibernate ORM core version 7.4.1.Final
12-08-2026 16:18:34.086 [main] [-] INFO  inventory-service-o.s.o.j.p.SpringPersistenceUnitInfo.addTransformer - No LoadTimeWeaver setup: ignoring JPA class transformer
12-08-2026 16:18:34.134 [main] [-] INFO  inventory-service-com.zaxxer.hikari.HikariDataSource.getConnection - HikariPool-1 - Starting...
12-08-2026 16:18:34.321 [main] [-] INFO  inventory-service-com.zaxxer.hikari.pool.HikariPool.checkFailFast - HikariPool-1 - Added connection com.mysql.cj.jdbc.ConnectionImpl@7af2ee23
12-08-2026 16:18:34.323 [main] [-] INFO  inventory-service-com.zaxxer.hikari.HikariDataSource.getConnection - HikariPool-1 - Start completed.
12-08-2026 16:18:34.452 [main] [-] INFO  inventory-service-o.hibernate.orm.connections.pooling.logConnectionInfo - HHH10001005: Database info:
	Database JDBC URL [jdbc:mysql://localhost:3306/inventorydb?useSSL=false]
	Database driver: MySQL Connector/J
	Database dialect: MySQLDialect
	Database version: 8.0.46
	Default catalog/schema: inventorydb/undefined
	Autocommit mode: undefined/unknown
	Isolation level: REPEATABLE_READ [default REPEATABLE_READ]
	JDBC fetch size: none
	Pool: DataSourceConnectionProvider
	Minimum pool size: undefined/unknown
	Maximum pool size: undefined/unknown
12-08-2026 16:18:35.428 [main] [-] INFO  inventory-service-org.hibernate.orm.core.initiateService - HHH000489: No JTA platform available (set 'hibernate.transaction.jta.platform' to enable JTA platform integration)
12-08-2026 16:18:35.541 [main] [-] INFO  inventory-service-o.s.o.j.LocalContainerEntityManagerFactoryBean.buildNativeEntityManagerFactory - Initialized JPA EntityManagerFactory for persistence unit 'default'
12-08-2026 16:18:35.634 [main] [-] INFO  inventory-service-o.s.d.j.r.q.QueryEnhancerFactories.<clinit> - Hibernate is in classpath; If applicable, HQL parser will be used.
12-08-2026 16:18:36.048 [main] [-] WARN  inventory-service-o.s.b.j.a.JpaBaseConfiguration$JpaWebConfiguration.openEntityManagerInViewInterceptor - spring.jpa.open-in-view is enabled by default. Therefore, database queries may be performed during view rendering. Explicitly configure spring.jpa.open-in-view to disable this warning
12-08-2026 16:18:36.113 [main] [-] INFO  inventory-service-o.s.c.o.FeignClientFactoryBean.getTarget - For 'order-service' URL not provided. Will try picking an instance via load-balancing.
12-08-2026 16:18:37.055 [main] [-] INFO  inventory-service-o.s.c.n.e.c.DiscoveryClientOptionalArgsConfiguration.restClientDiscoveryClientOptionalArgs - Eureka HTTP Client uses RestClient.
12-08-2026 16:18:37.092 [main] [-] WARN  inventory-service-o.s.c.l.c.LoadBalancerCacheAutoConfiguration$LoadBalancerCaffeineWarnLogger.afterPropertiesSet - Spring Cloud LoadBalancer is currently working with the default cache. While this cache implementation is useful for development and tests, it's recommended to use Caffeine cache in production.You can switch to using Caffeine cache, by adding it and org.springframework.cache.caffeine.CaffeineCacheManager to the classpath.
12-08-2026 16:18:37.121 [main] [-] INFO  inventory-service-o.s.b.a.e.web.EndpointLinksResolver.<init> - Exposing 16 endpoints beneath base path '/actuator'
12-08-2026 16:18:37.319 [main] [-] INFO  inventory-service-o.a.k.common.config.AbstractConfig.logAll - AdminClientConfig values: 
	bootstrap.controllers = []
	bootstrap.servers = [localhost:9092]
	client.dns.lookup = use_all_dns_ips
	client.id = inventory-service-admin-0
	config.providers = []
	connections.max.idle.ms = 300000
	default.api.timeout.ms = 60000
	enable.metrics.push = false
	metadata.max.age.ms = 300000
	metadata.recovery.rebootstrap.trigger.ms = 300000
	metadata.recovery.strategy = rebootstrap
	metric.reporters = [org.apache.kafka.common.metrics.JmxReporter]
	metrics.num.samples = 2
	metrics.recording.level = INFO
	metrics.sample.window.ms = 30000
	receive.buffer.bytes = 65536
	reconnect.backoff.max.ms = 1000
	reconnect.backoff.ms = 50
	request.timeout.ms = 30000
	retries = 2147483647
	retry.backoff.max.ms = 1000
	retry.backoff.ms = 100
	sasl.client.callback.handler.class = null
	sasl.jaas.config = null
	sasl.kerberos.kinit.cmd = /usr/bin/kinit
	sasl.kerberos.min.time.before.relogin = 60000
	sasl.kerberos.service.name = null
	sasl.kerberos.ticket.renew.jitter = 0.05
	sasl.kerberos.ticket.renew.window.factor = 0.8
	sasl.login.callback.handler.class = null
	sasl.login.class = null
	sasl.login.connect.timeout.ms = null
	sasl.login.read.timeout.ms = null
	sasl.login.refresh.buffer.seconds = 300
	sasl.login.refresh.min.period.seconds = 60
	sasl.login.refresh.window.factor = 0.8
	sasl.login.refresh.window.jitter = 0.05
	sasl.login.retry.backoff.max.ms = 10000
	sasl.login.retry.backoff.ms = 100
	sasl.mechanism = GSSAPI
	sasl.oauthbearer.assertion.algorithm = RS256
	sasl.oauthbearer.assertion.claim.aud = null
	sasl.oauthbearer.assertion.claim.exp.seconds = 300
	sasl.oauthbearer.assertion.claim.iss = null
	sasl.oauthbearer.assertion.claim.jti.include = false
	sasl.oauthbearer.assertion.claim.nbf.seconds = 60
	sasl.oauthbearer.assertion.claim.sub = null
	sasl.oauthbearer.assertion.file = null
	sasl.oauthbearer.assertion.private.key.file = null
	sasl.oauthbearer.assertion.private.key.passphrase = null
	sasl.oauthbearer.assertion.template.file = null
	sasl.oauthbearer.client.credentials.client.id = null
	sasl.oauthbearer.client.credentials.client.secret = null
	sasl.oauthbearer.clock.skew.seconds = 30
	sasl.oauthbearer.expected.audience = []
	sasl.oauthbearer.expected.issuer = null
	sasl.oauthbearer.header.urlencode = false
	sasl.oauthbearer.jwks.endpoint.refresh.ms = 3600000
	sasl.oauthbearer.jwks.endpoint.retry.backoff.max.ms = 10000
	sasl.oauthbearer.jwks.endpoint.retry.backoff.ms = 100
	sasl.oauthbearer.jwks.endpoint.url = null
	sasl.oauthbearer.jwt.retriever.class = class org.apache.kafka.common.security.oauthbearer.DefaultJwtRetriever
	sasl.oauthbearer.jwt.validator.class = class org.apache.kafka.common.security.oauthbearer.DefaultJwtValidator
	sasl.oauthbearer.scope = null
	sasl.oauthbearer.scope.claim.name = scope
	sasl.oauthbearer.sub.claim.name = sub
	sasl.oauthbearer.token.endpoint.url = null
	security.protocol = PLAINTEXT
	security.providers = null
	send.buffer.bytes = 131072
	socket.connection.setup.timeout.max.ms = 30000
	socket.connection.setup.timeout.ms = 10000
	ssl.cipher.suites = []
	ssl.enabled.protocols = [TLSv1.2, TLSv1.3]
	ssl.endpoint.identification.algorithm = https
	ssl.engine.factory.class = null
	ssl.key.password = null
	ssl.keymanager.algorithm = SunX509
	ssl.keystore.certificate.chain = null
	ssl.keystore.key = null
	ssl.keystore.location = null
	ssl.keystore.password = null
	ssl.keystore.type = JKS
	ssl.protocol = TLSv1.3
	ssl.provider = null
	ssl.secure.random.implementation = null
	ssl.trustmanager.algorithm = PKIX
	ssl.truststore.certificates = null
	ssl.truststore.location = null
	ssl.truststore.password = null
	ssl.truststore.type = JKS

12-08-2026 16:18:37.546 [main] [-] INFO  inventory-service-o.a.kafka.common.utils.AppInfoParser.<init> - Kafka version: 4.2.1
12-08-2026 16:18:37.547 [main] [-] INFO  inventory-service-o.a.kafka.common.utils.AppInfoParser.<init> - Kafka commitId: 92f61c44867f39dc
12-08-2026 16:18:37.547 [main] [-] INFO  inventory-service-o.a.kafka.common.utils.AppInfoParser.<init> - Kafka startTimeMs: 1786531717545
12-08-2026 16:18:38.402 [main] [-] INFO  inventory-service-o.a.kafka.common.metrics.Metrics.close - Metrics scheduler closed
12-08-2026 16:18:38.402 [main] [-] INFO  inventory-service-o.a.kafka.common.metrics.Metrics.close - Closing reporter org.apache.kafka.common.metrics.JmxReporter
12-08-2026 16:18:38.403 [main] [-] INFO  inventory-service-o.a.kafka.common.metrics.Metrics.close - Metrics reporters closed
12-08-2026 16:18:38.403 [kafka-admin-client-thread | inventory-service-admin-0] [-] INFO  inventory-service-o.a.kafka.common.utils.AppInfoParser.unregisterAppInfo - App info kafka.admin.client for inventory-service-admin-0 unregistered
12-08-2026 16:18:38.411 [kafka-admin-client-thread | inventory-service-admin-0] [-] INFO  inventory-service-o.a.kafka.common.metrics.Metrics.close - Metrics scheduler closed
12-08-2026 16:18:38.411 [kafka-admin-client-thread | inventory-service-admin-0] [-] INFO  inventory-service-o.a.kafka.common.metrics.Metrics.close - Closing reporter org.apache.kafka.common.metrics.JmxReporter
12-08-2026 16:18:38.411 [kafka-admin-client-thread | inventory-service-admin-0] [-] INFO  inventory-service-o.a.kafka.common.metrics.Metrics.close - Metrics reporters closed
12-08-2026 16:18:38.424 [main] [-] INFO  inventory-service-o.s.c.n.eureka.InstanceInfoFactory.create - Setting initial instance status as: STARTING
12-08-2026 16:18:38.456 [main] [-] INFO  inventory-service-c.netflix.discovery.DiscoveryClient.<init> - Initializing Eureka in region us-east-1
12-08-2026 16:18:38.461 [main] [-] INFO  inventory-service-c.n.d.s.r.aws.ConfigClusterResolver.getClusterEndpoints - Resolving eureka endpoints via configuration
12-08-2026 16:18:38.472 [main] [-] INFO  inventory-service-c.netflix.discovery.DiscoveryClient.fetchRegistry - Disable delta property : false
12-08-2026 16:18:38.472 [main] [-] INFO  inventory-service-c.netflix.discovery.DiscoveryClient.fetchRegistry - Single vip registry refresh property : null
12-08-2026 16:18:38.472 [main] [-] INFO  inventory-service-c.netflix.discovery.DiscoveryClient.fetchRegistry - Force full registry fetch : false
12-08-2026 16:18:38.472 [main] [-] INFO  inventory-service-c.netflix.discovery.DiscoveryClient.fetchRegistry - Application is null : false
12-08-2026 16:18:38.474 [main] [-] INFO  inventory-service-c.netflix.discovery.DiscoveryClient.fetchRegistry - Registered Applications size is zero : true
12-08-2026 16:18:38.474 [main] [-] INFO  inventory-service-c.netflix.discovery.DiscoveryClient.fetchRegistry - Application version is -1: true
12-08-2026 16:18:38.474 [main] [-] INFO  inventory-service-c.netflix.discovery.DiscoveryClient.getAndStoreFullRegistry - Getting all instance registry info from the eureka server
12-08-2026 16:18:38.791 [main] [-] INFO  inventory-service-c.netflix.discovery.DiscoveryClient.getAndStoreFullRegistry - The response status is 200
12-08-2026 16:18:38.796 [main] [-] INFO  inventory-service-c.netflix.discovery.DiscoveryClient.initScheduledTasks - Starting heartbeat executor: renew interval is: 10
12-08-2026 16:18:38.799 [main] [-] INFO  inventory-service-c.n.discovery.InstanceInfoReplicator.<init> - InstanceInfoReplicator onDemand update allowed rate per min is 4
12-08-2026 16:18:38.800 [main] [-] INFO  inventory-service-c.netflix.discovery.DiscoveryClient.<init> - Discovery Client initialized at timestamp 1786531718800 with initial instances count: 2
12-08-2026 16:18:38.806 [main] [-] INFO  inventory-service-o.s.c.n.e.s.EurekaServiceRegistry.register - Registering application INVENTORY-SERVICE with eureka with status UP
12-08-2026 16:18:38.807 [main] [-] INFO  inventory-service-c.netflix.discovery.DiscoveryClient.notify - Saw local status change event StatusChangeEvent [timestamp=1786531718807, current=UP, previous=STARTING]
12-08-2026 16:18:38.809 [DiscoveryClient-InstanceInfoReplicator-%d] [-] INFO  inventory-service-c.netflix.discovery.DiscoveryClient.register - DiscoveryClient_INVENTORY-SERVICE/DESKTOP-5CC3FG7.mshome.net:inventory-service:9030: registering service...
12-08-2026 16:18:38.810 [main] [-] INFO  inventory-service-o.a.coyote.http11.Http11NioProtocol.log - Starting ProtocolHandler ["http-nio-9030"]
12-08-2026 16:18:38.836 [main] [-] INFO  inventory-service-o.s.boot.tomcat.TomcatWebServer.start - Tomcat started on port 9030 (http) with context path '/inventory'
12-08-2026 16:18:38.838 [main] [-] INFO  inventory-service-o.s.c.n.e.s.EurekaAutoServiceRegistration.onApplicationEvent - Updating port to 9030
12-08-2026 16:18:38.881 [DiscoveryClient-InstanceInfoReplicator-%d] [-] INFO  inventory-service-c.netflix.discovery.DiscoveryClient.register - DiscoveryClient_INVENTORY-SERVICE/DESKTOP-5CC3FG7.mshome.net:inventory-service:9030 - registration status: 204
12-08-2026 16:18:38.896 [main] [-] INFO  inventory-service-o.a.k.common.config.AbstractConfig.logAll - ConsumerConfig values: 
	allow.auto.create.topics = true
	auto.commit.interval.ms = 5000
	auto.offset.reset = latest
	bootstrap.servers = [localhost:9092]
	check.crcs = true
	client.dns.lookup = use_all_dns_ips
	client.id = consumer-inventory-service-1
	client.rack = 
	config.providers = []
	connections.max.idle.ms = 540000
	default.api.timeout.ms = 60000
	enable.auto.commit = false
	enable.metrics.push = true
	exclude.internal.topics = true
	fetch.max.bytes = 52428800
	fetch.max.wait.ms = 500
	fetch.min.bytes = 1
	group.id = inventory-service
	group.instance.id = null
	group.protocol = classic
	group.remote.assignor = null
	heartbeat.interval.ms = 3000
	interceptor.classes = []
	internal.throw.on.fetch.stable.offset.unsupported = false
	isolation.level = read_uncommitted
	key.deserializer = class org.apache.kafka.common.serialization.LongDeserializer
	max.partition.fetch.bytes = 1048576
	max.poll.interval.ms = 300000
	max.poll.records = 500
	metadata.max.age.ms = 300000
	metadata.recovery.rebootstrap.trigger.ms = 300000
	metadata.recovery.strategy = rebootstrap
	metric.reporters = [org.apache.kafka.common.metrics.JmxReporter]
	metrics.num.samples = 2
	metrics.recording.level = INFO
	metrics.sample.window.ms = 30000
	partition.assignment.strategy = [class org.apache.kafka.clients.consumer.RangeAssignor, class org.apache.kafka.clients.consumer.CooperativeStickyAssignor]
	receive.buffer.bytes = 65536
	reconnect.backoff.max.ms = 1000
	reconnect.backoff.ms = 50
	request.timeout.ms = 30000
	retry.backoff.max.ms = 1000
	retry.backoff.ms = 100
	sasl.client.callback.handler.class = null
	sasl.jaas.config = null
	sasl.kerberos.kinit.cmd = /usr/bin/kinit
	sasl.kerberos.min.time.before.relogin = 60000
	sasl.kerberos.service.name = null
	sasl.kerberos.ticket.renew.jitter = 0.05
	sasl.kerberos.ticket.renew.window.factor = 0.8
	sasl.login.callback.handler.class = null
	sasl.login.class = null
	sasl.login.connect.timeout.ms = null
	sasl.login.read.timeout.ms = null
	sasl.login.refresh.buffer.seconds = 300
	sasl.login.refresh.min.period.seconds = 60
	sasl.login.refresh.window.factor = 0.8
	sasl.login.refresh.window.jitter = 0.05
	sasl.login.retry.backoff.max.ms = 10000
	sasl.login.retry.backoff.ms = 100
	sasl.mechanism = GSSAPI
	sasl.oauthbearer.assertion.algorithm = RS256
	sasl.oauthbearer.assertion.claim.aud = null
	sasl.oauthbearer.assertion.claim.exp.seconds = 300
	sasl.oauthbearer.assertion.claim.iss = null
	sasl.oauthbearer.assertion.claim.jti.include = false
	sasl.oauthbearer.assertion.claim.nbf.seconds = 60
	sasl.oauthbearer.assertion.claim.sub = null
	sasl.oauthbearer.assertion.file = null
	sasl.oauthbearer.assertion.private.key.file = null
	sasl.oauthbearer.assertion.private.key.passphrase = null
	sasl.oauthbearer.assertion.template.file = null
	sasl.oauthbearer.client.credentials.client.id = null
	sasl.oauthbearer.client.credentials.client.secret = null
	sasl.oauthbearer.clock.skew.seconds = 30
	sasl.oauthbearer.expected.audience = []
	sasl.oauthbearer.expected.issuer = null
	sasl.oauthbearer.header.urlencode = false
	sasl.oauthbearer.jwks.endpoint.refresh.ms = 3600000
	sasl.oauthbearer.jwks.endpoint.retry.backoff.max.ms = 10000
	sasl.oauthbearer.jwks.endpoint.retry.backoff.ms = 100
	sasl.oauthbearer.jwks.endpoint.url = null
	sasl.oauthbearer.jwt.retriever.class = class org.apache.kafka.common.security.oauthbearer.DefaultJwtRetriever
	sasl.oauthbearer.jwt.validator.class = class org.apache.kafka.common.security.oauthbearer.DefaultJwtValidator
	sasl.oauthbearer.scope = null
	sasl.oauthbearer.scope.claim.name = scope
	sasl.oauthbearer.sub.claim.name = sub
	sasl.oauthbearer.token.endpoint.url = null
	security.protocol = PLAINTEXT
	security.providers = null
	send.buffer.bytes = 131072
	session.timeout.ms = 45000
	share.acknowledgement.mode = implicit
	share.acquire.mode = BATCH_OPTIMIZED
	socket.connection.setup.timeout.max.ms = 30000
	socket.connection.setup.timeout.ms = 10000
	ssl.cipher.suites = []
	ssl.enabled.protocols = [TLSv1.2, TLSv1.3]
	ssl.endpoint.identification.algorithm = https
	ssl.engine.factory.class = null
	ssl.key.password = null
	ssl.keymanager.algorithm = SunX509
	ssl.keystore.certificate.chain = null
	ssl.keystore.key = null
	ssl.keystore.location = null
	ssl.keystore.password = null
	ssl.keystore.type = JKS
	ssl.protocol = TLSv1.3
	ssl.provider = null
	ssl.secure.random.implementation = null
	ssl.trustmanager.algorithm = PKIX
	ssl.truststore.certificates = null
	ssl.truststore.location = null
	ssl.truststore.password = null
	ssl.truststore.type = JKS
	value.deserializer = class org.springframework.kafka.support.serializer.JacksonJsonDeserializer

12-08-2026 16:18:38.950 [main] [-] INFO  inventory-service-o.a.k.c.t.i.KafkaMetricsCollector.init - initializing Kafka metrics collector
12-08-2026 16:18:39.039 [main] [-] INFO  inventory-service-o.a.kafka.common.utils.AppInfoParser.<init> - Kafka version: 4.2.1
12-08-2026 16:18:39.039 [main] [-] INFO  inventory-service-o.a.kafka.common.utils.AppInfoParser.<init> - Kafka commitId: 92f61c44867f39dc
12-08-2026 16:18:39.039 [main] [-] INFO  inventory-service-o.a.kafka.common.utils.AppInfoParser.<init> - Kafka startTimeMs: 1786531719039
12-08-2026 16:18:39.053 [main] [-] INFO  inventory-service-o.a.k.c.c.i.ClassicKafkaConsumer.subscribeInternal - [Consumer clientId=consumer-inventory-service-1, groupId=inventory-service] Subscribed to topic(s): order-created-topic
12-08-2026 16:18:39.116 [main] [-] INFO  inventory-service-c.n.i.InventoryServiceApplication.logStarted - Started InventoryServiceApplication in 10.867 seconds (process running for 11.761)
12-08-2026 16:18:39.117 [org.springframework.kafka.KafkaListenerEndpointContainer#0-0-C-1] [-] INFO  inventory-service-org.apache.kafka.clients.Metadata.update - [Consumer clientId=consumer-inventory-service-1, groupId=inventory-service] Cluster ID: MkU3OEVBNTcwNTJENDM2Qk
12-08-2026 16:18:39.121 [org.springframework.kafka.KafkaListenerEndpointContainer#0-0-C-1] [-] INFO  inventory-service-o.a.k.c.c.i.ConsumerCoordinator.onSuccess - [Consumer clientId=consumer-inventory-service-1, groupId=inventory-service] Discovered group coordinator localhost:9092 (id: 2147483646 rack: null isFenced: false)
12-08-2026 16:18:39.124 [org.springframework.kafka.KafkaListenerEndpointContainer#0-0-C-1] [-] INFO  inventory-service-o.a.k.c.c.i.ConsumerCoordinator.sendJoinGroupRequest - [Consumer clientId=consumer-inventory-service-1, groupId=inventory-service] (Re-)joining group
12-08-2026 16:18:39.158 [org.springframework.kafka.KafkaListenerEndpointContainer#0-0-C-1] [-] INFO  inventory-service-o.a.k.c.c.i.ConsumerCoordinator.requestRejoin - [Consumer clientId=consumer-inventory-service-1, groupId=inventory-service] Request joining group due to: need to re-join with the given member-id: consumer-inventory-service-1-ef3c00e3-9f83-4353-8f0f-11fada2ce1df
12-08-2026 16:18:39.159 [org.springframework.kafka.KafkaListenerEndpointContainer#0-0-C-1] [-] INFO  inventory-service-o.a.k.c.c.i.ConsumerCoordinator.sendJoinGroupRequest - [Consumer clientId=consumer-inventory-service-1, groupId=inventory-service] (Re-)joining group
12-08-2026 16:18:39.164 [org.springframework.kafka.KafkaListenerEndpointContainer#0-0-C-1] [-] INFO  inventory-service-o.a.k.c.c.i.ConsumerCoordinator.handle - [Consumer clientId=consumer-inventory-service-1, groupId=inventory-service] Successfully joined group with generation Generation{generationId=4, memberId='consumer-inventory-service-1-ef3c00e3-9f83-4353-8f0f-11fada2ce1df', protocol='range'}
12-08-2026 16:18:39.173 [org.springframework.kafka.KafkaListenerEndpointContainer#0-0-C-1] [-] INFO  inventory-service-o.a.k.c.c.i.ConsumerCoordinator.onLeaderElected - [Consumer clientId=consumer-inventory-service-1, groupId=inventory-service] Finished assignment for group at generation 4: {consumer-inventory-service-1-ef3c00e3-9f83-4353-8f0f-11fada2ce1df=Assignment(partitions=[order-created-topic-0, order-created-topic-1, order-created-topic-2])}
12-08-2026 16:18:39.183 [org.springframework.kafka.KafkaListenerEndpointContainer#0-0-C-1] [-] INFO  inventory-service-o.a.k.c.c.i.ConsumerCoordinator.handle - [Consumer clientId=consumer-inventory-service-1, groupId=inventory-service] Successfully synced group in generation Generation{generationId=4, memberId='consumer-inventory-service-1-ef3c00e3-9f83-4353-8f0f-11fada2ce1df', protocol='range'}
12-08-2026 16:18:39.183 [org.springframework.kafka.KafkaListenerEndpointContainer#0-0-C-1] [-] INFO  inventory-service-o.a.k.c.c.i.ConsumerCoordinator.invokeOnAssignment - [Consumer clientId=consumer-inventory-service-1, groupId=inventory-service] Notifying assignor about the new Assignment(partitions=[order-created-topic-0, order-created-topic-1, order-created-topic-2])
12-08-2026 16:18:39.187 [org.springframework.kafka.KafkaListenerEndpointContainer#0-0-C-1] [-] INFO  inventory-service-o.a.k.c.c.i.ConsumerRebalanceListenerInvoker.invokePartitionsAssigned - [Consumer clientId=consumer-inventory-service-1, groupId=inventory-service] Adding newly assigned partitions: [order-created-topic-0, order-created-topic-1, order-created-topic-2]
12-08-2026 16:18:39.208 [org.springframework.kafka.KafkaListenerEndpointContainer#0-0-C-1] [-] INFO  inventory-service-o.a.k.c.c.internals.ConsumerUtils.refreshCommittedOffsets - Setting offset for partition order-created-topic-0 to the committed offset FetchPosition{offset=1, offsetEpoch=Optional.empty, currentLeader=LeaderAndEpoch{leader=Optional[localhost:9092 (id: 1 rack: null isFenced: false)], epoch=0}}
12-08-2026 16:18:39.213 [org.springframework.kafka.KafkaListenerEndpointContainer#0-0-C-1] [-] INFO  inventory-service-o.a.k.c.c.internals.ConsumerUtils.refreshCommittedOffsets - Setting offset for partition order-created-topic-2 to the committed offset FetchPosition{offset=0, offsetEpoch=Optional.empty, currentLeader=LeaderAndEpoch{leader=Optional[localhost:9092 (id: 1 rack: null isFenced: false)], epoch=0}}
12-08-2026 16:18:39.214 [org.springframework.kafka.KafkaListenerEndpointContainer#0-0-C-1] [-] INFO  inventory-service-o.a.k.c.c.internals.ConsumerUtils.refreshCommittedOffsets - Setting offset for partition order-created-topic-1 to the committed offset FetchPosition{offset=0, offsetEpoch=Optional.empty, currentLeader=LeaderAndEpoch{leader=Optional[localhost:9092 (id: 1 rack: null isFenced: false)], epoch=0}}
12-08-2026 16:18:39.216 [org.springframework.kafka.KafkaListenerEndpointContainer#0-0-C-1] [-] INFO  inventory-service-o.s.k.l.KafkaMessageListenerContainer.info - inventory-service: partitions assigned: [order-created-topic-0, order-created-topic-1, order-created-topic-2]
12-08-2026 16:19:30.885 [org.springframework.kafka.KafkaListenerEndpointContainer#0-0-C-1] [-] INFO  inventory-service-o.a.k.c.c.i.ClassicKafkaConsumer.seek - [Consumer clientId=consumer-inventory-service-1, groupId=inventory-service] Seeking to offset 1 for partition order-created-topic-0
12-08-2026 16:19:30.886 [org.springframework.kafka.KafkaListenerEndpointContainer#0-0-C-1] [-] INFO  inventory-service-o.s.k.l.KafkaMessageListenerContainer.info - Record in retry and not yet recovered
12-08-2026 16:19:31.293 [org.springframework.kafka.KafkaListenerEndpointContainer#0-0-C-1] [-] INFO  inventory-service-o.a.k.c.c.i.ClassicKafkaConsumer.seek - [Consumer clientId=consumer-inventory-service-1, groupId=inventory-service] Seeking to offset 1 for partition order-created-topic-0
12-08-2026 16:19:31.294 [org.springframework.kafka.KafkaListenerEndpointContainer#0-0-C-1] [-] INFO  inventory-service-o.s.k.l.KafkaMessageListenerContainer.info - Record in retry and not yet recovered
12-08-2026 16:19:31.797 [org.springframework.kafka.KafkaListenerEndpointContainer#0-0-C-1] [-] INFO  inventory-service-o.a.k.c.c.i.ClassicKafkaConsumer.seek - [Consumer clientId=consumer-inventory-service-1, groupId=inventory-service] Seeking to offset 1 for partition order-created-topic-0
12-08-2026 16:19:31.797 [org.springframework.kafka.KafkaListenerEndpointContainer#0-0-C-1] [-] INFO  inventory-service-o.s.k.l.KafkaMessageListenerContainer.info - Record in retry and not yet recovered
12-08-2026 16:19:32.294 [org.springframework.kafka.KafkaListenerEndpointContainer#0-0-C-1] [-] INFO  inventory-service-o.a.k.c.c.i.ClassicKafkaConsumer.seek - [Consumer clientId=consumer-inventory-service-1, groupId=inventory-service] Seeking to offset 1 for partition order-created-topic-0
12-08-2026 16:19:32.295 [org.springframework.kafka.KafkaListenerEndpointContainer#0-0-C-1] [-] INFO  inventory-service-o.s.k.l.KafkaMessageListenerContainer.info - Record in retry and not yet recovered
12-08-2026 16:19:32.811 [org.springframework.kafka.KafkaListenerEndpointContainer#0-0-C-1] [-] INFO  inventory-service-o.a.k.c.c.i.ClassicKafkaConsumer.seek - [Consumer clientId=consumer-inventory-service-1, groupId=inventory-service] Seeking to offset 1 for partition order-created-topic-0
12-08-2026 16:19:32.812 [org.springframework.kafka.KafkaListenerEndpointContainer#0-0-C-1] [-] INFO  inventory-service-o.s.k.l.KafkaMessageListenerContainer.info - Record in retry and not yet recovered
12-08-2026 16:19:33.314 [org.springframework.kafka.KafkaListenerEndpointContainer#0-0-C-1] [-] INFO  inventory-service-o.a.k.c.c.i.ClassicKafkaConsumer.seek - [Consumer clientId=consumer-inventory-service-1, groupId=inventory-service] Seeking to offset 1 for partition order-created-topic-0
12-08-2026 16:19:33.315 [org.springframework.kafka.KafkaListenerEndpointContainer#0-0-C-1] [-] INFO  inventory-service-o.s.k.l.KafkaMessageListenerContainer.info - Record in retry and not yet recovered
12-08-2026 16:19:33.821 [org.springframework.kafka.KafkaListenerEndpointContainer#0-0-C-1] [-] INFO  inventory-service-o.a.k.c.c.i.ClassicKafkaConsumer.seek - [Consumer clientId=consumer-inventory-service-1, groupId=inventory-service] Seeking to offset 1 for partition order-created-topic-0
12-08-2026 16:19:33.822 [org.springframework.kafka.KafkaListenerEndpointContainer#0-0-C-1] [-] INFO  inventory-service-o.s.k.l.KafkaMessageListenerContainer.info - Record in retry and not yet recovered
12-08-2026 16:19:34.329 [org.springframework.kafka.KafkaListenerEndpointContainer#0-0-C-1] [-] INFO  inventory-service-o.a.k.c.c.i.ClassicKafkaConsumer.seek - [Consumer clientId=consumer-inventory-service-1, groupId=inventory-service] Seeking to offset 1 for partition order-created-topic-0
12-08-2026 16:19:34.329 [org.springframework.kafka.KafkaListenerEndpointContainer#0-0-C-1] [-] INFO  inventory-service-o.s.k.l.KafkaMessageListenerContainer.info - Record in retry and not yet recovered
12-08-2026 16:19:34.835 [org.springframework.kafka.KafkaListenerEndpointContainer#0-0-C-1] [-] INFO  inventory-service-o.a.k.c.c.i.ClassicKafkaConsumer.seek - [Consumer clientId=consumer-inventory-service-1, groupId=inventory-service] Seeking to offset 1 for partition order-created-topic-0
12-08-2026 16:19:34.835 [org.springframework.kafka.KafkaListenerEndpointContainer#0-0-C-1] [-] INFO  inventory-service-o.s.k.l.KafkaMessageListenerContainer.info - Record in retry and not yet recovered
12-08-2026 16:19:35.323 [org.springframework.kafka.KafkaListenerEndpointContainer#0-0-C-1] [-] ERROR inventory-service-o.s.k.listener.DefaultErrorHandler.error - Backoff FixedBackOffExecution[interval=0, currentAttempts=10, maxAttempts=9] exhausted for order-created-topic-0@1
org.springframework.kafka.listener.ListenerExecutionFailedException: Listener method 'public void com.nithin.inventory_service.consumer.OrdersConsumer.consumerOrders(org.apache.kafka.clients.consumer.ConsumerRecord<java.lang.Long, java.util.Map<java.lang.String, java.lang.Object>>)' threw exception
	at org.springframework.kafka.listener.KafkaMessageListenerContainer$ListenerConsumer.decorateException(KafkaMessageListenerContainer.java:3160)
	at org.springframework.kafka.listener.KafkaMessageListenerContainer$ListenerConsumer.doInvokeOnMessage(KafkaMessageListenerContainer.java:3031)
	at org.springframework.kafka.listener.KafkaMessageListenerContainer$ListenerConsumer.invokeOnMessage(KafkaMessageListenerContainer.java:2997)
	at org.springframework.kafka.listener.KafkaMessageListenerContainer$ListenerConsumer.doInvokeRecordListener(KafkaMessageListenerContainer.java:2907)
	at org.springframework.kafka.listener.KafkaMessageListenerContainer$ListenerConsumer.doInvokeWithRecords(KafkaMessageListenerContainer.java:2749)
	at org.springframework.kafka.listener.KafkaMessageListenerContainer$ListenerConsumer.invokeRecordListener(KafkaMessageListenerContainer.java:2643)
	at org.springframework.kafka.listener.KafkaMessageListenerContainer$ListenerConsumer.invokeListener(KafkaMessageListenerContainer.java:2274)
	at org.springframework.kafka.listener.KafkaMessageListenerContainer$ListenerConsumer.invokeIfHaveRecords(KafkaMessageListenerContainer.java:1572)
	at org.springframework.kafka.listener.KafkaMessageListenerContainer$ListenerConsumer.pollAndInvoke(KafkaMessageListenerContainer.java:1504)
	at org.springframework.kafka.listener.KafkaMessageListenerContainer$ListenerConsumer.run(KafkaMessageListenerContainer.java:1373)
	at java.base/java.util.concurrent.CompletableFuture$AsyncRun.run(CompletableFuture.java:1825)
	at java.base/java.lang.Thread.run(Thread.java:1474)
	Suppressed: org.springframework.kafka.listener.ListenerExecutionFailedException: Restored Stack Trace
		at org.springframework.kafka.listener.adapter.MessagingMessageListenerAdapter.invokeHandler(MessagingMessageListenerAdapter.java:514)
		at org.springframework.kafka.listener.adapter.MessagingMessageListenerAdapter.invoke(MessagingMessageListenerAdapter.java:426)
		at org.springframework.kafka.listener.adapter.RecordMessagingMessageListenerAdapter.onMessage(RecordMessagingMessageListenerAdapter.java:92)
		at org.springframework.kafka.listener.adapter.RecordMessagingMessageListenerAdapter.onMessage(RecordMessagingMessageListenerAdapter.java:52)
		at org.springframework.kafka.listener.KafkaMessageListenerContainer$ListenerConsumer.doInvokeOnMessage(KafkaMessageListenerContainer.java:3018)
Caused by: java.lang.NullPointerException
	at java.base/java.util.Objects.requireNonNull(Objects.java:220)
	at java.base/java.util.ImmutableCollections$MapN.<init>(ImmutableCollections.java:1437)
	at java.base/java.util.Map.of(Map.java:1406)
	at com.nithin.inventory_service.consumer.OrdersConsumer.consumerOrders(OrdersConsumer.java:36)
	at java.base/jdk.internal.reflect.DirectMethodHandleAccessor.invoke(DirectMethodHandleAccessor.java:104)
	at java.base/java.lang.reflect.Method.invoke(Method.java:565)
	at org.springframework.messaging.handler.invocation.InvocableHandlerMethod.doInvoke(InvocableHandlerMethod.java:168)
	at org.springframework.kafka.listener.adapter.KotlinAwareInvocableHandlerMethod.doInvoke(KotlinAwareInvocableHandlerMethod.java:48)
	at org.springframework.messaging.handler.invocation.InvocableHandlerMethod.invoke(InvocableHandlerMethod.java:119)
	at org.springframework.kafka.listener.adapter.HandlerAdapter.invoke(HandlerAdapter.java:80)
	at org.springframework.kafka.listener.adapter.MessagingMessageListenerAdapter.invokeHandler(MessagingMessageListenerAdapter.java:489)
	at org.springframework.kafka.listener.adapter.MessagingMessageListenerAdapter.invoke(MessagingMessageListenerAdapter.java:426)
	at org.springframework.kafka.listener.adapter.RecordMessagingMessageListenerAdapter.onMessage(RecordMessagingMessageListenerAdapter.java:92)
	at org.springframework.kafka.listener.adapter.RecordMessagingMessageListenerAdapter.onMessage(RecordMessagingMessageListenerAdapter.java:52)
	at org.springframework.kafka.listener.KafkaMessageListenerContainer$ListenerConsumer.doInvokeOnMessage(KafkaMessageListenerContainer.java:3018)
	... 10 common frames omitted
12-08-2026 16:23:38.477 [AsyncResolver-bootstrap-executor-%d] [-] INFO  inventory-service-c.n.d.s.r.aws.ConfigClusterResolver.getClusterEndpoints - Resolving eureka endpoints via configuration
12-08-2026 16:28:38.479 [AsyncResolver-bootstrap-executor-%d] [-] INFO  inventory-service-c.n.d.s.r.aws.ConfigClusterResolver.getClusterEndpoints - Resolving eureka endpoints via configuration
12-08-2026 17:29:55.030 [org.springframework.kafka.KafkaListenerEndpointContainer#0-0-C-1] [-] INFO  inventory-service-o.apache.kafka.clients.NetworkClient.handleTimedOutRequests - [Consumer clientId=consumer-inventory-service-1, groupId=inventory-service] Disconnecting from node 1 due to request timeout.
12-08-2026 17:29:55.031 [org.springframework.kafka.KafkaListenerEndpointContainer#0-0-C-1] [-] INFO  inventory-service-o.apache.kafka.clients.NetworkClient.cancelInFlightRequests - [Consumer clientId=consumer-inventory-service-1, groupId=inventory-service] Cancelled in-flight FETCH request with correlation id 1482 due to node 1 being disconnected (elapsed time since creation: 3648116ms, elapsed time since send: 3648116ms, throttle time: 0ms, request timeout: 30000ms)
12-08-2026 17:29:55.031 [kafka-coordinator-heartbeat-thread | inventory-service] [-] INFO  inventory-service-o.a.k.c.c.i.ConsumerCoordinator.markCoordinatorUnknown - [Consumer clientId=consumer-inventory-service-1, groupId=inventory-service] Group coordinator localhost:9092 (id: 2147483646 rack: null isFenced: false) is unavailable or invalid due to cause: coordinator unavailable. isDisconnected: true. Rediscovery will be attempted.
12-08-2026 17:29:55.031 [org.springframework.kafka.KafkaListenerEndpointContainer#0-0-C-1] [-] INFO  inventory-service-o.a.k.clients.FetchSessionHandler.handleError - [Consumer clientId=consumer-inventory-service-1, groupId=inventory-service] Error sending fetch request (sessionId=418354762, epoch=1256) to node 1:
org.apache.kafka.common.errors.DisconnectException
12-08-2026 17:29:56.166 [org.springframework.kafka.KafkaListenerEndpointContainer#0-0-C-1] [-] INFO  inventory-service-o.a.k.c.c.i.ConsumerCoordinator.onSuccess - [Consumer clientId=consumer-inventory-service-1, groupId=inventory-service] Discovered group coordinator localhost:9092 (id: 2147483646 rack: null isFenced: false)
12-08-2026 17:29:58.418 [HikariPool-1:housekeeper] [-] WARN  inventory-service-com.zaxxer.hikari.pool.HikariPool.run - HikariPool-1 - Thread starvation or clock leap detected (housekeeper delta=1h53s917ms371µs600ns).
12-08-2026 17:33:49.184 [HikariPool-1:housekeeper] [-] WARN  inventory-service-com.zaxxer.hikari.pool.HikariPool.run - HikariPool-1 - Thread starvation or clock leap detected (housekeeper delta=50s762ms21µs200ns).
12-08-2026 17:34:45.248 [AsyncResolver-bootstrap-executor-%d] [-] INFO  inventory-service-c.n.d.s.r.aws.ConfigClusterResolver.getClusterEndpoints - Resolving eureka endpoints via configuration
12-08-2026 17:35:45.698 [SpringApplicationShutdownHook] [-] INFO  inventory-service-o.s.c.n.e.s.EurekaServiceRegistry.deregister - Unregistering application INVENTORY-SERVICE with eureka with status DOWN
12-08-2026 17:35:45.699 [SpringApplicationShutdownHook] [-] INFO  inventory-service-c.netflix.discovery.DiscoveryClient.notify - Saw local status change event StatusChangeEvent [timestamp=1786536345699, current=DOWN, previous=UP]
12-08-2026 17:35:45.700 [DiscoveryClient-InstanceInfoReplicator-%d] [-] INFO  inventory-service-c.netflix.discovery.DiscoveryClient.register - DiscoveryClient_INVENTORY-SERVICE/DESKTOP-5CC3FG7.mshome.net:inventory-service:9030: registering service...
12-08-2026 17:35:45.709 [org.springframework.kafka.KafkaListenerEndpointContainer#0-0-C-1] [-] INFO  inventory-service-o.a.k.c.c.i.ConsumerRebalanceListenerInvoker.invokePartitionsRevoked - [Consumer clientId=consumer-inventory-service-1, groupId=inventory-service] Revoke previously assigned partitions [order-created-topic-0, order-created-topic-1, order-created-topic-2]
12-08-2026 17:35:45.709 [org.springframework.kafka.KafkaListenerEndpointContainer#0-0-C-1] [-] INFO  inventory-service-o.s.k.l.KafkaMessageListenerContainer.info - inventory-service: partitions revoked: [order-created-topic-0, order-created-topic-1, order-created-topic-2]
12-08-2026 17:35:45.712 [org.springframework.kafka.KafkaListenerEndpointContainer#0-0-C-1] [-] INFO  inventory-service-o.a.k.c.c.i.ConsumerCoordinator.maybeLeaveGroup - [Consumer clientId=consumer-inventory-service-1, groupId=inventory-service] Member consumer-inventory-service-1-ef3c00e3-9f83-4353-8f0f-11fada2ce1df sending LeaveGroup request to coordinator localhost:9092 (id: 2147483646 rack: null isFenced: false) due to the consumer unsubscribed from all topics
12-08-2026 17:35:45.713 [org.springframework.kafka.KafkaListenerEndpointContainer#0-0-C-1] [-] INFO  inventory-service-o.a.k.c.c.i.ConsumerCoordinator.resetStateAndGeneration - [Consumer clientId=consumer-inventory-service-1, groupId=inventory-service] Resetting generation and member id due to: consumer pro-actively leaving the group
12-08-2026 17:35:45.714 [org.springframework.kafka.KafkaListenerEndpointContainer#0-0-C-1] [-] INFO  inventory-service-o.a.k.c.c.i.ConsumerCoordinator.requestRejoin - [Consumer clientId=consumer-inventory-service-1, groupId=inventory-service] Request joining group due to: consumer pro-actively leaving the group
12-08-2026 17:35:45.714 [org.springframework.kafka.KafkaListenerEndpointContainer#0-0-C-1] [-] INFO  inventory-service-o.a.k.c.c.i.ClassicKafkaConsumer.unsubscribe - [Consumer clientId=consumer-inventory-service-1, groupId=inventory-service] Unsubscribed all topics or patterns and assigned partitions
12-08-2026 17:35:45.717 [DiscoveryClient-InstanceInfoReplicator-%d] [-] INFO  inventory-service-c.netflix.discovery.DiscoveryClient.register - DiscoveryClient_INVENTORY-SERVICE/DESKTOP-5CC3FG7.mshome.net:inventory-service:9030 - registration status: 204
12-08-2026 17:35:45.719 [org.springframework.kafka.KafkaListenerEndpointContainer#0-0-C-1] [-] INFO  inventory-service-o.a.k.c.c.i.ConsumerCoordinator.resetStateAndGeneration - [Consumer clientId=consumer-inventory-service-1, groupId=inventory-service] Resetting generation and member id due to: consumer pro-actively leaving the group
12-08-2026 17:35:45.719 [org.springframework.kafka.KafkaListenerEndpointContainer#0-0-C-1] [-] INFO  inventory-service-o.a.k.c.c.i.ConsumerCoordinator.requestRejoin - [Consumer clientId=consumer-inventory-service-1, groupId=inventory-service] Request joining group due to: consumer pro-actively leaving the group
12-08-2026 17:35:46.078 [org.springframework.kafka.KafkaListenerEndpointContainer#0-0-C-1] [-] INFO  inventory-service-o.a.kafka.common.metrics.Metrics.close - Metrics scheduler closed
12-08-2026 17:35:46.078 [org.springframework.kafka.KafkaListenerEndpointContainer#0-0-C-1] [-] INFO  inventory-service-o.a.kafka.common.metrics.Metrics.close - Closing reporter org.apache.kafka.common.metrics.JmxReporter
12-08-2026 17:35:46.079 [org.springframework.kafka.KafkaListenerEndpointContainer#0-0-C-1] [-] INFO  inventory-service-o.a.kafka.common.metrics.Metrics.close - Closing reporter org.apache.kafka.common.telemetry.internals.ClientTelemetryReporter
12-08-2026 17:35:46.079 [org.springframework.kafka.KafkaListenerEndpointContainer#0-0-C-1] [-] INFO  inventory-service-o.a.kafka.common.metrics.Metrics.close - Metrics reporters closed
12-08-2026 17:35:46.091 [org.springframework.kafka.KafkaListenerEndpointContainer#0-0-C-1] [-] INFO  inventory-service-o.a.kafka.common.utils.AppInfoParser.unregisterAppInfo - App info kafka.consumer for consumer-inventory-service-1 unregistered
12-08-2026 17:35:46.092 [org.springframework.kafka.KafkaListenerEndpointContainer#0-0-C-1] [-] INFO  inventory-service-o.s.k.l.KafkaMessageListenerContainer.info - inventory-service: Consumer stopped
12-08-2026 17:35:46.096 [SpringApplicationShutdownHook] [-] INFO  inventory-service-o.s.boot.tomcat.GracefulShutdown.shutDownGracefully - Commencing graceful shutdown. Waiting for active requests to complete
12-08-2026 17:35:46.104 [tomcat-shutdown] [-] INFO  inventory-service-o.s.boot.tomcat.GracefulShutdown.doShutdown - Graceful shutdown complete
12-08-2026 17:35:46.117 [SpringApplicationShutdownHook] [-] INFO  inventory-service-o.s.o.j.LocalContainerEntityManagerFactoryBean.destroy - Closing JPA EntityManagerFactory for persistence unit 'default'
12-08-2026 17:35:46.159 [SpringApplicationShutdownHook] [-] INFO  inventory-service-com.zaxxer.hikari.HikariDataSource.close - HikariPool-1 - Shutdown initiated...
12-08-2026 17:35:46.164 [SpringApplicationShutdownHook] [-] INFO  inventory-service-com.zaxxer.hikari.HikariDataSource.close - HikariPool-1 - Shutdown completed.
12-08-2026 17:35:47.169 [SpringApplicationShutdownHook] [-] INFO  inventory-service-c.netflix.discovery.DiscoveryClient.shutdown - Shutting down DiscoveryClient ...
12-08-2026 17:35:50.171 [SpringApplicationShutdownHook] [-] INFO  inventory-service-c.netflix.discovery.DiscoveryClient.unregister - Unregistering ...
12-08-2026 17:35:50.178 [SpringApplicationShutdownHook] [-] INFO  inventory-service-c.netflix.discovery.DiscoveryClient.unregister - DiscoveryClient_INVENTORY-SERVICE/DESKTOP-5CC3FG7.mshome.net:inventory-service:9030 - deregister  status: 200
12-08-2026 17:35:50.179 [SpringApplicationShutdownHook] [-] INFO  inventory-service-c.netflix.discovery.DiscoveryClient.shutdown - Completed shut down of DiscoveryClient
12-08-2026 17:35:59.954 [main] [-] INFO  inventory-service-c.n.i.InventoryServiceApplication.logStarting - Starting InventoryServiceApplication using Java 25.0.3 with PID 22308 (C:\Users\Admin\Documents\SpringBoot_learnings\eCommerce\inventory-service\target\classes started by Admin in C:\Users\Admin\Documents\SpringBoot_learnings\eCommerce)
12-08-2026 17:35:59.960 [main] [-] INFO  inventory-service-c.n.i.InventoryServiceApplication.logStartupProfileInfo - No active profile set, falling back to 1 default profile: "default"
12-08-2026 17:36:00.037 [main] [-] INFO  inventory-service-o.s.c.c.c.ConfigServerConfigDataLoader.log - Fetching config from server at : http://localhost:8888
12-08-2026 17:36:00.037 [main] [-] INFO  inventory-service-o.s.c.c.c.ConfigServerConfigDataLoader.log - Located environment: name=inventory-service, profiles=[default], label=null, version=0ea68e7bd44f5a1fe092f8c5aa4a27ddfcec0fa8, state=
12-08-2026 17:36:01.658 [main] [-] INFO  inventory-service-o.s.d.r.c.RepositoryConfigurationDelegate.registerRepositoriesIn - Bootstrapping Spring Data JPA repositories in DEFAULT mode.
12-08-2026 17:36:01.844 [main] [-] INFO  inventory-service-o.s.d.r.c.RepositoryConfigurationDelegate.registerRepositoriesIn - Finished Spring Data repository scanning in 152 ms. Found 1 JPA repository interface.
12-08-2026 17:36:02.348 [main] [-] INFO  inventory-service-o.s.cloud.context.scope.GenericScope.setSerializationId - BeanFactory id=72fd837d-ddf5-31f0-9e51-ac3377db1a75
12-08-2026 17:36:02.871 [main] [-] INFO  inventory-service-o.s.boot.tomcat.TomcatWebServer.initialize - Tomcat initialized with port 9030 (http)
12-08-2026 17:36:02.886 [main] [-] INFO  inventory-service-o.a.coyote.http11.Http11NioProtocol.log - Initializing ProtocolHandler ["http-nio-9030"]
12-08-2026 17:36:02.888 [main] [-] INFO  inventory-service-o.a.catalina.core.StandardService.log - Starting service [Tomcat]
12-08-2026 17:36:02.888 [main] [-] INFO  inventory-service-o.a.catalina.core.StandardEngine.log - Starting Servlet engine: [Apache Tomcat/11.0.22]
12-08-2026 17:36:02.992 [main] [-] INFO  inventory-service-o.s.b.w.c.s.WebApplicationContextInitializer.prepareWebApplicationContext - Root WebApplicationContext: initialization completed in 2950 ms
12-08-2026 17:36:03.996 [main] [-] INFO  inventory-service-org.hibernate.orm.jpa.logPersistenceUnitInformation - HHH008540: Processing PersistenceUnitInfo [name: default]
12-08-2026 17:36:04.159 [main] [-] INFO  inventory-service-org.hibernate.orm.core.logVersion - HHH000001: Hibernate ORM core version 7.4.1.Final
12-08-2026 17:36:05.597 [main] [-] INFO  inventory-service-o.s.o.j.p.SpringPersistenceUnitInfo.addTransformer - No LoadTimeWeaver setup: ignoring JPA class transformer
12-08-2026 17:36:05.661 [main] [-] INFO  inventory-service-com.zaxxer.hikari.HikariDataSource.getConnection - HikariPool-1 - Starting...
12-08-2026 17:36:06.130 [main] [-] INFO  inventory-service-com.zaxxer.hikari.pool.HikariPool.checkFailFast - HikariPool-1 - Added connection com.mysql.cj.jdbc.ConnectionImpl@1a1c308b
12-08-2026 17:36:06.134 [main] [-] INFO  inventory-service-com.zaxxer.hikari.HikariDataSource.getConnection - HikariPool-1 - Start completed.
12-08-2026 17:36:06.355 [main] [-] INFO  inventory-service-o.hibernate.orm.connections.pooling.logConnectionInfo - HHH10001005: Database info:
	Database JDBC URL [jdbc:mysql://localhost:3306/inventorydb?useSSL=false]
	Database driver: MySQL Connector/J
	Database dialect: MySQLDialect
	Database version: 8.0.46
	Default catalog/schema: inventorydb/undefined
	Autocommit mode: undefined/unknown
	Isolation level: REPEATABLE_READ [default REPEATABLE_READ]
	JDBC fetch size: none
	Pool: DataSourceConnectionProvider
	Minimum pool size: undefined/unknown
	Maximum pool size: undefined/unknown
12-08-2026 17:36:07.925 [main] [-] INFO  inventory-service-org.hibernate.orm.core.initiateService - HHH000489: No JTA platform available (set 'hibernate.transaction.jta.platform' to enable JTA platform integration)
12-08-2026 17:36:08.056 [main] [-] INFO  inventory-service-o.s.o.j.LocalContainerEntityManagerFactoryBean.buildNativeEntityManagerFactory - Initialized JPA EntityManagerFactory for persistence unit 'default'
12-08-2026 17:36:08.158 [main] [-] INFO  inventory-service-o.s.d.j.r.q.QueryEnhancerFactories.<clinit> - Hibernate is in classpath; If applicable, HQL parser will be used.
12-08-2026 17:36:08.709 [main] [-] WARN  inventory-service-o.s.b.j.a.JpaBaseConfiguration$JpaWebConfiguration.openEntityManagerInViewInterceptor - spring.jpa.open-in-view is enabled by default. Therefore, database queries may be performed during view rendering. Explicitly configure spring.jpa.open-in-view to disable this warning
12-08-2026 17:36:08.792 [main] [-] INFO  inventory-service-o.s.c.o.FeignClientFactoryBean.getTarget - For 'order-service' URL not provided. Will try picking an instance via load-balancing.
12-08-2026 17:36:09.745 [main] [-] INFO  inventory-service-o.s.c.n.e.c.DiscoveryClientOptionalArgsConfiguration.restClientDiscoveryClientOptionalArgs - Eureka HTTP Client uses RestClient.
12-08-2026 17:36:09.771 [main] [-] WARN  inventory-service-o.s.c.l.c.LoadBalancerCacheAutoConfiguration$LoadBalancerCaffeineWarnLogger.afterPropertiesSet - Spring Cloud LoadBalancer is currently working with the default cache. While this cache implementation is useful for development and tests, it's recommended to use Caffeine cache in production.You can switch to using Caffeine cache, by adding it and org.springframework.cache.caffeine.CaffeineCacheManager to the classpath.
12-08-2026 17:36:09.808 [main] [-] INFO  inventory-service-o.s.b.a.e.web.EndpointLinksResolver.<init> - Exposing 16 endpoints beneath base path '/actuator'
12-08-2026 17:36:09.993 [main] [-] INFO  inventory-service-o.a.k.common.config.AbstractConfig.logAll - AdminClientConfig values: 
	bootstrap.controllers = []
	bootstrap.servers = [localhost:9092]
	client.dns.lookup = use_all_dns_ips
	client.id = inventory-service-admin-0
	config.providers = []
	connections.max.idle.ms = 300000
	default.api.timeout.ms = 60000
	enable.metrics.push = false
	metadata.max.age.ms = 300000
	metadata.recovery.rebootstrap.trigger.ms = 300000
	metadata.recovery.strategy = rebootstrap
	metric.reporters = [org.apache.kafka.common.metrics.JmxReporter]
	metrics.num.samples = 2
	metrics.recording.level = INFO
	metrics.sample.window.ms = 30000
	receive.buffer.bytes = 65536
	reconnect.backoff.max.ms = 1000
	reconnect.backoff.ms = 50
	request.timeout.ms = 30000
	retries = 2147483647
	retry.backoff.max.ms = 1000
	retry.backoff.ms = 100
	sasl.client.callback.handler.class = null
	sasl.jaas.config = null
	sasl.kerberos.kinit.cmd = /usr/bin/kinit
	sasl.kerberos.min.time.before.relogin = 60000
	sasl.kerberos.service.name = null
	sasl.kerberos.ticket.renew.jitter = 0.05
	sasl.kerberos.ticket.renew.window.factor = 0.8
	sasl.login.callback.handler.class = null
	sasl.login.class = null
	sasl.login.connect.timeout.ms = null
	sasl.login.read.timeout.ms = null
	sasl.login.refresh.buffer.seconds = 300
	sasl.login.refresh.min.period.seconds = 60
	sasl.login.refresh.window.factor = 0.8
	sasl.login.refresh.window.jitter = 0.05
	sasl.login.retry.backoff.max.ms = 10000
	sasl.login.retry.backoff.ms = 100
	sasl.mechanism = GSSAPI
	sasl.oauthbearer.assertion.algorithm = RS256
	sasl.oauthbearer.assertion.claim.aud = null
	sasl.oauthbearer.assertion.claim.exp.seconds = 300
	sasl.oauthbearer.assertion.claim.iss = null
	sasl.oauthbearer.assertion.claim.jti.include = false
	sasl.oauthbearer.assertion.claim.nbf.seconds = 60
	sasl.oauthbearer.assertion.claim.sub = null
	sasl.oauthbearer.assertion.file = null
	sasl.oauthbearer.assertion.private.key.file = null
	sasl.oauthbearer.assertion.private.key.passphrase = null
	sasl.oauthbearer.assertion.template.file = null
	sasl.oauthbearer.client.credentials.client.id = null
	sasl.oauthbearer.client.credentials.client.secret = null
	sasl.oauthbearer.clock.skew.seconds = 30
	sasl.oauthbearer.expected.audience = []
	sasl.oauthbearer.expected.issuer = null
	sasl.oauthbearer.header.urlencode = false
	sasl.oauthbearer.jwks.endpoint.refresh.ms = 3600000
	sasl.oauthbearer.jwks.endpoint.retry.backoff.max.ms = 10000
	sasl.oauthbearer.jwks.endpoint.retry.backoff.ms = 100
	sasl.oauthbearer.jwks.endpoint.url = null
	sasl.oauthbearer.jwt.retriever.class = class org.apache.kafka.common.security.oauthbearer.DefaultJwtRetriever
	sasl.oauthbearer.jwt.validator.class = class org.apache.kafka.common.security.oauthbearer.DefaultJwtValidator
	sasl.oauthbearer.scope = null
	sasl.oauthbearer.scope.claim.name = scope
	sasl.oauthbearer.sub.claim.name = sub
	sasl.oauthbearer.token.endpoint.url = null
	security.protocol = PLAINTEXT
	security.providers = null
	send.buffer.bytes = 131072
	socket.connection.setup.timeout.max.ms = 30000
	socket.connection.setup.timeout.ms = 10000
	ssl.cipher.suites = []
	ssl.enabled.protocols = [TLSv1.2, TLSv1.3]
	ssl.endpoint.identification.algorithm = https
	ssl.engine.factory.class = null
	ssl.key.password = null
	ssl.keymanager.algorithm = SunX509
	ssl.keystore.certificate.chain = null
	ssl.keystore.key = null
	ssl.keystore.location = null
	ssl.keystore.password = null
	ssl.keystore.type = JKS
	ssl.protocol = TLSv1.3
	ssl.provider = null
	ssl.secure.random.implementation = null
	ssl.trustmanager.algorithm = PKIX
	ssl.truststore.certificates = null
	ssl.truststore.location = null
	ssl.truststore.password = null
	ssl.truststore.type = JKS

12-08-2026 17:36:10.214 [main] [-] INFO  inventory-service-o.a.kafka.common.utils.AppInfoParser.<init> - Kafka version: 4.2.1
12-08-2026 17:36:10.215 [main] [-] INFO  inventory-service-o.a.kafka.common.utils.AppInfoParser.<init> - Kafka commitId: 92f61c44867f39dc
12-08-2026 17:36:10.215 [main] [-] INFO  inventory-service-o.a.kafka.common.utils.AppInfoParser.<init> - Kafka startTimeMs: 1786536370211
12-08-2026 17:36:11.130 [main] [-] INFO  inventory-service-o.a.kafka.common.metrics.Metrics.close - Metrics scheduler closed
12-08-2026 17:36:11.130 [main] [-] INFO  inventory-service-o.a.kafka.common.metrics.Metrics.close - Closing reporter org.apache.kafka.common.metrics.JmxReporter
12-08-2026 17:36:11.130 [main] [-] INFO  inventory-service-o.a.kafka.common.metrics.Metrics.close - Metrics reporters closed
12-08-2026 17:36:11.131 [kafka-admin-client-thread | inventory-service-admin-0] [-] INFO  inventory-service-o.a.kafka.common.utils.AppInfoParser.unregisterAppInfo - App info kafka.admin.client for inventory-service-admin-0 unregistered
12-08-2026 17:36:11.138 [kafka-admin-client-thread | inventory-service-admin-0] [-] INFO  inventory-service-o.a.kafka.common.metrics.Metrics.close - Metrics scheduler closed
12-08-2026 17:36:11.138 [kafka-admin-client-thread | inventory-service-admin-0] [-] INFO  inventory-service-o.a.kafka.common.metrics.Metrics.close - Closing reporter org.apache.kafka.common.metrics.JmxReporter
12-08-2026 17:36:11.138 [kafka-admin-client-thread | inventory-service-admin-0] [-] INFO  inventory-service-o.a.kafka.common.metrics.Metrics.close - Metrics reporters closed
12-08-2026 17:36:11.160 [main] [-] INFO  inventory-service-o.s.c.n.eureka.InstanceInfoFactory.create - Setting initial instance status as: STARTING
12-08-2026 17:36:11.195 [main] [-] INFO  inventory-service-c.netflix.discovery.DiscoveryClient.<init> - Initializing Eureka in region us-east-1
12-08-2026 17:36:11.199 [main] [-] INFO  inventory-service-c.n.d.s.r.aws.ConfigClusterResolver.getClusterEndpoints - Resolving eureka endpoints via configuration
12-08-2026 17:36:11.213 [main] [-] INFO  inventory-service-c.netflix.discovery.DiscoveryClient.fetchRegistry - Disable delta property : false
12-08-2026 17:36:11.213 [main] [-] INFO  inventory-service-c.netflix.discovery.DiscoveryClient.fetchRegistry - Single vip registry refresh property : null
12-08-2026 17:36:11.214 [main] [-] INFO  inventory-service-c.netflix.discovery.DiscoveryClient.fetchRegistry - Force full registry fetch : false
12-08-2026 17:36:11.214 [main] [-] INFO  inventory-service-c.netflix.discovery.DiscoveryClient.fetchRegistry - Application is null : false
12-08-2026 17:36:11.214 [main] [-] INFO  inventory-service-c.netflix.discovery.DiscoveryClient.fetchRegistry - Registered Applications size is zero : true
12-08-2026 17:36:11.214 [main] [-] INFO  inventory-service-c.netflix.discovery.DiscoveryClient.fetchRegistry - Application version is -1: true
12-08-2026 17:36:11.214 [main] [-] INFO  inventory-service-c.netflix.discovery.DiscoveryClient.getAndStoreFullRegistry - Getting all instance registry info from the eureka server
12-08-2026 17:36:11.478 [main] [-] INFO  inventory-service-c.netflix.discovery.DiscoveryClient.getAndStoreFullRegistry - The response status is 200
12-08-2026 17:36:11.481 [main] [-] INFO  inventory-service-c.netflix.discovery.DiscoveryClient.initScheduledTasks - Starting heartbeat executor: renew interval is: 10
12-08-2026 17:36:11.484 [main] [-] INFO  inventory-service-c.n.discovery.InstanceInfoReplicator.<init> - InstanceInfoReplicator onDemand update allowed rate per min is 4
12-08-2026 17:36:11.486 [main] [-] INFO  inventory-service-c.netflix.discovery.DiscoveryClient.<init> - Discovery Client initialized at timestamp 1786536371485 with initial instances count: 2
12-08-2026 17:36:11.492 [main] [-] INFO  inventory-service-o.s.c.n.e.s.EurekaServiceRegistry.register - Registering application INVENTORY-SERVICE with eureka with status UP
12-08-2026 17:36:11.492 [main] [-] INFO  inventory-service-c.netflix.discovery.DiscoveryClient.notify - Saw local status change event StatusChangeEvent [timestamp=1786536371492, current=UP, previous=STARTING]
12-08-2026 17:36:11.495 [main] [-] INFO  inventory-service-o.a.coyote.http11.Http11NioProtocol.log - Starting ProtocolHandler ["http-nio-9030"]
12-08-2026 17:36:11.495 [DiscoveryClient-InstanceInfoReplicator-%d] [-] INFO  inventory-service-c.netflix.discovery.DiscoveryClient.register - DiscoveryClient_INVENTORY-SERVICE/DESKTOP-5CC3FG7.mshome.net:inventory-service:9030: registering service...
12-08-2026 17:36:11.510 [main] [-] INFO  inventory-service-o.s.boot.tomcat.TomcatWebServer.start - Tomcat started on port 9030 (http) with context path '/inventory'
12-08-2026 17:36:11.512 [main] [-] INFO  inventory-service-o.s.c.n.e.s.EurekaAutoServiceRegistration.onApplicationEvent - Updating port to 9030
12-08-2026 17:36:11.543 [DiscoveryClient-InstanceInfoReplicator-%d] [-] INFO  inventory-service-c.netflix.discovery.DiscoveryClient.register - DiscoveryClient_INVENTORY-SERVICE/DESKTOP-5CC3FG7.mshome.net:inventory-service:9030 - registration status: 204
12-08-2026 17:36:11.562 [main] [-] INFO  inventory-service-o.a.k.common.config.AbstractConfig.logAll - ConsumerConfig values: 
	allow.auto.create.topics = true
	auto.commit.interval.ms = 5000
	auto.offset.reset = latest
	bootstrap.servers = [localhost:9092]
	check.crcs = true
	client.dns.lookup = use_all_dns_ips
	client.id = consumer-inventory-service-1
	client.rack = 
	config.providers = []
	connections.max.idle.ms = 540000
	default.api.timeout.ms = 60000
	enable.auto.commit = false
	enable.metrics.push = true
	exclude.internal.topics = true
	fetch.max.bytes = 52428800
	fetch.max.wait.ms = 500
	fetch.min.bytes = 1
	group.id = inventory-service
	group.instance.id = null
	group.protocol = classic
	group.remote.assignor = null
	heartbeat.interval.ms = 3000
	interceptor.classes = []
	internal.throw.on.fetch.stable.offset.unsupported = false
	isolation.level = read_uncommitted
	key.deserializer = class org.apache.kafka.common.serialization.LongDeserializer
	max.partition.fetch.bytes = 1048576
	max.poll.interval.ms = 300000
	max.poll.records = 500
	metadata.max.age.ms = 300000
	metadata.recovery.rebootstrap.trigger.ms = 300000
	metadata.recovery.strategy = rebootstrap
	metric.reporters = [org.apache.kafka.common.metrics.JmxReporter]
	metrics.num.samples = 2
	metrics.recording.level = INFO
	metrics.sample.window.ms = 30000
	partition.assignment.strategy = [class org.apache.kafka.clients.consumer.RangeAssignor, class org.apache.kafka.clients.consumer.CooperativeStickyAssignor]
	receive.buffer.bytes = 65536
	reconnect.backoff.max.ms = 1000
	reconnect.backoff.ms = 50
	request.timeout.ms = 30000
	retry.backoff.max.ms = 1000
	retry.backoff.ms = 100
	sasl.client.callback.handler.class = null
	sasl.jaas.config = null
	sasl.kerberos.kinit.cmd = /usr/bin/kinit
	sasl.kerberos.min.time.before.relogin = 60000
	sasl.kerberos.service.name = null
	sasl.kerberos.ticket.renew.jitter = 0.05
	sasl.kerberos.ticket.renew.window.factor = 0.8
	sasl.login.callback.handler.class = null
	sasl.login.class = null
	sasl.login.connect.timeout.ms = null
	sasl.login.read.timeout.ms = null
	sasl.login.refresh.buffer.seconds = 300
	sasl.login.refresh.min.period.seconds = 60
	sasl.login.refresh.window.factor = 0.8
	sasl.login.refresh.window.jitter = 0.05
	sasl.login.retry.backoff.max.ms = 10000
	sasl.login.retry.backoff.ms = 100
	sasl.mechanism = GSSAPI
	sasl.oauthbearer.assertion.algorithm = RS256
	sasl.oauthbearer.assertion.claim.aud = null
	sasl.oauthbearer.assertion.claim.exp.seconds = 300
	sasl.oauthbearer.assertion.claim.iss = null
	sasl.oauthbearer.assertion.claim.jti.include = false
	sasl.oauthbearer.assertion.claim.nbf.seconds = 60
	sasl.oauthbearer.assertion.claim.sub = null
	sasl.oauthbearer.assertion.file = null
	sasl.oauthbearer.assertion.private.key.file = null
	sasl.oauthbearer.assertion.private.key.passphrase = null
	sasl.oauthbearer.assertion.template.file = null
	sasl.oauthbearer.client.credentials.client.id = null
	sasl.oauthbearer.client.credentials.client.secret = null
	sasl.oauthbearer.clock.skew.seconds = 30
	sasl.oauthbearer.expected.audience = []
	sasl.oauthbearer.expected.issuer = null
	sasl.oauthbearer.header.urlencode = false
	sasl.oauthbearer.jwks.endpoint.refresh.ms = 3600000
	sasl.oauthbearer.jwks.endpoint.retry.backoff.max.ms = 10000
	sasl.oauthbearer.jwks.endpoint.retry.backoff.ms = 100
	sasl.oauthbearer.jwks.endpoint.url = null
	sasl.oauthbearer.jwt.retriever.class = class org.apache.kafka.common.security.oauthbearer.DefaultJwtRetriever
	sasl.oauthbearer.jwt.validator.class = class org.apache.kafka.common.security.oauthbearer.DefaultJwtValidator
	sasl.oauthbearer.scope = null
	sasl.oauthbearer.scope.claim.name = scope
	sasl.oauthbearer.sub.claim.name = sub
	sasl.oauthbearer.token.endpoint.url = null
	security.protocol = PLAINTEXT
	security.providers = null
	send.buffer.bytes = 131072
	session.timeout.ms = 45000
	share.acknowledgement.mode = implicit
	share.acquire.mode = BATCH_OPTIMIZED
	socket.connection.setup.timeout.max.ms = 30000
	socket.connection.setup.timeout.ms = 10000
	ssl.cipher.suites = []
	ssl.enabled.protocols = [TLSv1.2, TLSv1.3]
	ssl.endpoint.identification.algorithm = https
	ssl.engine.factory.class = null
	ssl.key.password = null
	ssl.keymanager.algorithm = SunX509
	ssl.keystore.certificate.chain = null
	ssl.keystore.key = null
	ssl.keystore.location = null
	ssl.keystore.password = null
	ssl.keystore.type = JKS
	ssl.protocol = TLSv1.3
	ssl.provider = null
	ssl.secure.random.implementation = null
	ssl.trustmanager.algorithm = PKIX
	ssl.truststore.certificates = null
	ssl.truststore.location = null
	ssl.truststore.password = null
	ssl.truststore.type = JKS
	value.deserializer = class org.springframework.kafka.support.serializer.JacksonJsonDeserializer

12-08-2026 17:36:11.636 [main] [-] INFO  inventory-service-o.a.k.c.t.i.KafkaMetricsCollector.init - initializing Kafka metrics collector
12-08-2026 17:36:11.760 [main] [-] INFO  inventory-service-o.a.kafka.common.utils.AppInfoParser.<init> - Kafka version: 4.2.1
12-08-2026 17:36:11.760 [main] [-] INFO  inventory-service-o.a.kafka.common.utils.AppInfoParser.<init> - Kafka commitId: 92f61c44867f39dc
12-08-2026 17:36:11.760 [main] [-] INFO  inventory-service-o.a.kafka.common.utils.AppInfoParser.<init> - Kafka startTimeMs: 1786536371760
12-08-2026 17:36:11.770 [main] [-] INFO  inventory-service-o.a.k.c.c.i.ClassicKafkaConsumer.subscribeInternal - [Consumer clientId=consumer-inventory-service-1, groupId=inventory-service] Subscribed to topic(s): order-created-topic
12-08-2026 17:36:11.800 [main] [-] INFO  inventory-service-c.n.i.InventoryServiceApplication.logStarted - Started InventoryServiceApplication in 14.975 seconds (process running for 16.594)
12-08-2026 17:36:11.808 [org.springframework.kafka.KafkaListenerEndpointContainer#0-0-C-1] [-] INFO  inventory-service-org.apache.kafka.clients.Metadata.update - [Consumer clientId=consumer-inventory-service-1, groupId=inventory-service] Cluster ID: MkU3OEVBNTcwNTJENDM2Qk
12-08-2026 17:36:11.812 [org.springframework.kafka.KafkaListenerEndpointContainer#0-0-C-1] [-] INFO  inventory-service-o.a.k.c.c.i.ConsumerCoordinator.onSuccess - [Consumer clientId=consumer-inventory-service-1, groupId=inventory-service] Discovered group coordinator localhost:9092 (id: 2147483646 rack: null isFenced: false)
12-08-2026 17:36:11.816 [org.springframework.kafka.KafkaListenerEndpointContainer#0-0-C-1] [-] INFO  inventory-service-o.a.k.c.c.i.ConsumerCoordinator.sendJoinGroupRequest - [Consumer clientId=consumer-inventory-service-1, groupId=inventory-service] (Re-)joining group
12-08-2026 17:36:11.857 [org.springframework.kafka.KafkaListenerEndpointContainer#0-0-C-1] [-] INFO  inventory-service-o.a.k.c.c.i.ConsumerCoordinator.requestRejoin - [Consumer clientId=consumer-inventory-service-1, groupId=inventory-service] Request joining group due to: need to re-join with the given member-id: consumer-inventory-service-1-116f14db-0607-49dc-b900-66d2598b4cb2
12-08-2026 17:36:11.858 [org.springframework.kafka.KafkaListenerEndpointContainer#0-0-C-1] [-] INFO  inventory-service-o.a.k.c.c.i.ConsumerCoordinator.sendJoinGroupRequest - [Consumer clientId=consumer-inventory-service-1, groupId=inventory-service] (Re-)joining group
12-08-2026 17:36:11.866 [org.springframework.kafka.KafkaListenerEndpointContainer#0-0-C-1] [-] INFO  inventory-service-o.a.k.c.c.i.ConsumerCoordinator.handle - [Consumer clientId=consumer-inventory-service-1, groupId=inventory-service] Successfully joined group with generation Generation{generationId=6, memberId='consumer-inventory-service-1-116f14db-0607-49dc-b900-66d2598b4cb2', protocol='range'}
12-08-2026 17:36:11.880 [org.springframework.kafka.KafkaListenerEndpointContainer#0-0-C-1] [-] INFO  inventory-service-o.a.k.c.c.i.ConsumerCoordinator.onLeaderElected - [Consumer clientId=consumer-inventory-service-1, groupId=inventory-service] Finished assignment for group at generation 6: {consumer-inventory-service-1-116f14db-0607-49dc-b900-66d2598b4cb2=Assignment(partitions=[order-created-topic-0, order-created-topic-1, order-created-topic-2])}
12-08-2026 17:36:11.896 [org.springframework.kafka.KafkaListenerEndpointContainer#0-0-C-1] [-] INFO  inventory-service-o.a.k.c.c.i.ConsumerCoordinator.handle - [Consumer clientId=consumer-inventory-service-1, groupId=inventory-service] Successfully synced group in generation Generation{generationId=6, memberId='consumer-inventory-service-1-116f14db-0607-49dc-b900-66d2598b4cb2', protocol='range'}
12-08-2026 17:36:11.898 [org.springframework.kafka.KafkaListenerEndpointContainer#0-0-C-1] [-] INFO  inventory-service-o.a.k.c.c.i.ConsumerCoordinator.invokeOnAssignment - [Consumer clientId=consumer-inventory-service-1, groupId=inventory-service] Notifying assignor about the new Assignment(partitions=[order-created-topic-0, order-created-topic-1, order-created-topic-2])
12-08-2026 17:36:11.904 [org.springframework.kafka.KafkaListenerEndpointContainer#0-0-C-1] [-] INFO  inventory-service-o.a.k.c.c.i.ConsumerRebalanceListenerInvoker.invokePartitionsAssigned - [Consumer clientId=consumer-inventory-service-1, groupId=inventory-service] Adding newly assigned partitions: [order-created-topic-0, order-created-topic-1, order-created-topic-2]
12-08-2026 17:36:11.926 [org.springframework.kafka.KafkaListenerEndpointContainer#0-0-C-1] [-] INFO  inventory-service-o.a.k.c.c.internals.ConsumerUtils.refreshCommittedOffsets - Setting offset for partition order-created-topic-0 to the committed offset FetchPosition{offset=2, offsetEpoch=Optional.empty, currentLeader=LeaderAndEpoch{leader=Optional[localhost:9092 (id: 1 rack: null isFenced: false)], epoch=0}}
12-08-2026 17:36:11.929 [org.springframework.kafka.KafkaListenerEndpointContainer#0-0-C-1] [-] INFO  inventory-service-o.a.k.c.c.internals.ConsumerUtils.refreshCommittedOffsets - Setting offset for partition order-created-topic-2 to the committed offset FetchPosition{offset=0, offsetEpoch=Optional.empty, currentLeader=LeaderAndEpoch{leader=Optional[localhost:9092 (id: 1 rack: null isFenced: false)], epoch=0}}
12-08-2026 17:36:11.929 [org.springframework.kafka.KafkaListenerEndpointContainer#0-0-C-1] [-] INFO  inventory-service-o.a.k.c.c.internals.ConsumerUtils.refreshCommittedOffsets - Setting offset for partition order-created-topic-1 to the committed offset FetchPosition{offset=0, offsetEpoch=Optional.empty, currentLeader=LeaderAndEpoch{leader=Optional[localhost:9092 (id: 1 rack: null isFenced: false)], epoch=0}}
12-08-2026 17:36:11.931 [org.springframework.kafka.KafkaListenerEndpointContainer#0-0-C-1] [-] INFO  inventory-service-o.s.k.l.KafkaMessageListenerContainer.info - inventory-service: partitions assigned: [order-created-topic-0, order-created-topic-1, order-created-topic-2]
12-08-2026 17:37:46.159 [SpringApplicationShutdownHook] [-] INFO  inventory-service-o.s.c.n.e.s.EurekaServiceRegistry.deregister - Unregistering application INVENTORY-SERVICE with eureka with status DOWN
12-08-2026 17:37:46.160 [SpringApplicationShutdownHook] [-] INFO  inventory-service-c.netflix.discovery.DiscoveryClient.notify - Saw local status change event StatusChangeEvent [timestamp=1786536466160, current=DOWN, previous=UP]
12-08-2026 17:37:46.160 [DiscoveryClient-InstanceInfoReplicator-%d] [-] INFO  inventory-service-c.netflix.discovery.DiscoveryClient.register - DiscoveryClient_INVENTORY-SERVICE/DESKTOP-5CC3FG7.mshome.net:inventory-service:9030: registering service...
12-08-2026 17:37:46.172 [DiscoveryClient-InstanceInfoReplicator-%d] [-] INFO  inventory-service-c.netflix.discovery.DiscoveryClient.register - DiscoveryClient_INVENTORY-SERVICE/DESKTOP-5CC3FG7.mshome.net:inventory-service:9030 - registration status: 204
12-08-2026 17:37:46.176 [org.springframework.kafka.KafkaListenerEndpointContainer#0-0-C-1] [-] INFO  inventory-service-o.a.k.c.c.i.ConsumerRebalanceListenerInvoker.invokePartitionsRevoked - [Consumer clientId=consumer-inventory-service-1, groupId=inventory-service] Revoke previously assigned partitions [order-created-topic-0, order-created-topic-1, order-created-topic-2]
12-08-2026 17:37:46.177 [org.springframework.kafka.KafkaListenerEndpointContainer#0-0-C-1] [-] INFO  inventory-service-o.s.k.l.KafkaMessageListenerContainer.info - inventory-service: partitions revoked: [order-created-topic-0, order-created-topic-1, order-created-topic-2]
12-08-2026 17:37:46.182 [org.springframework.kafka.KafkaListenerEndpointContainer#0-0-C-1] [-] INFO  inventory-service-o.a.k.c.c.i.ConsumerCoordinator.maybeLeaveGroup - [Consumer clientId=consumer-inventory-service-1, groupId=inventory-service] Member consumer-inventory-service-1-116f14db-0607-49dc-b900-66d2598b4cb2 sending LeaveGroup request to coordinator localhost:9092 (id: 2147483646 rack: null isFenced: false) due to the consumer unsubscribed from all topics
12-08-2026 17:37:46.183 [org.springframework.kafka.KafkaListenerEndpointContainer#0-0-C-1] [-] INFO  inventory-service-o.a.k.c.c.i.ConsumerCoordinator.resetStateAndGeneration - [Consumer clientId=consumer-inventory-service-1, groupId=inventory-service] Resetting generation and member id due to: consumer pro-actively leaving the group
12-08-2026 17:37:46.183 [org.springframework.kafka.KafkaListenerEndpointContainer#0-0-C-1] [-] INFO  inventory-service-o.a.k.c.c.i.ConsumerCoordinator.requestRejoin - [Consumer clientId=consumer-inventory-service-1, groupId=inventory-service] Request joining group due to: consumer pro-actively leaving the group
12-08-2026 17:37:46.183 [org.springframework.kafka.KafkaListenerEndpointContainer#0-0-C-1] [-] INFO  inventory-service-o.a.k.c.c.i.ClassicKafkaConsumer.unsubscribe - [Consumer clientId=consumer-inventory-service-1, groupId=inventory-service] Unsubscribed all topics or patterns and assigned partitions
12-08-2026 17:37:46.193 [org.springframework.kafka.KafkaListenerEndpointContainer#0-0-C-1] [-] INFO  inventory-service-o.a.k.c.c.i.ConsumerCoordinator.resetStateAndGeneration - [Consumer clientId=consumer-inventory-service-1, groupId=inventory-service] Resetting generation and member id due to: consumer pro-actively leaving the group
12-08-2026 17:37:46.193 [org.springframework.kafka.KafkaListenerEndpointContainer#0-0-C-1] [-] INFO  inventory-service-o.a.k.c.c.i.ConsumerCoordinator.requestRejoin - [Consumer clientId=consumer-inventory-service-1, groupId=inventory-service] Request joining group due to: consumer pro-actively leaving the group
12-08-2026 17:37:46.327 [org.springframework.kafka.KafkaListenerEndpointContainer#0-0-C-1] [-] INFO  inventory-service-o.a.kafka.common.metrics.Metrics.close - Metrics scheduler closed
12-08-2026 17:37:46.327 [org.springframework.kafka.KafkaListenerEndpointContainer#0-0-C-1] [-] INFO  inventory-service-o.a.kafka.common.metrics.Metrics.close - Closing reporter org.apache.kafka.common.metrics.JmxReporter
12-08-2026 17:37:46.327 [org.springframework.kafka.KafkaListenerEndpointContainer#0-0-C-1] [-] INFO  inventory-service-o.a.kafka.common.metrics.Metrics.close - Closing reporter org.apache.kafka.common.telemetry.internals.ClientTelemetryReporter
12-08-2026 17:37:46.327 [org.springframework.kafka.KafkaListenerEndpointContainer#0-0-C-1] [-] INFO  inventory-service-o.a.kafka.common.metrics.Metrics.close - Metrics reporters closed
12-08-2026 17:37:46.338 [org.springframework.kafka.KafkaListenerEndpointContainer#0-0-C-1] [-] INFO  inventory-service-o.a.kafka.common.utils.AppInfoParser.unregisterAppInfo - App info kafka.consumer for consumer-inventory-service-1 unregistered
12-08-2026 17:37:46.343 [org.springframework.kafka.KafkaListenerEndpointContainer#0-0-C-1] [-] INFO  inventory-service-o.s.k.l.KafkaMessageListenerContainer.info - inventory-service: Consumer stopped
12-08-2026 17:37:46.347 [SpringApplicationShutdownHook] [-] INFO  inventory-service-o.s.boot.tomcat.GracefulShutdown.shutDownGracefully - Commencing graceful shutdown. Waiting for active requests to complete
12-08-2026 17:37:46.366 [tomcat-shutdown] [-] INFO  inventory-service-o.s.boot.tomcat.GracefulShutdown.doShutdown - Graceful shutdown complete
12-08-2026 17:37:46.391 [SpringApplicationShutdownHook] [-] INFO  inventory-service-o.s.o.j.LocalContainerEntityManagerFactoryBean.destroy - Closing JPA EntityManagerFactory for persistence unit 'default'
12-08-2026 17:37:46.449 [SpringApplicationShutdownHook] [-] INFO  inventory-service-com.zaxxer.hikari.HikariDataSource.close - HikariPool-1 - Shutdown initiated...
12-08-2026 17:37:46.474 [SpringApplicationShutdownHook] [-] INFO  inventory-service-com.zaxxer.hikari.HikariDataSource.close - HikariPool-1 - Shutdown completed.
12-08-2026 17:37:47.477 [SpringApplicationShutdownHook] [-] INFO  inventory-service-c.netflix.discovery.DiscoveryClient.shutdown - Shutting down DiscoveryClient ...
12-08-2026 17:37:50.484 [SpringApplicationShutdownHook] [-] INFO  inventory-service-c.netflix.discovery.DiscoveryClient.unregister - Unregistering ...
12-08-2026 17:37:50.492 [SpringApplicationShutdownHook] [-] INFO  inventory-service-c.netflix.discovery.DiscoveryClient.unregister - DiscoveryClient_INVENTORY-SERVICE/DESKTOP-5CC3FG7.mshome.net:inventory-service:9030 - deregister  status: 200
12-08-2026 17:37:50.492 [SpringApplicationShutdownHook] [-] INFO  inventory-service-c.netflix.discovery.DiscoveryClient.shutdown - Completed shut down of DiscoveryClient
12-08-2026 17:37:57.795 [main] [-] INFO  inventory-service-c.n.i.InventoryServiceApplication.logStarting - Starting InventoryServiceApplication using Java 25.0.3 with PID 18984 (C:\Users\Admin\Documents\SpringBoot_learnings\eCommerce\inventory-service\target\classes started by Admin in C:\Users\Admin\Documents\SpringBoot_learnings\eCommerce)
12-08-2026 17:37:57.800 [main] [-] INFO  inventory-service-c.n.i.InventoryServiceApplication.logStartupProfileInfo - No active profile set, falling back to 1 default profile: "default"
12-08-2026 17:37:57.876 [main] [-] INFO  inventory-service-o.s.c.c.c.ConfigServerConfigDataLoader.log - Fetching config from server at : http://localhost:8888
12-08-2026 17:37:57.877 [main] [-] INFO  inventory-service-o.s.c.c.c.ConfigServerConfigDataLoader.log - Located environment: name=inventory-service, profiles=[default], label=null, version=0ea68e7bd44f5a1fe092f8c5aa4a27ddfcec0fa8, state=
12-08-2026 17:37:59.152 [main] [-] INFO  inventory-service-o.s.d.r.c.RepositoryConfigurationDelegate.registerRepositoriesIn - Bootstrapping Spring Data JPA repositories in DEFAULT mode.
12-08-2026 17:37:59.325 [main] [-] INFO  inventory-service-o.s.d.r.c.RepositoryConfigurationDelegate.registerRepositoriesIn - Finished Spring Data repository scanning in 162 ms. Found 1 JPA repository interface.
12-08-2026 17:37:59.939 [main] [-] INFO  inventory-service-o.s.cloud.context.scope.GenericScope.setSerializationId - BeanFactory id=72fd837d-ddf5-31f0-9e51-ac3377db1a75
12-08-2026 17:38:00.514 [main] [-] INFO  inventory-service-o.s.boot.tomcat.TomcatWebServer.initialize - Tomcat initialized with port 9030 (http)
12-08-2026 17:38:00.533 [main] [-] INFO  inventory-service-o.a.coyote.http11.Http11NioProtocol.log - Initializing ProtocolHandler ["http-nio-9030"]
12-08-2026 17:38:00.537 [main] [-] INFO  inventory-service-o.a.catalina.core.StandardService.log - Starting service [Tomcat]
12-08-2026 17:38:00.537 [main] [-] INFO  inventory-service-o.a.catalina.core.StandardEngine.log - Starting Servlet engine: [Apache Tomcat/11.0.22]
12-08-2026 17:38:00.648 [main] [-] INFO  inventory-service-o.s.b.w.c.s.WebApplicationContextInitializer.prepareWebApplicationContext - Root WebApplicationContext: initialization completed in 2767 ms
12-08-2026 17:38:01.438 [main] [-] INFO  inventory-service-org.hibernate.orm.jpa.logPersistenceUnitInformation - HHH008540: Processing PersistenceUnitInfo [name: default]
12-08-2026 17:38:01.508 [main] [-] INFO  inventory-service-org.hibernate.orm.core.logVersion - HHH000001: Hibernate ORM core version 7.4.1.Final
12-08-2026 17:38:02.212 [main] [-] INFO  inventory-service-o.s.o.j.p.SpringPersistenceUnitInfo.addTransformer - No LoadTimeWeaver setup: ignoring JPA class transformer
12-08-2026 17:38:02.263 [main] [-] INFO  inventory-service-com.zaxxer.hikari.HikariDataSource.getConnection - HikariPool-1 - Starting...
12-08-2026 17:38:02.508 [main] [-] INFO  inventory-service-com.zaxxer.hikari.pool.HikariPool.checkFailFast - HikariPool-1 - Added connection com.mysql.cj.jdbc.ConnectionImpl@65528bcf
12-08-2026 17:38:02.511 [main] [-] INFO  inventory-service-com.zaxxer.hikari.HikariDataSource.getConnection - HikariPool-1 - Start completed.
12-08-2026 17:38:02.606 [main] [-] INFO  inventory-service-o.hibernate.orm.connections.pooling.logConnectionInfo - HHH10001005: Database info:
	Database JDBC URL [jdbc:mysql://localhost:3306/inventorydb?useSSL=false]
	Database driver: MySQL Connector/J
	Database dialect: MySQLDialect
	Database version: 8.0.46
	Default catalog/schema: inventorydb/undefined
	Autocommit mode: undefined/unknown
	Isolation level: REPEATABLE_READ [default REPEATABLE_READ]
	JDBC fetch size: none
	Pool: DataSourceConnectionProvider
	Minimum pool size: undefined/unknown
	Maximum pool size: undefined/unknown
12-08-2026 17:38:03.932 [main] [-] INFO  inventory-service-org.hibernate.orm.core.initiateService - HHH000489: No JTA platform available (set 'hibernate.transaction.jta.platform' to enable JTA platform integration)
12-08-2026 17:38:04.054 [main] [-] INFO  inventory-service-o.s.o.j.LocalContainerEntityManagerFactoryBean.buildNativeEntityManagerFactory - Initialized JPA EntityManagerFactory for persistence unit 'default'
12-08-2026 17:38:04.218 [main] [-] INFO  inventory-service-o.s.d.j.r.q.QueryEnhancerFactories.<clinit> - Hibernate is in classpath; If applicable, HQL parser will be used.
12-08-2026 17:38:04.863 [main] [-] WARN  inventory-service-o.s.b.j.a.JpaBaseConfiguration$JpaWebConfiguration.openEntityManagerInViewInterceptor - spring.jpa.open-in-view is enabled by default. Therefore, database queries may be performed during view rendering. Explicitly configure spring.jpa.open-in-view to disable this warning
12-08-2026 17:38:04.973 [main] [-] INFO  inventory-service-o.s.c.o.FeignClientFactoryBean.getTarget - For 'order-service' URL not provided. Will try picking an instance via load-balancing.
12-08-2026 17:38:06.716 [main] [-] INFO  inventory-service-o.s.c.n.e.c.DiscoveryClientOptionalArgsConfiguration.restClientDiscoveryClientOptionalArgs - Eureka HTTP Client uses RestClient.
12-08-2026 17:38:06.764 [main] [-] WARN  inventory-service-o.s.c.l.c.LoadBalancerCacheAutoConfiguration$LoadBalancerCaffeineWarnLogger.afterPropertiesSet - Spring Cloud LoadBalancer is currently working with the default cache. While this cache implementation is useful for development and tests, it's recommended to use Caffeine cache in production.You can switch to using Caffeine cache, by adding it and org.springframework.cache.caffeine.CaffeineCacheManager to the classpath.
12-08-2026 17:38:06.788 [main] [-] INFO  inventory-service-o.s.b.a.e.web.EndpointLinksResolver.<init> - Exposing 16 endpoints beneath base path '/actuator'
12-08-2026 17:38:06.963 [main] [-] INFO  inventory-service-o.a.k.common.config.AbstractConfig.logAll - AdminClientConfig values: 
	bootstrap.controllers = []
	bootstrap.servers = [localhost:9092]
	client.dns.lookup = use_all_dns_ips
	client.id = inventory-service-admin-0
	config.providers = []
	connections.max.idle.ms = 300000
	default.api.timeout.ms = 60000
	enable.metrics.push = false
	metadata.max.age.ms = 300000
	metadata.recovery.rebootstrap.trigger.ms = 300000
	metadata.recovery.strategy = rebootstrap
	metric.reporters = [org.apache.kafka.common.metrics.JmxReporter]
	metrics.num.samples = 2
	metrics.recording.level = INFO
	metrics.sample.window.ms = 30000
	receive.buffer.bytes = 65536
	reconnect.backoff.max.ms = 1000
	reconnect.backoff.ms = 50
	request.timeout.ms = 30000
	retries = 2147483647
	retry.backoff.max.ms = 1000
	retry.backoff.ms = 100
	sasl.client.callback.handler.class = null
	sasl.jaas.config = null
	sasl.kerberos.kinit.cmd = /usr/bin/kinit
	sasl.kerberos.min.time.before.relogin = 60000
	sasl.kerberos.service.name = null
	sasl.kerberos.ticket.renew.jitter = 0.05
	sasl.kerberos.ticket.renew.window.factor = 0.8
	sasl.login.callback.handler.class = null
	sasl.login.class = null
	sasl.login.connect.timeout.ms = null
	sasl.login.read.timeout.ms = null
	sasl.login.refresh.buffer.seconds = 300
	sasl.login.refresh.min.period.seconds = 60
	sasl.login.refresh.window.factor = 0.8
	sasl.login.refresh.window.jitter = 0.05
	sasl.login.retry.backoff.max.ms = 10000
	sasl.login.retry.backoff.ms = 100
	sasl.mechanism = GSSAPI
	sasl.oauthbearer.assertion.algorithm = RS256
	sasl.oauthbearer.assertion.claim.aud = null
	sasl.oauthbearer.assertion.claim.exp.seconds = 300
	sasl.oauthbearer.assertion.claim.iss = null
	sasl.oauthbearer.assertion.claim.jti.include = false
	sasl.oauthbearer.assertion.claim.nbf.seconds = 60
	sasl.oauthbearer.assertion.claim.sub = null
	sasl.oauthbearer.assertion.file = null
	sasl.oauthbearer.assertion.private.key.file = null
	sasl.oauthbearer.assertion.private.key.passphrase = null
	sasl.oauthbearer.assertion.template.file = null
	sasl.oauthbearer.client.credentials.client.id = null
	sasl.oauthbearer.client.credentials.client.secret = null
	sasl.oauthbearer.clock.skew.seconds = 30
	sasl.oauthbearer.expected.audience = []
	sasl.oauthbearer.expected.issuer = null
	sasl.oauthbearer.header.urlencode = false
	sasl.oauthbearer.jwks.endpoint.refresh.ms = 3600000
	sasl.oauthbearer.jwks.endpoint.retry.backoff.max.ms = 10000
	sasl.oauthbearer.jwks.endpoint.retry.backoff.ms = 100
	sasl.oauthbearer.jwks.endpoint.url = null
	sasl.oauthbearer.jwt.retriever.class = class org.apache.kafka.common.security.oauthbearer.DefaultJwtRetriever
	sasl.oauthbearer.jwt.validator.class = class org.apache.kafka.common.security.oauthbearer.DefaultJwtValidator
	sasl.oauthbearer.scope = null
	sasl.oauthbearer.scope.claim.name = scope
	sasl.oauthbearer.sub.claim.name = sub
	sasl.oauthbearer.token.endpoint.url = null
	security.protocol = PLAINTEXT
	security.providers = null
	send.buffer.bytes = 131072
	socket.connection.setup.timeout.max.ms = 30000
	socket.connection.setup.timeout.ms = 10000
	ssl.cipher.suites = []
	ssl.enabled.protocols = [TLSv1.2, TLSv1.3]
	ssl.endpoint.identification.algorithm = https
	ssl.engine.factory.class = null
	ssl.key.password = null
	ssl.keymanager.algorithm = SunX509
	ssl.keystore.certificate.chain = null
	ssl.keystore.key = null
	ssl.keystore.location = null
	ssl.keystore.password = null
	ssl.keystore.type = JKS
	ssl.protocol = TLSv1.3
	ssl.provider = null
	ssl.secure.random.implementation = null
	ssl.trustmanager.algorithm = PKIX
	ssl.truststore.certificates = null
	ssl.truststore.location = null
	ssl.truststore.password = null
	ssl.truststore.type = JKS

12-08-2026 17:38:07.193 [main] [-] INFO  inventory-service-o.a.kafka.common.utils.AppInfoParser.<init> - Kafka version: 4.2.1
12-08-2026 17:38:07.194 [main] [-] INFO  inventory-service-o.a.kafka.common.utils.AppInfoParser.<init> - Kafka commitId: 92f61c44867f39dc
12-08-2026 17:38:07.194 [main] [-] INFO  inventory-service-o.a.kafka.common.utils.AppInfoParser.<init> - Kafka startTimeMs: 1786536487183
12-08-2026 17:38:07.939 [main] [-] INFO  inventory-service-o.a.kafka.common.metrics.Metrics.close - Metrics scheduler closed
12-08-2026 17:38:07.940 [main] [-] INFO  inventory-service-o.a.kafka.common.metrics.Metrics.close - Closing reporter org.apache.kafka.common.metrics.JmxReporter
12-08-2026 17:38:07.940 [main] [-] INFO  inventory-service-o.a.kafka.common.metrics.Metrics.close - Metrics reporters closed
12-08-2026 17:38:07.940 [kafka-admin-client-thread | inventory-service-admin-0] [-] INFO  inventory-service-o.a.kafka.common.utils.AppInfoParser.unregisterAppInfo - App info kafka.admin.client for inventory-service-admin-0 unregistered
12-08-2026 17:38:07.947 [kafka-admin-client-thread | inventory-service-admin-0] [-] INFO  inventory-service-o.a.kafka.common.metrics.Metrics.close - Metrics scheduler closed
12-08-2026 17:38:07.947 [kafka-admin-client-thread | inventory-service-admin-0] [-] INFO  inventory-service-o.a.kafka.common.metrics.Metrics.close - Closing reporter org.apache.kafka.common.metrics.JmxReporter
12-08-2026 17:38:07.947 [kafka-admin-client-thread | inventory-service-admin-0] [-] INFO  inventory-service-o.a.kafka.common.metrics.Metrics.close - Metrics reporters closed
12-08-2026 17:38:07.964 [main] [-] INFO  inventory-service-o.s.c.n.eureka.InstanceInfoFactory.create - Setting initial instance status as: STARTING
12-08-2026 17:38:07.999 [main] [-] INFO  inventory-service-c.netflix.discovery.DiscoveryClient.<init> - Initializing Eureka in region us-east-1
12-08-2026 17:38:08.006 [main] [-] INFO  inventory-service-c.n.d.s.r.aws.ConfigClusterResolver.getClusterEndpoints - Resolving eureka endpoints via configuration
12-08-2026 17:38:08.020 [main] [-] INFO  inventory-service-c.netflix.discovery.DiscoveryClient.fetchRegistry - Disable delta property : false
12-08-2026 17:38:08.021 [main] [-] INFO  inventory-service-c.netflix.discovery.DiscoveryClient.fetchRegistry - Single vip registry refresh property : null
12-08-2026 17:38:08.021 [main] [-] INFO  inventory-service-c.netflix.discovery.DiscoveryClient.fetchRegistry - Force full registry fetch : false
12-08-2026 17:38:08.021 [main] [-] INFO  inventory-service-c.netflix.discovery.DiscoveryClient.fetchRegistry - Application is null : false
12-08-2026 17:38:08.021 [main] [-] INFO  inventory-service-c.netflix.discovery.DiscoveryClient.fetchRegistry - Registered Applications size is zero : true
12-08-2026 17:38:08.023 [main] [-] INFO  inventory-service-c.netflix.discovery.DiscoveryClient.fetchRegistry - Application version is -1: true
12-08-2026 17:38:08.023 [main] [-] INFO  inventory-service-c.netflix.discovery.DiscoveryClient.getAndStoreFullRegistry - Getting all instance registry info from the eureka server
12-08-2026 17:38:08.413 [main] [-] INFO  inventory-service-c.netflix.discovery.DiscoveryClient.getAndStoreFullRegistry - The response status is 200
12-08-2026 17:38:08.425 [main] [-] INFO  inventory-service-c.netflix.discovery.DiscoveryClient.initScheduledTasks - Starting heartbeat executor: renew interval is: 10
12-08-2026 17:38:08.435 [main] [-] INFO  inventory-service-c.n.discovery.InstanceInfoReplicator.<init> - InstanceInfoReplicator onDemand update allowed rate per min is 4
12-08-2026 17:38:08.443 [main] [-] INFO  inventory-service-c.netflix.discovery.DiscoveryClient.<init> - Discovery Client initialized at timestamp 1786536488440 with initial instances count: 3
12-08-2026 17:38:08.456 [main] [-] INFO  inventory-service-o.s.c.n.e.s.EurekaServiceRegistry.register - Registering application INVENTORY-SERVICE with eureka with status UP
12-08-2026 17:38:08.459 [main] [-] INFO  inventory-service-c.netflix.discovery.DiscoveryClient.notify - Saw local status change event StatusChangeEvent [timestamp=1786536488459, current=UP, previous=STARTING]
12-08-2026 17:38:08.465 [DiscoveryClient-InstanceInfoReplicator-%d] [-] INFO  inventory-service-c.netflix.discovery.DiscoveryClient.register - DiscoveryClient_INVENTORY-SERVICE/DESKTOP-5CC3FG7.mshome.net:inventory-service:9030: registering service...
12-08-2026 17:38:08.465 [main] [-] INFO  inventory-service-o.a.coyote.http11.Http11NioProtocol.log - Starting ProtocolHandler ["http-nio-9030"]
12-08-2026 17:38:08.488 [main] [-] INFO  inventory-service-o.s.boot.tomcat.TomcatWebServer.start - Tomcat started on port 9030 (http) with context path '/inventory'
12-08-2026 17:38:08.490 [main] [-] INFO  inventory-service-o.s.c.n.e.s.EurekaAutoServiceRegistration.onApplicationEvent - Updating port to 9030
12-08-2026 17:38:08.532 [DiscoveryClient-InstanceInfoReplicator-%d] [-] INFO  inventory-service-c.netflix.discovery.DiscoveryClient.register - DiscoveryClient_INVENTORY-SERVICE/DESKTOP-5CC3FG7.mshome.net:inventory-service:9030 - registration status: 204
12-08-2026 17:38:08.544 [main] [-] INFO  inventory-service-o.a.k.common.config.AbstractConfig.logAll - ConsumerConfig values: 
	allow.auto.create.topics = true
	auto.commit.interval.ms = 5000
	auto.offset.reset = latest
	bootstrap.servers = [localhost:9092]
	check.crcs = true
	client.dns.lookup = use_all_dns_ips
	client.id = consumer-inventory-service-1
	client.rack = 
	config.providers = []
	connections.max.idle.ms = 540000
	default.api.timeout.ms = 60000
	enable.auto.commit = false
	enable.metrics.push = true
	exclude.internal.topics = true
	fetch.max.bytes = 52428800
	fetch.max.wait.ms = 500
	fetch.min.bytes = 1
	group.id = inventory-service
	group.instance.id = null
	group.protocol = classic
	group.remote.assignor = null
	heartbeat.interval.ms = 3000
	interceptor.classes = []
	internal.throw.on.fetch.stable.offset.unsupported = false
	isolation.level = read_uncommitted
	key.deserializer = class org.apache.kafka.common.serialization.LongDeserializer
	max.partition.fetch.bytes = 1048576
	max.poll.interval.ms = 300000
	max.poll.records = 500
	metadata.max.age.ms = 300000
	metadata.recovery.rebootstrap.trigger.ms = 300000
	metadata.recovery.strategy = rebootstrap
	metric.reporters = [org.apache.kafka.common.metrics.JmxReporter]
	metrics.num.samples = 2
	metrics.recording.level = INFO
	metrics.sample.window.ms = 30000
	partition.assignment.strategy = [class org.apache.kafka.clients.consumer.RangeAssignor, class org.apache.kafka.clients.consumer.CooperativeStickyAssignor]
	receive.buffer.bytes = 65536
	reconnect.backoff.max.ms = 1000
	reconnect.backoff.ms = 50
	request.timeout.ms = 30000
	retry.backoff.max.ms = 1000
	retry.backoff.ms = 100
	sasl.client.callback.handler.class = null
	sasl.jaas.config = null
	sasl.kerberos.kinit.cmd = /usr/bin/kinit
	sasl.kerberos.min.time.before.relogin = 60000
	sasl.kerberos.service.name = null
	sasl.kerberos.ticket.renew.jitter = 0.05
	sasl.kerberos.ticket.renew.window.factor = 0.8
	sasl.login.callback.handler.class = null
	sasl.login.class = null
	sasl.login.connect.timeout.ms = null
	sasl.login.read.timeout.ms = null
	sasl.login.refresh.buffer.seconds = 300
	sasl.login.refresh.min.period.seconds = 60
	sasl.login.refresh.window.factor = 0.8
	sasl.login.refresh.window.jitter = 0.05
	sasl.login.retry.backoff.max.ms = 10000
	sasl.login.retry.backoff.ms = 100
	sasl.mechanism = GSSAPI
	sasl.oauthbearer.assertion.algorithm = RS256
	sasl.oauthbearer.assertion.claim.aud = null
	sasl.oauthbearer.assertion.claim.exp.seconds = 300
	sasl.oauthbearer.assertion.claim.iss = null
	sasl.oauthbearer.assertion.claim.jti.include = false
	sasl.oauthbearer.assertion.claim.nbf.seconds = 60
	sasl.oauthbearer.assertion.claim.sub = null
	sasl.oauthbearer.assertion.file = null
	sasl.oauthbearer.assertion.private.key.file = null
	sasl.oauthbearer.assertion.private.key.passphrase = null
	sasl.oauthbearer.assertion.template.file = null
	sasl.oauthbearer.client.credentials.client.id = null
	sasl.oauthbearer.client.credentials.client.secret = null
	sasl.oauthbearer.clock.skew.seconds = 30
	sasl.oauthbearer.expected.audience = []
	sasl.oauthbearer.expected.issuer = null
	sasl.oauthbearer.header.urlencode = false
	sasl.oauthbearer.jwks.endpoint.refresh.ms = 3600000
	sasl.oauthbearer.jwks.endpoint.retry.backoff.max.ms = 10000
	sasl.oauthbearer.jwks.endpoint.retry.backoff.ms = 100
	sasl.oauthbearer.jwks.endpoint.url = null
	sasl.oauthbearer.jwt.retriever.class = class org.apache.kafka.common.security.oauthbearer.DefaultJwtRetriever
	sasl.oauthbearer.jwt.validator.class = class org.apache.kafka.common.security.oauthbearer.DefaultJwtValidator
	sasl.oauthbearer.scope = null
	sasl.oauthbearer.scope.claim.name = scope
	sasl.oauthbearer.sub.claim.name = sub
	sasl.oauthbearer.token.endpoint.url = null
	security.protocol = PLAINTEXT
	security.providers = null
	send.buffer.bytes = 131072
	session.timeout.ms = 45000
	share.acknowledgement.mode = implicit
	share.acquire.mode = BATCH_OPTIMIZED
	socket.connection.setup.timeout.max.ms = 30000
	socket.connection.setup.timeout.ms = 10000
	ssl.cipher.suites = []
	ssl.enabled.protocols = [TLSv1.2, TLSv1.3]
	ssl.endpoint.identification.algorithm = https
	ssl.engine.factory.class = null
	ssl.key.password = null
	ssl.keymanager.algorithm = SunX509
	ssl.keystore.certificate.chain = null
	ssl.keystore.key = null
	ssl.keystore.location = null
	ssl.keystore.password = null
	ssl.keystore.type = JKS
	ssl.protocol = TLSv1.3
	ssl.provider = null
	ssl.secure.random.implementation = null
	ssl.trustmanager.algorithm = PKIX
	ssl.truststore.certificates = null
	ssl.truststore.location = null
	ssl.truststore.password = null
	ssl.truststore.type = JKS
	value.deserializer = class org.springframework.kafka.support.serializer.JacksonJsonDeserializer

12-08-2026 17:38:08.594 [main] [-] INFO  inventory-service-o.a.k.c.t.i.KafkaMetricsCollector.init - initializing Kafka metrics collector
12-08-2026 17:38:08.712 [main] [-] INFO  inventory-service-o.a.kafka.common.utils.AppInfoParser.<init> - Kafka version: 4.2.1
12-08-2026 17:38:08.713 [main] [-] INFO  inventory-service-o.a.kafka.common.utils.AppInfoParser.<init> - Kafka commitId: 92f61c44867f39dc
12-08-2026 17:38:08.713 [main] [-] INFO  inventory-service-o.a.kafka.common.utils.AppInfoParser.<init> - Kafka startTimeMs: 1786536488712
12-08-2026 17:38:08.733 [main] [-] INFO  inventory-service-o.a.k.c.c.i.ClassicKafkaConsumer.subscribeInternal - [Consumer clientId=consumer-inventory-service-1, groupId=inventory-service] Subscribed to topic(s): order-created-topic
12-08-2026 17:38:08.778 [main] [-] INFO  inventory-service-c.n.i.InventoryServiceApplication.logStarted - Started InventoryServiceApplication in 14.375 seconds (process running for 16.28)
12-08-2026 17:38:08.789 [org.springframework.kafka.KafkaListenerEndpointContainer#0-0-C-1] [-] INFO  inventory-service-org.apache.kafka.clients.Metadata.update - [Consumer clientId=consumer-inventory-service-1, groupId=inventory-service] Cluster ID: MkU3OEVBNTcwNTJENDM2Qk
12-08-2026 17:38:08.793 [org.springframework.kafka.KafkaListenerEndpointContainer#0-0-C-1] [-] INFO  inventory-service-o.a.k.c.c.i.ConsumerCoordinator.onSuccess - [Consumer clientId=consumer-inventory-service-1, groupId=inventory-service] Discovered group coordinator localhost:9092 (id: 2147483646 rack: null isFenced: false)
12-08-2026 17:38:08.796 [org.springframework.kafka.KafkaListenerEndpointContainer#0-0-C-1] [-] INFO  inventory-service-o.a.k.c.c.i.ConsumerCoordinator.sendJoinGroupRequest - [Consumer clientId=consumer-inventory-service-1, groupId=inventory-service] (Re-)joining group
12-08-2026 17:38:08.819 [org.springframework.kafka.KafkaListenerEndpointContainer#0-0-C-1] [-] INFO  inventory-service-o.a.k.c.c.i.ConsumerCoordinator.requestRejoin - [Consumer clientId=consumer-inventory-service-1, groupId=inventory-service] Request joining group due to: need to re-join with the given member-id: consumer-inventory-service-1-ac473052-b51f-4d21-99de-443c418693d2
12-08-2026 17:38:08.820 [org.springframework.kafka.KafkaListenerEndpointContainer#0-0-C-1] [-] INFO  inventory-service-o.a.k.c.c.i.ConsumerCoordinator.sendJoinGroupRequest - [Consumer clientId=consumer-inventory-service-1, groupId=inventory-service] (Re-)joining group
12-08-2026 17:38:08.824 [org.springframework.kafka.KafkaListenerEndpointContainer#0-0-C-1] [-] INFO  inventory-service-o.a.k.c.c.i.ConsumerCoordinator.handle - [Consumer clientId=consumer-inventory-service-1, groupId=inventory-service] Successfully joined group with generation Generation{generationId=8, memberId='consumer-inventory-service-1-ac473052-b51f-4d21-99de-443c418693d2', protocol='range'}
12-08-2026 17:38:08.834 [org.springframework.kafka.KafkaListenerEndpointContainer#0-0-C-1] [-] INFO  inventory-service-o.a.k.c.c.i.ConsumerCoordinator.onLeaderElected - [Consumer clientId=consumer-inventory-service-1, groupId=inventory-service] Finished assignment for group at generation 8: {consumer-inventory-service-1-ac473052-b51f-4d21-99de-443c418693d2=Assignment(partitions=[order-created-topic-0, order-created-topic-1, order-created-topic-2])}
12-08-2026 17:38:08.841 [org.springframework.kafka.KafkaListenerEndpointContainer#0-0-C-1] [-] INFO  inventory-service-o.a.k.c.c.i.ConsumerCoordinator.handle - [Consumer clientId=consumer-inventory-service-1, groupId=inventory-service] Successfully synced group in generation Generation{generationId=8, memberId='consumer-inventory-service-1-ac473052-b51f-4d21-99de-443c418693d2', protocol='range'}
12-08-2026 17:38:08.843 [org.springframework.kafka.KafkaListenerEndpointContainer#0-0-C-1] [-] INFO  inventory-service-o.a.k.c.c.i.ConsumerCoordinator.invokeOnAssignment - [Consumer clientId=consumer-inventory-service-1, groupId=inventory-service] Notifying assignor about the new Assignment(partitions=[order-created-topic-0, order-created-topic-1, order-created-topic-2])
12-08-2026 17:38:08.846 [org.springframework.kafka.KafkaListenerEndpointContainer#0-0-C-1] [-] INFO  inventory-service-o.a.k.c.c.i.ConsumerRebalanceListenerInvoker.invokePartitionsAssigned - [Consumer clientId=consumer-inventory-service-1, groupId=inventory-service] Adding newly assigned partitions: [order-created-topic-0, order-created-topic-1, order-created-topic-2]
12-08-2026 17:38:08.863 [org.springframework.kafka.KafkaListenerEndpointContainer#0-0-C-1] [-] INFO  inventory-service-o.a.k.c.c.internals.ConsumerUtils.refreshCommittedOffsets - Setting offset for partition order-created-topic-0 to the committed offset FetchPosition{offset=2, offsetEpoch=Optional.empty, currentLeader=LeaderAndEpoch{leader=Optional[localhost:9092 (id: 1 rack: null isFenced: false)], epoch=0}}
12-08-2026 17:38:08.865 [org.springframework.kafka.KafkaListenerEndpointContainer#0-0-C-1] [-] INFO  inventory-service-o.a.k.c.c.internals.ConsumerUtils.refreshCommittedOffsets - Setting offset for partition order-created-topic-2 to the committed offset FetchPosition{offset=0, offsetEpoch=Optional.empty, currentLeader=LeaderAndEpoch{leader=Optional[localhost:9092 (id: 1 rack: null isFenced: false)], epoch=0}}
12-08-2026 17:38:08.865 [org.springframework.kafka.KafkaListenerEndpointContainer#0-0-C-1] [-] INFO  inventory-service-o.a.k.c.c.internals.ConsumerUtils.refreshCommittedOffsets - Setting offset for partition order-created-topic-1 to the committed offset FetchPosition{offset=0, offsetEpoch=Optional.empty, currentLeader=LeaderAndEpoch{leader=Optional[localhost:9092 (id: 1 rack: null isFenced: false)], epoch=0}}
12-08-2026 17:38:08.867 [org.springframework.kafka.KafkaListenerEndpointContainer#0-0-C-1] [-] INFO  inventory-service-o.s.k.l.KafkaMessageListenerContainer.info - inventory-service: partitions assigned: [order-created-topic-0, order-created-topic-1, order-created-topic-2]
12-08-2026 17:42:52.046 [HikariPool-1:housekeeper] [-] WARN  inventory-service-com.zaxxer.hikari.pool.HikariPool.run - HikariPool-1 - Thread starvation or clock leap detected (housekeeper delta=2m11s998ms595µs200ns).
12-08-2026 17:42:52.073 [org.springframework.kafka.KafkaListenerEndpointContainer#0-0-C-1] [-] INFO  inventory-service-o.a.k.c.c.i.ClassicKafkaConsumer.seek - [Consumer clientId=consumer-inventory-service-1, groupId=inventory-service] Seeking to offset 2 for partition order-created-topic-0
12-08-2026 17:42:52.074 [org.springframework.kafka.KafkaListenerEndpointContainer#0-0-C-1] [-] INFO  inventory-service-o.s.k.l.KafkaMessageListenerContainer.info - Record in retry and not yet recovered
12-08-2026 17:42:52.075 [org.springframework.kafka.KafkaListenerEndpointContainer#0-0-C-1] [-] INFO  inventory-service-o.a.k.c.c.i.ConsumerCoordinator.handle - [Consumer clientId=consumer-inventory-service-1, groupId=inventory-service] Attempt to heartbeat with Generation{generationId=8, memberId='consumer-inventory-service-1-ac473052-b51f-4d21-99de-443c418693d2', protocol='range'} and group instance id Optional.empty failed due to UNKNOWN_MEMBER_ID, resetting generation
12-08-2026 17:42:52.075 [org.springframework.kafka.KafkaListenerEndpointContainer#0-0-C-1] [-] INFO  inventory-service-o.a.k.c.c.i.ConsumerCoordinator.resetStateAndGeneration - [Consumer clientId=consumer-inventory-service-1, groupId=inventory-service] Resetting generation and member id due to: encountered UNKNOWN_MEMBER_ID from HEARTBEAT response
12-08-2026 17:42:52.076 [org.springframework.kafka.KafkaListenerEndpointContainer#0-0-C-1] [-] INFO  inventory-service-o.a.k.c.c.i.ConsumerCoordinator.requestRejoin - [Consumer clientId=consumer-inventory-service-1, groupId=inventory-service] Request joining group due to: encountered UNKNOWN_MEMBER_ID from HEARTBEAT response
12-08-2026 17:42:52.077 [org.springframework.kafka.KafkaListenerEndpointContainer#0-0-C-1] [-] INFO  inventory-service-o.a.k.c.c.i.ConsumerCoordinator.onJoinPrepare - [Consumer clientId=consumer-inventory-service-1, groupId=inventory-service] Giving away all assigned partitions as lost since generation/memberID has been reset,indicating that consumer is in old state or no longer part of the group
12-08-2026 17:42:52.077 [org.springframework.kafka.KafkaListenerEndpointContainer#0-0-C-1] [-] INFO  inventory-service-o.a.k.c.c.i.ConsumerRebalanceListenerInvoker.invokePartitionsLost - [Consumer clientId=consumer-inventory-service-1, groupId=inventory-service] Lost previously assigned partitions [order-created-topic-0, order-created-topic-1, order-created-topic-2]
12-08-2026 17:42:52.078 [org.springframework.kafka.KafkaListenerEndpointContainer#0-0-C-1] [-] INFO  inventory-service-o.s.k.l.KafkaMessageListenerContainer.info - inventory-service: partitions lost: [order-created-topic-0, order-created-topic-1, order-created-topic-2]
12-08-2026 17:42:52.078 [org.springframework.kafka.KafkaListenerEndpointContainer#0-0-C-1] [-] INFO  inventory-service-o.s.k.l.KafkaMessageListenerContainer.info - inventory-service: partitions revoked: [order-created-topic-0, order-created-topic-1, order-created-topic-2]
12-08-2026 17:42:52.080 [org.springframework.kafka.KafkaListenerEndpointContainer#0-0-C-1] [-] INFO  inventory-service-o.a.k.c.c.i.ConsumerCoordinator.sendJoinGroupRequest - [Consumer clientId=consumer-inventory-service-1, groupId=inventory-service] (Re-)joining group
12-08-2026 17:42:52.088 [org.springframework.kafka.KafkaListenerEndpointContainer#0-0-C-1] [-] INFO  inventory-service-o.a.k.c.c.i.ConsumerCoordinator.requestRejoin - [Consumer clientId=consumer-inventory-service-1, groupId=inventory-service] Request joining group due to: need to re-join with the given member-id: consumer-inventory-service-1-4f717db6-2587-4f12-8588-2c7158223a0e
12-08-2026 17:42:52.089 [org.springframework.kafka.KafkaListenerEndpointContainer#0-0-C-1] [-] INFO  inventory-service-o.a.k.c.c.i.ConsumerCoordinator.sendJoinGroupRequest - [Consumer clientId=consumer-inventory-service-1, groupId=inventory-service] (Re-)joining group
12-08-2026 17:42:52.093 [org.springframework.kafka.KafkaListenerEndpointContainer#0-0-C-1] [-] INFO  inventory-service-o.a.k.c.c.i.ConsumerCoordinator.handle - [Consumer clientId=consumer-inventory-service-1, groupId=inventory-service] Successfully joined group with generation Generation{generationId=10, memberId='consumer-inventory-service-1-4f717db6-2587-4f12-8588-2c7158223a0e', protocol='range'}
12-08-2026 17:42:52.093 [org.springframework.kafka.KafkaListenerEndpointContainer#0-0-C-1] [-] INFO  inventory-service-o.a.k.c.c.i.ConsumerCoordinator.onLeaderElected - [Consumer clientId=consumer-inventory-service-1, groupId=inventory-service] Finished assignment for group at generation 10: {consumer-inventory-service-1-4f717db6-2587-4f12-8588-2c7158223a0e=Assignment(partitions=[order-created-topic-0, order-created-topic-1, order-created-topic-2])}
12-08-2026 17:42:52.097 [org.springframework.kafka.KafkaListenerEndpointContainer#0-0-C-1] [-] INFO  inventory-service-o.a.k.c.c.i.ConsumerCoordinator.handle - [Consumer clientId=consumer-inventory-service-1, groupId=inventory-service] Successfully synced group in generation Generation{generationId=10, memberId='consumer-inventory-service-1-4f717db6-2587-4f12-8588-2c7158223a0e', protocol='range'}
12-08-2026 17:42:52.098 [org.springframework.kafka.KafkaListenerEndpointContainer#0-0-C-1] [-] INFO  inventory-service-o.a.k.c.c.i.ConsumerCoordinator.invokeOnAssignment - [Consumer clientId=consumer-inventory-service-1, groupId=inventory-service] Notifying assignor about the new Assignment(partitions=[order-created-topic-0, order-created-topic-1, order-created-topic-2])
12-08-2026 17:42:52.098 [org.springframework.kafka.KafkaListenerEndpointContainer#0-0-C-1] [-] INFO  inventory-service-o.a.k.c.c.i.ConsumerRebalanceListenerInvoker.invokePartitionsAssigned - [Consumer clientId=consumer-inventory-service-1, groupId=inventory-service] Adding newly assigned partitions: [order-created-topic-0, order-created-topic-1, order-created-topic-2]
12-08-2026 17:42:52.105 [org.springframework.kafka.KafkaListenerEndpointContainer#0-0-C-1] [-] INFO  inventory-service-o.a.k.c.c.internals.ConsumerUtils.refreshCommittedOffsets - Setting offset for partition order-created-topic-0 to the committed offset FetchPosition{offset=2, offsetEpoch=Optional.empty, currentLeader=LeaderAndEpoch{leader=Optional[localhost:9092 (id: 1 rack: null isFenced: false)], epoch=0}}
12-08-2026 17:42:52.106 [org.springframework.kafka.KafkaListenerEndpointContainer#0-0-C-1] [-] INFO  inventory-service-o.a.k.c.c.internals.ConsumerUtils.refreshCommittedOffsets - Setting offset for partition order-created-topic-2 to the committed offset FetchPosition{offset=0, offsetEpoch=Optional.empty, currentLeader=LeaderAndEpoch{leader=Optional[localhost:9092 (id: 1 rack: null isFenced: false)], epoch=0}}
12-08-2026 17:42:52.106 [org.springframework.kafka.KafkaListenerEndpointContainer#0-0-C-1] [-] INFO  inventory-service-o.a.k.c.c.internals.ConsumerUtils.refreshCommittedOffsets - Setting offset for partition order-created-topic-1 to the committed offset FetchPosition{offset=0, offsetEpoch=Optional.empty, currentLeader=LeaderAndEpoch{leader=Optional[localhost:9092 (id: 1 rack: null isFenced: false)], epoch=0}}
12-08-2026 17:42:52.106 [org.springframework.kafka.KafkaListenerEndpointContainer#0-0-C-1] [-] INFO  inventory-service-o.s.k.l.KafkaMessageListenerContainer.info - inventory-service: partitions assigned: [order-created-topic-0, order-created-topic-1, order-created-topic-2]
12-08-2026 17:43:30.367 [AsyncResolver-bootstrap-executor-%d] [-] INFO  inventory-service-c.n.d.s.r.aws.ConfigClusterResolver.getClusterEndpoints - Resolving eureka endpoints via configuration
12-08-2026 17:43:30.367 [DiscoveryClient-%d] [-] WARN  inventory-service-c.n.discovery.TimedSupervisorTask.run - task supervisor timed out
java.util.concurrent.TimeoutException
	at java.base/java.util.concurrent.FutureTask.get(FutureTask.java:206)
	at com.netflix.discovery.TimedSupervisorTask.run(TimedSupervisorTask.java:65)
	at java.base/java.util.concurrent.Executors$RunnableAdapter.call(Executors.java:545)
	at java.base/java.util.concurrent.FutureTask.run$$$capture(FutureTask.java:328)
	at java.base/java.util.concurrent.FutureTask.run(FutureTask.java)
	at java.base/java.util.concurrent.ScheduledThreadPoolExecutor$ScheduledFutureTask.run(ScheduledThreadPoolExecutor.java:309)
	at java.base/java.util.concurrent.ThreadPoolExecutor.runWorker(ThreadPoolExecutor.java:1090)
	at java.base/java.util.concurrent.ThreadPoolExecutor$Worker.run(ThreadPoolExecutor.java:614)
	at java.base/java.lang.Thread.run(Thread.java:1474)
12-08-2026 17:43:32.246 [DiscoveryClient-HeartbeatExecutor-%d] [-] INFO  inventory-service-c.netflix.discovery.DiscoveryClient.renew - DiscoveryClient_INVENTORY-SERVICE/DESKTOP-5CC3FG7.mshome.net:inventory-service:9030 - Re-registering apps/INVENTORY-SERVICE
12-08-2026 17:43:32.248 [DiscoveryClient-HeartbeatExecutor-%d] [-] INFO  inventory-service-c.netflix.discovery.DiscoveryClient.register - DiscoveryClient_INVENTORY-SERVICE/DESKTOP-5CC3FG7.mshome.net:inventory-service:9030: registering service...
12-08-2026 17:43:32.839 [DiscoveryClient-HeartbeatExecutor-%d] [-] INFO  inventory-service-c.n.d.s.t.d.RedirectingEurekaHttpClient.execute - Request execution error. endpoint=DefaultEndpoint{ serviceUrl='http://localhost:8761/eureka/} exception=null
java.util.concurrent.CancellationException
	at org.apache.hc.core5.concurrent.BasicFuture.getResult(BasicFuture.java:87)
	at org.apache.hc.core5.concurrent.BasicFuture.get(BasicFuture.java:115)
	at org.apache.hc.core5.pool.StrictConnPool$1.get(StrictConnPool.java:178)
	at org.apache.hc.core5.pool.StrictConnPool$1.get(StrictConnPool.java:172)
	at org.apache.hc.client5.http.impl.io.PoolingHttpClientConnectionManager$3.get(PoolingHttpClientConnectionManager.java:384)
	at org.apache.hc.client5.http.impl.classic.InternalExecRuntime.acquireEndpoint(InternalExecRuntime.java:111)
	at org.apache.hc.client5.http.impl.classic.ConnectExec.execute(ConnectExec.java:127)
	at org.apache.hc.client5.http.impl.classic.ExecChainElement.execute(ExecChainElement.java:51)
	at org.apache.hc.client5.http.impl.classic.ProtocolExec.execute(ProtocolExec.java:192)
	at org.apache.hc.client5.http.impl.classic.ExecChainElement.execute(ExecChainElement.java:51)
	at org.apache.hc.client5.http.impl.classic.ContentCompressionExec.execute(ContentCompressionExec.java:138)
	at org.apache.hc.client5.http.impl.classic.ExecChainElement.execute(ExecChainElement.java:51)
	at org.apache.hc.client5.http.impl.classic.HttpRequestRetryExec.execute(HttpRequestRetryExec.java:112)
	at org.apache.hc.client5.http.impl.classic.ExecChainElement.execute(ExecChainElement.java:51)
	at org.apache.hc.client5.http.impl.classic.RedirectExec.execute(RedirectExec.java:110)
	at org.apache.hc.client5.http.impl.classic.ExecChainElement.execute(ExecChainElement.java:51)
	at org.apache.hc.client5.http.impl.classic.InternalHttpClient.doExecute(InternalHttpClient.java:185)
	at org.apache.hc.client5.http.impl.classic.CloseableHttpClient.execute(CloseableHttpClient.java:87)
	at org.apache.hc.client5.http.impl.classic.CloseableHttpClient.execute(CloseableHttpClient.java:55)
	at org.apache.hc.client5.http.classic.HttpClient.executeOpen(HttpClient.java:183)
	at org.springframework.http.client.HttpComponentsClientHttpRequest.executeInternal(HttpComponentsClientHttpRequest.java:99)
	at org.springframework.http.client.AbstractStreamingClientHttpRequest.executeInternal(AbstractStreamingClientHttpRequest.java:87)
	at org.springframework.http.client.AbstractClientHttpRequest.execute(AbstractClientHttpRequest.java:80)
	at org.springframework.http.client.AbstractBufferingClientHttpRequest.executeWithRequestAndBody(AbstractBufferingClientHttpRequest.java:89)
	at org.springframework.http.client.InterceptingClientHttpRequest$EndOfChainRequestExecution.execute(InterceptingClientHttpRequest.java:102)
	at org.springframework.cloud.netflix.eureka.http.RestClientTransportClientFactory.lambda$newClient$2(RestClientTransportClientFactory.java:98)
	at org.springframework.http.client.ClientHttpRequestInterceptor.lambda$apply$0(ClientHttpRequestInterceptor.java:89)
	at org.springframework.http.client.InterceptingClientHttpRequest.executeInternal(InterceptingClientHttpRequest.java:73)
	at org.springframework.http.client.AbstractBufferingClientHttpRequest.executeInternal(AbstractBufferingClientHttpRequest.java:50)
	at org.springframework.http.client.AbstractClientHttpRequest.execute(AbstractClientHttpRequest.java:80)
	at org.springframework.web.client.DefaultRestClient$DefaultRequestBodyUriSpec.exchangeInternal(DefaultRestClient.java:614)
	at org.springframework.web.client.DefaultRestClient$DefaultRequestBodyUriSpec.exchange(DefaultRestClient.java:572)
	at org.springframework.web.client.RestClient$RequestHeadersSpec.exchange(RestClient.java:747)
	at org.springframework.web.client.DefaultRestClient$DefaultResponseSpec.executeAndExtract(DefaultRestClient.java:924)
	at org.springframework.web.client.DefaultRestClient$DefaultResponseSpec.toBodilessEntity(DefaultRestClient.java:888)
	at org.springframework.cloud.netflix.eureka.http.RestClientEurekaHttpClient.register(RestClientEurekaHttpClient.java:64)
	at com.netflix.discovery.shared.transport.decorator.EurekaHttpClientDecorator$1.execute(EurekaHttpClientDecorator.java:59)
	at com.netflix.discovery.shared.transport.decorator.RedirectingEurekaHttpClient.execute(RedirectingEurekaHttpClient.java:90)
	at com.netflix.discovery.shared.transport.decorator.EurekaHttpClientDecorator.register(EurekaHttpClientDecorator.java:56)
	at com.netflix.discovery.shared.transport.decorator.EurekaHttpClientDecorator$1.execute(EurekaHttpClientDecorator.java:59)
	at com.netflix.discovery.shared.transport.decorator.RetryableEurekaHttpClient.execute(RetryableEurekaHttpClient.java:120)
	at com.netflix.discovery.shared.transport.decorator.EurekaHttpClientDecorator.register(EurekaHttpClientDecorator.java:56)
	at com.netflix.discovery.shared.transport.decorator.EurekaHttpClientDecorator$1.execute(EurekaHttpClientDecorator.java:59)
	at com.netflix.discovery.shared.transport.decorator.SessionedEurekaHttpClient.execute(SessionedEurekaHttpClient.java:76)
	at com.netflix.discovery.shared.transport.decorator.EurekaHttpClientDecorator.register(EurekaHttpClientDecorator.java:56)
	at com.netflix.discovery.DiscoveryClient.register(DiscoveryClient.java:843)
	at com.netflix.discovery.DiscoveryClient.renew(DiscoveryClient.java:866)
	at com.netflix.discovery.DiscoveryClient$HeartbeatThread.run(DiscoveryClient.java:1418)
	at java.base/java.util.concurrent.Executors$RunnableAdapter.call(Executors.java:545)
	at java.base/java.util.concurrent.FutureTask.run$$$capture(FutureTask.java:328)
	at java.base/java.util.concurrent.FutureTask.run(FutureTask.java)
	at java.base/java.util.concurrent.ThreadPoolExecutor.runWorker(ThreadPoolExecutor.java:1090)
	at java.base/java.util.concurrent.ThreadPoolExecutor$Worker.run(ThreadPoolExecutor.java:614)
	at java.base/java.lang.Thread.run(Thread.java:1474)
12-08-2026 17:43:32.840 [DiscoveryClient-HeartbeatExecutor-%d] [-] WARN  inventory-service-c.n.d.s.t.d.RetryableEurekaHttpClient.execute - Request execution failed with message: null
12-08-2026 17:43:33.904 [DiscoveryClient-HeartbeatExecutor-%d] [-] INFO  inventory-service-c.n.d.s.t.d.RedirectingEurekaHttpClient.execute - Request execution error. endpoint=DefaultEndpoint{ serviceUrl='http://localhost:8761/eureka/}, exception=null
java.util.concurrent.CancellationException
	at org.apache.hc.core5.concurrent.BasicFuture.getResult(BasicFuture.java:87)
	at org.apache.hc.core5.concurrent.BasicFuture.get(BasicFuture.java:115)
	at org.apache.hc.core5.pool.StrictConnPool$1.get(StrictConnPool.java:178)
	at org.apache.hc.core5.pool.StrictConnPool$1.get(StrictConnPool.java:172)
	at org.apache.hc.client5.http.impl.io.PoolingHttpClientConnectionManager$3.get(PoolingHttpClientConnectionManager.java:384)
	at org.apache.hc.client5.http.impl.classic.InternalExecRuntime.acquireEndpoint(InternalExecRuntime.java:111)
	at org.apache.hc.client5.http.impl.classic.ConnectExec.execute(ConnectExec.java:127)
	at org.apache.hc.client5.http.impl.classic.ExecChainElement.execute(ExecChainElement.java:51)
	at org.apache.hc.client5.http.impl.classic.ProtocolExec.execute(ProtocolExec.java:192)
	at org.apache.hc.client5.http.impl.classic.ExecChainElement.execute(ExecChainElement.java:51)
	at org.apache.hc.client5.http.impl.classic.ContentCompressionExec.execute(ContentCompressionExec.java:138)
	at org.apache.hc.client5.http.impl.classic.ExecChainElement.execute(ExecChainElement.java:51)
	at org.apache.hc.client5.http.impl.classic.HttpRequestRetryExec.execute(HttpRequestRetryExec.java:112)
	at org.apache.hc.client5.http.impl.classic.ExecChainElement.execute(ExecChainElement.java:51)
	at org.apache.hc.client5.http.impl.classic.RedirectExec.execute(RedirectExec.java:110)
	at org.apache.hc.client5.http.impl.classic.ExecChainElement.execute(ExecChainElement.java:51)
	at org.apache.hc.client5.http.impl.classic.InternalHttpClient.doExecute(InternalHttpClient.java:185)
	at org.apache.hc.client5.http.impl.classic.CloseableHttpClient.execute(CloseableHttpClient.java:87)
	at org.apache.hc.client5.http.impl.classic.CloseableHttpClient.execute(CloseableHttpClient.java:55)
	at org.apache.hc.client5.http.classic.HttpClient.executeOpen(HttpClient.java:183)
	at org.springframework.http.client.HttpComponentsClientHttpRequest.executeInternal(HttpComponentsClientHttpRequest.java:99)
	at org.springframework.http.client.AbstractStreamingClientHttpRequest.executeInternal(AbstractStreamingClientHttpRequest.java:87)
	at org.springframework.http.client.AbstractClientHttpRequest.execute(AbstractClientHttpRequest.java:80)
	at org.springframework.http.client.AbstractBufferingClientHttpRequest.executeWithRequestAndBody(AbstractBufferingClientHttpRequest.java:89)
	at org.springframework.http.client.InterceptingClientHttpRequest$EndOfChainRequestExecution.execute(InterceptingClientHttpRequest.java:102)
	at org.springframework.cloud.netflix.eureka.http.RestClientTransportClientFactory.lambda$newClient$2(RestClientTransportClientFactory.java:98)
	at org.springframework.http.client.ClientHttpRequestInterceptor.lambda$apply$0(ClientHttpRequestInterceptor.java:89)
	at org.springframework.http.client.InterceptingClientHttpRequest.executeInternal(InterceptingClientHttpRequest.java:73)
	at org.springframework.http.client.AbstractBufferingClientHttpRequest.executeInternal(AbstractBufferingClientHttpRequest.java:50)
	at org.springframework.http.client.AbstractClientHttpRequest.execute(AbstractClientHttpRequest.java:80)
	at org.springframework.web.client.DefaultRestClient$DefaultRequestBodyUriSpec.exchangeInternal(DefaultRestClient.java:614)
	at org.springframework.web.client.DefaultRestClient$DefaultRequestBodyUriSpec.exchange(DefaultRestClient.java:572)
	at org.springframework.web.client.RestClient$RequestHeadersSpec.exchange(RestClient.java:747)
	at org.springframework.web.client.DefaultRestClient$DefaultResponseSpec.executeAndExtract(DefaultRestClient.java:924)
	at org.springframework.web.client.DefaultRestClient$DefaultResponseSpec.toBodilessEntity(DefaultRestClient.java:888)
	at org.springframework.cloud.netflix.eureka.http.RestClientEurekaHttpClient.register(RestClientEurekaHttpClient.java:64)
	at com.netflix.discovery.shared.transport.decorator.EurekaHttpClientDecorator$1.execute(EurekaHttpClientDecorator.java:59)
	at com.netflix.discovery.shared.transport.decorator.RedirectingEurekaHttpClient.executeOnNewServer(RedirectingEurekaHttpClient.java:120)
	at com.netflix.discovery.shared.transport.decorator.RedirectingEurekaHttpClient.execute(RedirectingEurekaHttpClient.java:79)
	at com.netflix.discovery.shared.transport.decorator.EurekaHttpClientDecorator.register(EurekaHttpClientDecorator.java:56)
	at com.netflix.discovery.shared.transport.decorator.EurekaHttpClientDecorator$1.execute(EurekaHttpClientDecorator.java:59)
	at com.netflix.discovery.shared.transport.decorator.RetryableEurekaHttpClient.execute(RetryableEurekaHttpClient.java:120)
	at com.netflix.discovery.shared.transport.decorator.EurekaHttpClientDecorator.register(EurekaHttpClientDecorator.java:56)
	at com.netflix.discovery.shared.transport.decorator.EurekaHttpClientDecorator$1.execute(EurekaHttpClientDecorator.java:59)
	at com.netflix.discovery.shared.transport.decorator.SessionedEurekaHttpClient.execute(SessionedEurekaHttpClient.java:76)
	at com.netflix.discovery.shared.transport.decorator.EurekaHttpClientDecorator.register(EurekaHttpClientDecorator.java:56)
	at com.netflix.discovery.DiscoveryClient.register(DiscoveryClient.java:843)
	at com.netflix.discovery.DiscoveryClient.renew(DiscoveryClient.java:866)
	at com.netflix.discovery.DiscoveryClient$HeartbeatThread.run(DiscoveryClient.java:1418)
	at java.base/java.util.concurrent.Executors$RunnableAdapter.call(Executors.java:545)
	at java.base/java.util.concurrent.FutureTask.run$$$capture(FutureTask.java:328)
	at java.base/java.util.concurrent.FutureTask.run(FutureTask.java)
	at java.base/java.util.concurrent.ThreadPoolExecutor.runWorker(ThreadPoolExecutor.java:1090)
	at java.base/java.util.concurrent.ThreadPoolExecutor$Worker.run(ThreadPoolExecutor.java:614)
	at java.base/java.lang.Thread.run(Thread.java:1474)
12-08-2026 17:43:33.905 [DiscoveryClient-HeartbeatExecutor-%d] [-] WARN  inventory-service-c.n.d.s.t.d.RetryableEurekaHttpClient.execute - Request execution failed with message: null
12-08-2026 17:43:33.906 [DiscoveryClient-HeartbeatExecutor-%d] [-] WARN  inventory-service-c.netflix.discovery.DiscoveryClient.register - DiscoveryClient_INVENTORY-SERVICE/DESKTOP-5CC3FG7.mshome.net:inventory-service:9030 - registration failed Cannot execute request on any known server
com.netflix.discovery.shared.transport.TransportException: Cannot execute request on any known server
	at com.netflix.discovery.shared.transport.decorator.RetryableEurekaHttpClient.execute(RetryableEurekaHttpClient.java:112)
	at com.netflix.discovery.shared.transport.decorator.EurekaHttpClientDecorator.register(EurekaHttpClientDecorator.java:56)
	at com.netflix.discovery.shared.transport.decorator.EurekaHttpClientDecorator$1.execute(EurekaHttpClientDecorator.java:59)
	at com.netflix.discovery.shared.transport.decorator.SessionedEurekaHttpClient.execute(SessionedEurekaHttpClient.java:76)
	at com.netflix.discovery.shared.transport.decorator.EurekaHttpClientDecorator.register(EurekaHttpClientDecorator.java:56)
	at com.netflix.discovery.DiscoveryClient.register(DiscoveryClient.java:843)
	at com.netflix.discovery.DiscoveryClient.renew(DiscoveryClient.java:866)
	at com.netflix.discovery.DiscoveryClient$HeartbeatThread.run(DiscoveryClient.java:1418)
	at java.base/java.util.concurrent.Executors$RunnableAdapter.call(Executors.java:545)
	at java.base/java.util.concurrent.FutureTask.run$$$capture(FutureTask.java:328)
	at java.base/java.util.concurrent.FutureTask.run(FutureTask.java)
	at java.base/java.util.concurrent.ThreadPoolExecutor.runWorker(ThreadPoolExecutor.java:1090)
	at java.base/java.util.concurrent.ThreadPoolExecutor$Worker.run(ThreadPoolExecutor.java:614)
	at java.base/java.lang.Thread.run(Thread.java:1474)
12-08-2026 17:43:33.906 [DiscoveryClient-HeartbeatExecutor-%d] [-] ERROR inventory-service-c.netflix.discovery.DiscoveryClient.renew - DiscoveryClient_INVENTORY-SERVICE/DESKTOP-5CC3FG7.mshome.net:inventory-service:9030 - was unable to send heartbeat!
com.netflix.discovery.shared.transport.TransportException: Cannot execute request on any known server
	at com.netflix.discovery.shared.transport.decorator.RetryableEurekaHttpClient.execute(RetryableEurekaHttpClient.java:112)
	at com.netflix.discovery.shared.transport.decorator.EurekaHttpClientDecorator.register(EurekaHttpClientDecorator.java:56)
	at com.netflix.discovery.shared.transport.decorator.EurekaHttpClientDecorator$1.execute(EurekaHttpClientDecorator.java:59)
	at com.netflix.discovery.shared.transport.decorator.SessionedEurekaHttpClient.execute(SessionedEurekaHttpClient.java:76)
	at com.netflix.discovery.shared.transport.decorator.EurekaHttpClientDecorator.register(EurekaHttpClientDecorator.java:56)
	at com.netflix.discovery.DiscoveryClient.register(DiscoveryClient.java:843)
	at com.netflix.discovery.DiscoveryClient.renew(DiscoveryClient.java:866)
	at com.netflix.discovery.DiscoveryClient$HeartbeatThread.run(DiscoveryClient.java:1418)
	at java.base/java.util.concurrent.Executors$RunnableAdapter.call(Executors.java:545)
	at java.base/java.util.concurrent.FutureTask.run$$$capture(FutureTask.java:328)
	at java.base/java.util.concurrent.FutureTask.run(FutureTask.java)
	at java.base/java.util.concurrent.ThreadPoolExecutor.runWorker(ThreadPoolExecutor.java:1090)
	at java.base/java.util.concurrent.ThreadPoolExecutor$Worker.run(ThreadPoolExecutor.java:614)
	at java.base/java.lang.Thread.run(Thread.java:1474)
12-08-2026 17:43:39.158 [org.springframework.kafka.KafkaListenerEndpointContainer#0-0-C-1] [-] INFO  inventory-service-o.a.k.c.c.i.ClassicKafkaConsumer.seek - [Consumer clientId=consumer-inventory-service-1, groupId=inventory-service] Seeking to offset 2 for partition order-created-topic-0
12-08-2026 17:43:39.158 [org.springframework.kafka.KafkaListenerEndpointContainer#0-0-C-1] [-] INFO  inventory-service-o.s.k.l.KafkaMessageListenerContainer.info - Record in retry and not yet recovered
12-08-2026 17:43:39.178 [org.springframework.kafka.KafkaListenerEndpointContainer#0-0-C-1] [-] INFO  inventory-service-o.a.k.c.c.i.ClassicKafkaConsumer.seek - [Consumer clientId=consumer-inventory-service-1, groupId=inventory-service] Seeking to offset 2 for partition order-created-topic-0
12-08-2026 17:43:39.178 [org.springframework.kafka.KafkaListenerEndpointContainer#0-0-C-1] [-] INFO  inventory-service-o.s.k.l.KafkaMessageListenerContainer.info - Record in retry and not yet recovered
12-08-2026 17:43:39.189 [SpringApplicationShutdownHook] [-] INFO  inventory-service-o.s.c.n.e.s.EurekaServiceRegistry.deregister - Unregistering application INVENTORY-SERVICE with eureka with status DOWN
12-08-2026 17:43:39.189 [SpringApplicationShutdownHook] [-] INFO  inventory-service-c.netflix.discovery.DiscoveryClient.notify - Saw local status change event StatusChangeEvent [timestamp=1786536819189, current=DOWN, previous=UP]
12-08-2026 17:43:39.190 [DiscoveryClient-InstanceInfoReplicator-%d] [-] INFO  inventory-service-c.netflix.discovery.DiscoveryClient.register - DiscoveryClient_INVENTORY-SERVICE/DESKTOP-5CC3FG7.mshome.net:inventory-service:9030: registering service...
12-08-2026 17:43:39.201 [org.springframework.kafka.KafkaListenerEndpointContainer#0-0-C-1] [-] INFO  inventory-service-o.a.k.c.c.i.ConsumerRebalanceListenerInvoker.invokePartitionsRevoked - [Consumer clientId=consumer-inventory-service-1, groupId=inventory-service] Revoke previously assigned partitions [order-created-topic-0, order-created-topic-1, order-created-topic-2]
12-08-2026 17:43:39.201 [org.springframework.kafka.KafkaListenerEndpointContainer#0-0-C-1] [-] INFO  inventory-service-o.s.k.l.KafkaMessageListenerContainer.info - inventory-service: partitions revoked: [order-created-topic-0, order-created-topic-1, order-created-topic-2]
12-08-2026 17:43:39.202 [org.springframework.kafka.KafkaListenerEndpointContainer#0-0-C-1] [-] INFO  inventory-service-o.a.k.c.c.i.ConsumerCoordinator.maybeLeaveGroup - [Consumer clientId=consumer-inventory-service-1, groupId=inventory-service] Member consumer-inventory-service-1-4f717db6-2587-4f12-8588-2c7158223a0e sending LeaveGroup request to coordinator localhost:9092 (id: 2147483646 rack: null isFenced: false) due to the consumer unsubscribed from all topics
12-08-2026 17:43:39.203 [org.springframework.kafka.KafkaListenerEndpointContainer#0-0-C-1] [-] INFO  inventory-service-o.a.k.c.c.i.ConsumerCoordinator.resetStateAndGeneration - [Consumer clientId=consumer-inventory-service-1, groupId=inventory-service] Resetting generation and member id due to: consumer pro-actively leaving the group
12-08-2026 17:43:39.203 [org.springframework.kafka.KafkaListenerEndpointContainer#0-0-C-1] [-] INFO  inventory-service-o.a.k.c.c.i.ConsumerCoordinator.requestRejoin - [Consumer clientId=consumer-inventory-service-1, groupId=inventory-service] Request joining group due to: consumer pro-actively leaving the group
12-08-2026 17:43:39.203 [org.springframework.kafka.KafkaListenerEndpointContainer#0-0-C-1] [-] INFO  inventory-service-o.a.k.c.c.i.ClassicKafkaConsumer.unsubscribe - [Consumer clientId=consumer-inventory-service-1, groupId=inventory-service] Unsubscribed all topics or patterns and assigned partitions
12-08-2026 17:43:39.207 [org.springframework.kafka.KafkaListenerEndpointContainer#0-0-C-1] [-] INFO  inventory-service-o.a.k.c.c.i.ConsumerCoordinator.resetStateAndGeneration - [Consumer clientId=consumer-inventory-service-1, groupId=inventory-service] Resetting generation and member id due to: consumer pro-actively leaving the group
12-08-2026 17:43:39.208 [org.springframework.kafka.KafkaListenerEndpointContainer#0-0-C-1] [-] INFO  inventory-service-o.a.k.c.c.i.ConsumerCoordinator.requestRejoin - [Consumer clientId=consumer-inventory-service-1, groupId=inventory-service] Request joining group due to: consumer pro-actively leaving the group
12-08-2026 17:43:39.211 [DiscoveryClient-InstanceInfoReplicator-%d] [-] INFO  inventory-service-c.netflix.discovery.DiscoveryClient.register - DiscoveryClient_INVENTORY-SERVICE/DESKTOP-5CC3FG7.mshome.net:inventory-service:9030 - registration status: 204
12-08-2026 17:43:39.668 [org.springframework.kafka.KafkaListenerEndpointContainer#0-0-C-1] [-] INFO  inventory-service-o.a.kafka.common.metrics.Metrics.close - Metrics scheduler closed
12-08-2026 17:43:39.669 [org.springframework.kafka.KafkaListenerEndpointContainer#0-0-C-1] [-] INFO  inventory-service-o.a.kafka.common.metrics.Metrics.close - Closing reporter org.apache.kafka.common.metrics.JmxReporter
12-08-2026 17:43:39.669 [org.springframework.kafka.KafkaListenerEndpointContainer#0-0-C-1] [-] INFO  inventory-service-o.a.kafka.common.metrics.Metrics.close - Closing reporter org.apache.kafka.common.telemetry.internals.ClientTelemetryReporter
12-08-2026 17:43:39.669 [org.springframework.kafka.KafkaListenerEndpointContainer#0-0-C-1] [-] INFO  inventory-service-o.a.kafka.common.metrics.Metrics.close - Metrics reporters closed
12-08-2026 17:43:39.693 [org.springframework.kafka.KafkaListenerEndpointContainer#0-0-C-1] [-] INFO  inventory-service-o.a.kafka.common.utils.AppInfoParser.unregisterAppInfo - App info kafka.consumer for consumer-inventory-service-1 unregistered
12-08-2026 17:43:39.695 [org.springframework.kafka.KafkaListenerEndpointContainer#0-0-C-1] [-] INFO  inventory-service-o.s.k.l.KafkaMessageListenerContainer.info - inventory-service: Consumer stopped
12-08-2026 17:43:39.699 [SpringApplicationShutdownHook] [-] INFO  inventory-service-o.s.boot.tomcat.GracefulShutdown.shutDownGracefully - Commencing graceful shutdown. Waiting for active requests to complete
12-08-2026 17:43:39.707 [tomcat-shutdown] [-] INFO  inventory-service-o.s.boot.tomcat.GracefulShutdown.doShutdown - Graceful shutdown complete
12-08-2026 17:43:39.724 [SpringApplicationShutdownHook] [-] INFO  inventory-service-o.s.o.j.LocalContainerEntityManagerFactoryBean.destroy - Closing JPA EntityManagerFactory for persistence unit 'default'
12-08-2026 17:43:39.761 [SpringApplicationShutdownHook] [-] INFO  inventory-service-com.zaxxer.hikari.HikariDataSource.close - HikariPool-1 - Shutdown initiated...
12-08-2026 17:43:39.768 [SpringApplicationShutdownHook] [-] INFO  inventory-service-com.zaxxer.hikari.HikariDataSource.close - HikariPool-1 - Shutdown completed.
12-08-2026 17:43:40.772 [SpringApplicationShutdownHook] [-] INFO  inventory-service-c.netflix.discovery.DiscoveryClient.shutdown - Shutting down DiscoveryClient ...
12-08-2026 17:43:43.775 [SpringApplicationShutdownHook] [-] INFO  inventory-service-c.netflix.discovery.DiscoveryClient.unregister - Unregistering ...
12-08-2026 17:43:43.785 [SpringApplicationShutdownHook] [-] INFO  inventory-service-c.netflix.discovery.DiscoveryClient.unregister - DiscoveryClient_INVENTORY-SERVICE/DESKTOP-5CC3FG7.mshome.net:inventory-service:9030 - deregister  status: 200
12-08-2026 17:43:43.786 [SpringApplicationShutdownHook] [-] INFO  inventory-service-c.netflix.discovery.DiscoveryClient.shutdown - Completed shut down of DiscoveryClient
12-08-2026 17:46:09.313 [main] [-] INFO  inventory-service-c.n.i.InventoryServiceApplication.logStarting - Starting InventoryServiceApplication using Java 25.0.3 with PID 24640 (C:\Users\Admin\Documents\SpringBoot_learnings\eCommerce\inventory-service\target\classes started by Admin in C:\Users\Admin\Documents\SpringBoot_learnings\eCommerce)
12-08-2026 17:46:09.321 [main] [-] INFO  inventory-service-c.n.i.InventoryServiceApplication.logStartupProfileInfo - No active profile set, falling back to 1 default profile: "default"
12-08-2026 17:46:09.409 [main] [-] INFO  inventory-service-o.s.c.c.c.ConfigServerConfigDataLoader.log - Fetching config from server at : http://localhost:8888
12-08-2026 17:46:09.410 [main] [-] INFO  inventory-service-o.s.c.c.c.ConfigServerConfigDataLoader.log - Located environment: name=inventory-service, profiles=[default], label=null, version=0ea68e7bd44f5a1fe092f8c5aa4a27ddfcec0fa8, state=
12-08-2026 17:46:10.713 [main] [-] INFO  inventory-service-o.s.d.r.c.RepositoryConfigurationDelegate.registerRepositoriesIn - Bootstrapping Spring Data JPA repositories in DEFAULT mode.
12-08-2026 17:46:10.896 [main] [-] INFO  inventory-service-o.s.d.r.c.RepositoryConfigurationDelegate.registerRepositoriesIn - Finished Spring Data repository scanning in 172 ms. Found 1 JPA repository interface.
12-08-2026 17:46:11.497 [main] [-] INFO  inventory-service-o.s.cloud.context.scope.GenericScope.setSerializationId - BeanFactory id=72fd837d-ddf5-31f0-9e51-ac3377db1a75
12-08-2026 17:46:12.120 [main] [-] INFO  inventory-service-o.s.boot.tomcat.TomcatWebServer.initialize - Tomcat initialized with port 9030 (http)
12-08-2026 17:46:12.144 [main] [-] INFO  inventory-service-o.a.coyote.http11.Http11NioProtocol.log - Initializing ProtocolHandler ["http-nio-9030"]
12-08-2026 17:46:12.148 [main] [-] INFO  inventory-service-o.a.catalina.core.StandardService.log - Starting service [Tomcat]
12-08-2026 17:46:12.149 [main] [-] INFO  inventory-service-o.a.catalina.core.StandardEngine.log - Starting Servlet engine: [Apache Tomcat/11.0.22]
12-08-2026 17:46:12.246 [main] [-] INFO  inventory-service-o.s.b.w.c.s.WebApplicationContextInitializer.prepareWebApplicationContext - Root WebApplicationContext: initialization completed in 2829 ms
12-08-2026 17:46:13.045 [main] [-] INFO  inventory-service-org.hibernate.orm.jpa.logPersistenceUnitInformation - HHH008540: Processing PersistenceUnitInfo [name: default]
12-08-2026 17:46:13.142 [main] [-] INFO  inventory-service-org.hibernate.orm.core.logVersion - HHH000001: Hibernate ORM core version 7.4.1.Final
12-08-2026 17:46:13.942 [main] [-] INFO  inventory-service-o.s.o.j.p.SpringPersistenceUnitInfo.addTransformer - No LoadTimeWeaver setup: ignoring JPA class transformer
12-08-2026 17:46:13.995 [main] [-] INFO  inventory-service-com.zaxxer.hikari.HikariDataSource.getConnection - HikariPool-1 - Starting...
12-08-2026 17:46:14.269 [main] [-] INFO  inventory-service-com.zaxxer.hikari.pool.HikariPool.checkFailFast - HikariPool-1 - Added connection com.mysql.cj.jdbc.ConnectionImpl@65528bcf
12-08-2026 17:46:14.274 [main] [-] INFO  inventory-service-com.zaxxer.hikari.HikariDataSource.getConnection - HikariPool-1 - Start completed.
12-08-2026 17:46:14.381 [main] [-] INFO  inventory-service-o.hibernate.orm.connections.pooling.logConnectionInfo - HHH10001005: Database info:
	Database JDBC URL [jdbc:mysql://localhost:3306/inventorydb?useSSL=false]
	Database driver: MySQL Connector/J
	Database dialect: MySQLDialect
	Database version: 8.0.46
	Default catalog/schema: inventorydb/undefined
	Autocommit mode: undefined/unknown
	Isolation level: REPEATABLE_READ [default REPEATABLE_READ]
	JDBC fetch size: none
	Pool: DataSourceConnectionProvider
	Minimum pool size: undefined/unknown
	Maximum pool size: undefined/unknown
12-08-2026 17:46:15.782 [main] [-] INFO  inventory-service-org.hibernate.orm.core.initiateService - HHH000489: No JTA platform available (set 'hibernate.transaction.jta.platform' to enable JTA platform integration)
12-08-2026 17:46:15.936 [main] [-] INFO  inventory-service-o.s.o.j.LocalContainerEntityManagerFactoryBean.buildNativeEntityManagerFactory - Initialized JPA EntityManagerFactory for persistence unit 'default'
12-08-2026 17:46:16.162 [main] [-] INFO  inventory-service-o.s.d.j.r.q.QueryEnhancerFactories.<clinit> - Hibernate is in classpath; If applicable, HQL parser will be used.
12-08-2026 17:46:17.067 [main] [-] WARN  inventory-service-o.s.b.j.a.JpaBaseConfiguration$JpaWebConfiguration.openEntityManagerInViewInterceptor - spring.jpa.open-in-view is enabled by default. Therefore, database queries may be performed during view rendering. Explicitly configure spring.jpa.open-in-view to disable this warning
12-08-2026 17:46:17.197 [main] [-] INFO  inventory-service-o.s.c.o.FeignClientFactoryBean.getTarget - For 'order-service' URL not provided. Will try picking an instance via load-balancing.
12-08-2026 17:46:18.323 [main] [-] INFO  inventory-service-o.s.c.n.e.c.DiscoveryClientOptionalArgsConfiguration.restClientDiscoveryClientOptionalArgs - Eureka HTTP Client uses RestClient.
12-08-2026 17:46:18.354 [main] [-] WARN  inventory-service-o.s.c.l.c.LoadBalancerCacheAutoConfiguration$LoadBalancerCaffeineWarnLogger.afterPropertiesSet - Spring Cloud LoadBalancer is currently working with the default cache. While this cache implementation is useful for development and tests, it's recommended to use Caffeine cache in production.You can switch to using Caffeine cache, by adding it and org.springframework.cache.caffeine.CaffeineCacheManager to the classpath.
12-08-2026 17:46:18.374 [main] [-] INFO  inventory-service-o.s.b.a.e.web.EndpointLinksResolver.<init> - Exposing 16 endpoints beneath base path '/actuator'
12-08-2026 17:46:18.581 [main] [-] INFO  inventory-service-o.a.k.common.config.AbstractConfig.logAll - AdminClientConfig values: 
	bootstrap.controllers = []
	bootstrap.servers = [localhost:9092]
	client.dns.lookup = use_all_dns_ips
	client.id = inventory-service-admin-0
	config.providers = []
	connections.max.idle.ms = 300000
	default.api.timeout.ms = 60000
	enable.metrics.push = false
	metadata.max.age.ms = 300000
	metadata.recovery.rebootstrap.trigger.ms = 300000
	metadata.recovery.strategy = rebootstrap
	metric.reporters = [org.apache.kafka.common.metrics.JmxReporter]
	metrics.num.samples = 2
	metrics.recording.level = INFO
	metrics.sample.window.ms = 30000
	receive.buffer.bytes = 65536
	reconnect.backoff.max.ms = 1000
	reconnect.backoff.ms = 50
	request.timeout.ms = 30000
	retries = 2147483647
	retry.backoff.max.ms = 1000
	retry.backoff.ms = 100
	sasl.client.callback.handler.class = null
	sasl.jaas.config = null
	sasl.kerberos.kinit.cmd = /usr/bin/kinit
	sasl.kerberos.min.time.before.relogin = 60000
	sasl.kerberos.service.name = null
	sasl.kerberos.ticket.renew.jitter = 0.05
	sasl.kerberos.ticket.renew.window.factor = 0.8
	sasl.login.callback.handler.class = null
	sasl.login.class = null
	sasl.login.connect.timeout.ms = null
	sasl.login.read.timeout.ms = null
	sasl.login.refresh.buffer.seconds = 300
	sasl.login.refresh.min.period.seconds = 60
	sasl.login.refresh.window.factor = 0.8
	sasl.login.refresh.window.jitter = 0.05
	sasl.login.retry.backoff.max.ms = 10000
	sasl.login.retry.backoff.ms = 100
	sasl.mechanism = GSSAPI
	sasl.oauthbearer.assertion.algorithm = RS256
	sasl.oauthbearer.assertion.claim.aud = null
	sasl.oauthbearer.assertion.claim.exp.seconds = 300
	sasl.oauthbearer.assertion.claim.iss = null
	sasl.oauthbearer.assertion.claim.jti.include = false
	sasl.oauthbearer.assertion.claim.nbf.seconds = 60
	sasl.oauthbearer.assertion.claim.sub = null
	sasl.oauthbearer.assertion.file = null
	sasl.oauthbearer.assertion.private.key.file = null
	sasl.oauthbearer.assertion.private.key.passphrase = null
	sasl.oauthbearer.assertion.template.file = null
	sasl.oauthbearer.client.credentials.client.id = null
	sasl.oauthbearer.client.credentials.client.secret = null
	sasl.oauthbearer.clock.skew.seconds = 30
	sasl.oauthbearer.expected.audience = []
	sasl.oauthbearer.expected.issuer = null
	sasl.oauthbearer.header.urlencode = false
	sasl.oauthbearer.jwks.endpoint.refresh.ms = 3600000
	sasl.oauthbearer.jwks.endpoint.retry.backoff.max.ms = 10000
	sasl.oauthbearer.jwks.endpoint.retry.backoff.ms = 100
	sasl.oauthbearer.jwks.endpoint.url = null
	sasl.oauthbearer.jwt.retriever.class = class org.apache.kafka.common.security.oauthbearer.DefaultJwtRetriever
	sasl.oauthbearer.jwt.validator.class = class org.apache.kafka.common.security.oauthbearer.DefaultJwtValidator
	sasl.oauthbearer.scope = null
	sasl.oauthbearer.scope.claim.name = scope
	sasl.oauthbearer.sub.claim.name = sub
	sasl.oauthbearer.token.endpoint.url = null
	security.protocol = PLAINTEXT
	security.providers = null
	send.buffer.bytes = 131072
	socket.connection.setup.timeout.max.ms = 30000
	socket.connection.setup.timeout.ms = 10000
	ssl.cipher.suites = []
	ssl.enabled.protocols = [TLSv1.2, TLSv1.3]
	ssl.endpoint.identification.algorithm = https
	ssl.engine.factory.class = null
	ssl.key.password = null
	ssl.keymanager.algorithm = SunX509
	ssl.keystore.certificate.chain = null
	ssl.keystore.key = null
	ssl.keystore.location = null
	ssl.keystore.password = null
	ssl.keystore.type = JKS
	ssl.protocol = TLSv1.3
	ssl.provider = null
	ssl.secure.random.implementation = null
	ssl.trustmanager.algorithm = PKIX
	ssl.truststore.certificates = null
	ssl.truststore.location = null
	ssl.truststore.password = null
	ssl.truststore.type = JKS

12-08-2026 17:46:18.779 [main] [-] INFO  inventory-service-o.a.kafka.common.utils.AppInfoParser.<init> - Kafka version: 4.2.1
12-08-2026 17:46:18.779 [main] [-] INFO  inventory-service-o.a.kafka.common.utils.AppInfoParser.<init> - Kafka commitId: 92f61c44867f39dc
12-08-2026 17:46:18.780 [main] [-] INFO  inventory-service-o.a.kafka.common.utils.AppInfoParser.<init> - Kafka startTimeMs: 1786536978777
12-08-2026 17:46:19.451 [main] [-] INFO  inventory-service-o.a.kafka.common.metrics.Metrics.close - Metrics scheduler closed
12-08-2026 17:46:19.452 [main] [-] INFO  inventory-service-o.a.kafka.common.metrics.Metrics.close - Closing reporter org.apache.kafka.common.metrics.JmxReporter
12-08-2026 17:46:19.452 [main] [-] INFO  inventory-service-o.a.kafka.common.metrics.Metrics.close - Metrics reporters closed
12-08-2026 17:46:19.453 [kafka-admin-client-thread | inventory-service-admin-0] [-] INFO  inventory-service-o.a.kafka.common.utils.AppInfoParser.unregisterAppInfo - App info kafka.admin.client for inventory-service-admin-0 unregistered
12-08-2026 17:46:19.462 [kafka-admin-client-thread | inventory-service-admin-0] [-] INFO  inventory-service-o.a.kafka.common.metrics.Metrics.close - Metrics scheduler closed
12-08-2026 17:46:19.462 [kafka-admin-client-thread | inventory-service-admin-0] [-] INFO  inventory-service-o.a.kafka.common.metrics.Metrics.close - Closing reporter org.apache.kafka.common.metrics.JmxReporter
12-08-2026 17:46:19.463 [kafka-admin-client-thread | inventory-service-admin-0] [-] INFO  inventory-service-o.a.kafka.common.metrics.Metrics.close - Metrics reporters closed
12-08-2026 17:46:19.479 [main] [-] INFO  inventory-service-o.s.c.n.eureka.InstanceInfoFactory.create - Setting initial instance status as: STARTING
12-08-2026 17:46:19.517 [main] [-] INFO  inventory-service-c.netflix.discovery.DiscoveryClient.<init> - Initializing Eureka in region us-east-1
12-08-2026 17:46:19.523 [main] [-] INFO  inventory-service-c.n.d.s.r.aws.ConfigClusterResolver.getClusterEndpoints - Resolving eureka endpoints via configuration
12-08-2026 17:46:19.535 [main] [-] INFO  inventory-service-c.netflix.discovery.DiscoveryClient.fetchRegistry - Disable delta property : false
12-08-2026 17:46:19.535 [main] [-] INFO  inventory-service-c.netflix.discovery.DiscoveryClient.fetchRegistry - Single vip registry refresh property : null
12-08-2026 17:46:19.536 [main] [-] INFO  inventory-service-c.netflix.discovery.DiscoveryClient.fetchRegistry - Force full registry fetch : false
12-08-2026 17:46:19.536 [main] [-] INFO  inventory-service-c.netflix.discovery.DiscoveryClient.fetchRegistry - Application is null : false
12-08-2026 17:46:19.536 [main] [-] INFO  inventory-service-c.netflix.discovery.DiscoveryClient.fetchRegistry - Registered Applications size is zero : true
12-08-2026 17:46:19.536 [main] [-] INFO  inventory-service-c.netflix.discovery.DiscoveryClient.fetchRegistry - Application version is -1: true
12-08-2026 17:46:19.537 [main] [-] INFO  inventory-service-c.netflix.discovery.DiscoveryClient.getAndStoreFullRegistry - Getting all instance registry info from the eureka server
12-08-2026 17:46:19.820 [main] [-] INFO  inventory-service-c.netflix.discovery.DiscoveryClient.getAndStoreFullRegistry - The response status is 200
12-08-2026 17:46:19.824 [main] [-] INFO  inventory-service-c.netflix.discovery.DiscoveryClient.initScheduledTasks - Starting heartbeat executor: renew interval is: 10
12-08-2026 17:46:19.827 [main] [-] INFO  inventory-service-c.n.discovery.InstanceInfoReplicator.<init> - InstanceInfoReplicator onDemand update allowed rate per min is 4
12-08-2026 17:46:19.829 [main] [-] INFO  inventory-service-c.netflix.discovery.DiscoveryClient.<init> - Discovery Client initialized at timestamp 1786536979828 with initial instances count: 3
12-08-2026 17:46:19.834 [main] [-] INFO  inventory-service-o.s.c.n.e.s.EurekaServiceRegistry.register - Registering application INVENTORY-SERVICE with eureka with status UP
12-08-2026 17:46:19.834 [main] [-] INFO  inventory-service-c.netflix.discovery.DiscoveryClient.notify - Saw local status change event StatusChangeEvent [timestamp=1786536979834, current=UP, previous=STARTING]
12-08-2026 17:46:19.836 [DiscoveryClient-InstanceInfoReplicator-%d] [-] INFO  inventory-service-c.netflix.discovery.DiscoveryClient.register - DiscoveryClient_INVENTORY-SERVICE/DESKTOP-5CC3FG7.mshome.net:inventory-service:9030: registering service...
12-08-2026 17:46:19.837 [main] [-] INFO  inventory-service-o.a.coyote.http11.Http11NioProtocol.log - Starting ProtocolHandler ["http-nio-9030"]
12-08-2026 17:46:19.855 [main] [-] INFO  inventory-service-o.s.boot.tomcat.TomcatWebServer.start - Tomcat started on port 9030 (http) with context path '/inventory'
12-08-2026 17:46:19.856 [main] [-] INFO  inventory-service-o.s.c.n.e.s.EurekaAutoServiceRegistration.onApplicationEvent - Updating port to 9030
12-08-2026 17:46:19.901 [DiscoveryClient-InstanceInfoReplicator-%d] [-] INFO  inventory-service-c.netflix.discovery.DiscoveryClient.register - DiscoveryClient_INVENTORY-SERVICE/DESKTOP-5CC3FG7.mshome.net:inventory-service:9030 - registration status: 204
12-08-2026 17:46:19.918 [main] [-] INFO  inventory-service-o.a.k.common.config.AbstractConfig.logAll - ConsumerConfig values: 
	allow.auto.create.topics = true
	auto.commit.interval.ms = 5000
	auto.offset.reset = latest
	bootstrap.servers = [localhost:9092]
	check.crcs = true
	client.dns.lookup = use_all_dns_ips
	client.id = consumer-inventory-service-1
	client.rack = 
	config.providers = []
	connections.max.idle.ms = 540000
	default.api.timeout.ms = 60000
	enable.auto.commit = false
	enable.metrics.push = true
	exclude.internal.topics = true
	fetch.max.bytes = 52428800
	fetch.max.wait.ms = 500
	fetch.min.bytes = 1
	group.id = inventory-service
	group.instance.id = null
	group.protocol = classic
	group.remote.assignor = null
	heartbeat.interval.ms = 3000
	interceptor.classes = []
	internal.throw.on.fetch.stable.offset.unsupported = false
	isolation.level = read_uncommitted
	key.deserializer = class org.apache.kafka.common.serialization.LongDeserializer
	max.partition.fetch.bytes = 1048576
	max.poll.interval.ms = 300000
	max.poll.records = 500
	metadata.max.age.ms = 300000
	metadata.recovery.rebootstrap.trigger.ms = 300000
	metadata.recovery.strategy = rebootstrap
	metric.reporters = [org.apache.kafka.common.metrics.JmxReporter]
	metrics.num.samples = 2
	metrics.recording.level = INFO
	metrics.sample.window.ms = 30000
	partition.assignment.strategy = [class org.apache.kafka.clients.consumer.RangeAssignor, class org.apache.kafka.clients.consumer.CooperativeStickyAssignor]
	receive.buffer.bytes = 65536
	reconnect.backoff.max.ms = 1000
	reconnect.backoff.ms = 50
	request.timeout.ms = 30000
	retry.backoff.max.ms = 1000
	retry.backoff.ms = 100
	sasl.client.callback.handler.class = null
	sasl.jaas.config = null
	sasl.kerberos.kinit.cmd = /usr/bin/kinit
	sasl.kerberos.min.time.before.relogin = 60000
	sasl.kerberos.service.name = null
	sasl.kerberos.ticket.renew.jitter = 0.05
	sasl.kerberos.ticket.renew.window.factor = 0.8
	sasl.login.callback.handler.class = null
	sasl.login.class = null
	sasl.login.connect.timeout.ms = null
	sasl.login.read.timeout.ms = null
	sasl.login.refresh.buffer.seconds = 300
	sasl.login.refresh.min.period.seconds = 60
	sasl.login.refresh.window.factor = 0.8
	sasl.login.refresh.window.jitter = 0.05
	sasl.login.retry.backoff.max.ms = 10000
	sasl.login.retry.backoff.ms = 100
	sasl.mechanism = GSSAPI
	sasl.oauthbearer.assertion.algorithm = RS256
	sasl.oauthbearer.assertion.claim.aud = null
	sasl.oauthbearer.assertion.claim.exp.seconds = 300
	sasl.oauthbearer.assertion.claim.iss = null
	sasl.oauthbearer.assertion.claim.jti.include = false
	sasl.oauthbearer.assertion.claim.nbf.seconds = 60
	sasl.oauthbearer.assertion.claim.sub = null
	sasl.oauthbearer.assertion.file = null
	sasl.oauthbearer.assertion.private.key.file = null
	sasl.oauthbearer.assertion.private.key.passphrase = null
	sasl.oauthbearer.assertion.template.file = null
	sasl.oauthbearer.client.credentials.client.id = null
	sasl.oauthbearer.client.credentials.client.secret = null
	sasl.oauthbearer.clock.skew.seconds = 30
	sasl.oauthbearer.expected.audience = []
	sasl.oauthbearer.expected.issuer = null
	sasl.oauthbearer.header.urlencode = false
	sasl.oauthbearer.jwks.endpoint.refresh.ms = 3600000
	sasl.oauthbearer.jwks.endpoint.retry.backoff.max.ms = 10000
	sasl.oauthbearer.jwks.endpoint.retry.backoff.ms = 100
	sasl.oauthbearer.jwks.endpoint.url = null
	sasl.oauthbearer.jwt.retriever.class = class org.apache.kafka.common.security.oauthbearer.DefaultJwtRetriever
	sasl.oauthbearer.jwt.validator.class = class org.apache.kafka.common.security.oauthbearer.DefaultJwtValidator
	sasl.oauthbearer.scope = null
	sasl.oauthbearer.scope.claim.name = scope
	sasl.oauthbearer.sub.claim.name = sub
	sasl.oauthbearer.token.endpoint.url = null
	security.protocol = PLAINTEXT
	security.providers = null
	send.buffer.bytes = 131072
	session.timeout.ms = 45000
	share.acknowledgement.mode = implicit
	share.acquire.mode = BATCH_OPTIMIZED
	socket.connection.setup.timeout.max.ms = 30000
	socket.connection.setup.timeout.ms = 10000
	ssl.cipher.suites = []
	ssl.enabled.protocols = [TLSv1.2, TLSv1.3]
	ssl.endpoint.identification.algorithm = https
	ssl.engine.factory.class = null
	ssl.key.password = null
	ssl.keymanager.algorithm = SunX509
	ssl.keystore.certificate.chain = null
	ssl.keystore.key = null
	ssl.keystore.location = null
	ssl.keystore.password = null
	ssl.keystore.type = JKS
	ssl.protocol = TLSv1.3
	ssl.provider = null
	ssl.secure.random.implementation = null
	ssl.trustmanager.algorithm = PKIX
	ssl.truststore.certificates = null
	ssl.truststore.location = null
	ssl.truststore.password = null
	ssl.truststore.type = JKS
	value.deserializer = class org.springframework.kafka.support.serializer.JacksonJsonDeserializer

12-08-2026 17:46:19.977 [main] [-] INFO  inventory-service-o.a.k.c.t.i.KafkaMetricsCollector.init - initializing Kafka metrics collector
12-08-2026 17:46:20.055 [main] [-] INFO  inventory-service-o.a.kafka.common.utils.AppInfoParser.<init> - Kafka version: 4.2.1
12-08-2026 17:46:20.056 [main] [-] INFO  inventory-service-o.a.kafka.common.utils.AppInfoParser.<init> - Kafka commitId: 92f61c44867f39dc
12-08-2026 17:46:20.056 [main] [-] INFO  inventory-service-o.a.kafka.common.utils.AppInfoParser.<init> - Kafka startTimeMs: 1786536980055
12-08-2026 17:46:20.069 [main] [-] INFO  inventory-service-o.a.k.c.c.i.ClassicKafkaConsumer.subscribeInternal - [Consumer clientId=consumer-inventory-service-1, groupId=inventory-service] Subscribed to topic(s): order-created-topic
12-08-2026 17:46:20.104 [main] [-] INFO  inventory-service-c.n.i.InventoryServiceApplication.logStarted - Started InventoryServiceApplication in 14.182 seconds (process running for 152.138)
12-08-2026 17:46:20.118 [org.springframework.kafka.KafkaListenerEndpointContainer#0-0-C-1] [-] INFO  inventory-service-org.apache.kafka.clients.Metadata.update - [Consumer clientId=consumer-inventory-service-1, groupId=inventory-service] Cluster ID: MkU3OEVBNTcwNTJENDM2Qk
12-08-2026 17:46:20.121 [org.springframework.kafka.KafkaListenerEndpointContainer#0-0-C-1] [-] INFO  inventory-service-o.a.k.c.c.i.ConsumerCoordinator.onSuccess - [Consumer clientId=consumer-inventory-service-1, groupId=inventory-service] Discovered group coordinator localhost:9092 (id: 2147483646 rack: null isFenced: false)
12-08-2026 17:46:20.125 [org.springframework.kafka.KafkaListenerEndpointContainer#0-0-C-1] [-] INFO  inventory-service-o.a.k.c.c.i.ConsumerCoordinator.sendJoinGroupRequest - [Consumer clientId=consumer-inventory-service-1, groupId=inventory-service] (Re-)joining group
12-08-2026 17:46:20.152 [org.springframework.kafka.KafkaListenerEndpointContainer#0-0-C-1] [-] INFO  inventory-service-o.a.k.c.c.i.ConsumerCoordinator.requestRejoin - [Consumer clientId=consumer-inventory-service-1, groupId=inventory-service] Request joining group due to: need to re-join with the given member-id: consumer-inventory-service-1-6a7b5079-76a1-4aaa-aa79-7fec53585d78
12-08-2026 17:46:20.153 [org.springframework.kafka.KafkaListenerEndpointContainer#0-0-C-1] [-] INFO  inventory-service-o.a.k.c.c.i.ConsumerCoordinator.sendJoinGroupRequest - [Consumer clientId=consumer-inventory-service-1, groupId=inventory-service] (Re-)joining group
12-08-2026 17:46:20.157 [org.springframework.kafka.KafkaListenerEndpointContainer#0-0-C-1] [-] INFO  inventory-service-o.a.k.c.c.i.ConsumerCoordinator.handle - [Consumer clientId=consumer-inventory-service-1, groupId=inventory-service] Successfully joined group with generation Generation{generationId=12, memberId='consumer-inventory-service-1-6a7b5079-76a1-4aaa-aa79-7fec53585d78', protocol='range'}
12-08-2026 17:46:20.171 [org.springframework.kafka.KafkaListenerEndpointContainer#0-0-C-1] [-] INFO  inventory-service-o.a.k.c.c.i.ConsumerCoordinator.onLeaderElected - [Consumer clientId=consumer-inventory-service-1, groupId=inventory-service] Finished assignment for group at generation 12: {consumer-inventory-service-1-6a7b5079-76a1-4aaa-aa79-7fec53585d78=Assignment(partitions=[order-created-topic-0, order-created-topic-1, order-created-topic-2])}
12-08-2026 17:46:20.179 [org.springframework.kafka.KafkaListenerEndpointContainer#0-0-C-1] [-] INFO  inventory-service-o.a.k.c.c.i.ConsumerCoordinator.handle - [Consumer clientId=consumer-inventory-service-1, groupId=inventory-service] Successfully synced group in generation Generation{generationId=12, memberId='consumer-inventory-service-1-6a7b5079-76a1-4aaa-aa79-7fec53585d78', protocol='range'}
12-08-2026 17:46:20.181 [org.springframework.kafka.KafkaListenerEndpointContainer#0-0-C-1] [-] INFO  inventory-service-o.a.k.c.c.i.ConsumerCoordinator.invokeOnAssignment - [Consumer clientId=consumer-inventory-service-1, groupId=inventory-service] Notifying assignor about the new Assignment(partitions=[order-created-topic-0, order-created-topic-1, order-created-topic-2])
12-08-2026 17:46:20.185 [org.springframework.kafka.KafkaListenerEndpointContainer#0-0-C-1] [-] INFO  inventory-service-o.a.k.c.c.i.ConsumerRebalanceListenerInvoker.invokePartitionsAssigned - [Consumer clientId=consumer-inventory-service-1, groupId=inventory-service] Adding newly assigned partitions: [order-created-topic-0, order-created-topic-1, order-created-topic-2]
12-08-2026 17:46:20.201 [org.springframework.kafka.KafkaListenerEndpointContainer#0-0-C-1] [-] INFO  inventory-service-o.a.k.c.c.internals.ConsumerUtils.refreshCommittedOffsets - Setting offset for partition order-created-topic-0 to the committed offset FetchPosition{offset=2, offsetEpoch=Optional.empty, currentLeader=LeaderAndEpoch{leader=Optional[localhost:9092 (id: 1 rack: null isFenced: false)], epoch=0}}
12-08-2026 17:46:20.203 [org.springframework.kafka.KafkaListenerEndpointContainer#0-0-C-1] [-] INFO  inventory-service-o.a.k.c.c.internals.ConsumerUtils.refreshCommittedOffsets - Setting offset for partition order-created-topic-2 to the committed offset FetchPosition{offset=0, offsetEpoch=Optional.empty, currentLeader=LeaderAndEpoch{leader=Optional[localhost:9092 (id: 1 rack: null isFenced: false)], epoch=0}}
12-08-2026 17:46:20.204 [org.springframework.kafka.KafkaListenerEndpointContainer#0-0-C-1] [-] INFO  inventory-service-o.a.k.c.c.internals.ConsumerUtils.refreshCommittedOffsets - Setting offset for partition order-created-topic-1 to the committed offset FetchPosition{offset=0, offsetEpoch=Optional.empty, currentLeader=LeaderAndEpoch{leader=Optional[localhost:9092 (id: 1 rack: null isFenced: false)], epoch=0}}
12-08-2026 17:46:20.206 [org.springframework.kafka.KafkaListenerEndpointContainer#0-0-C-1] [-] INFO  inventory-service-o.s.k.l.KafkaMessageListenerContainer.info - inventory-service: partitions assigned: [order-created-topic-0, order-created-topic-1, order-created-topic-2]
12-08-2026 17:48:15.943 [kafka-coordinator-heartbeat-thread | inventory-service] [-] INFO  inventory-service-o.a.k.c.c.i.ConsumerCoordinator.markCoordinatorUnknown - [Consumer clientId=consumer-inventory-service-1, groupId=inventory-service] Group coordinator localhost:9092 (id: 2147483646 rack: null isFenced: false) is unavailable or invalid due to cause: session timed out without receiving a heartbeat response. isDisconnected: false. Rediscovery will be attempted.
12-08-2026 17:48:15.944 [kafka-coordinator-heartbeat-thread | inventory-service] [-] INFO  inventory-service-o.a.k.c.c.i.ConsumerCoordinator.markCoordinatorUnknown - [Consumer clientId=consumer-inventory-service-1, groupId=inventory-service] Requesting disconnect from last known coordinator localhost:9092 (id: 2147483646 rack: null isFenced: false)
12-08-2026 17:48:15.944 [HikariPool-1:housekeeper] [-] WARN  inventory-service-com.zaxxer.hikari.pool.HikariPool.run - HikariPool-1 - Thread starvation or clock leap detected (housekeeper delta=1m26s211ms414µs).
12-08-2026 17:48:15.949 [kafka-coordinator-heartbeat-thread | inventory-service] [-] INFO  inventory-service-o.apache.kafka.clients.NetworkClient.disconnect - [Consumer clientId=consumer-inventory-service-1, groupId=inventory-service] Client requested disconnect from node 2147483646
12-08-2026 17:48:15.966 [DiscoveryClient-HeartbeatExecutor-%d] [-] INFO  inventory-service-c.netflix.discovery.DiscoveryClient.renew - DiscoveryClient_INVENTORY-SERVICE/DESKTOP-5CC3FG7.mshome.net:inventory-service:9030 - Re-registering apps/INVENTORY-SERVICE
12-08-2026 17:48:15.967 [DiscoveryClient-HeartbeatExecutor-%d] [-] INFO  inventory-service-c.netflix.discovery.DiscoveryClient.register - DiscoveryClient_INVENTORY-SERVICE/DESKTOP-5CC3FG7.mshome.net:inventory-service:9030: registering service...
12-08-2026 17:48:15.970 [DiscoveryClient-HeartbeatExecutor-%d] [-] INFO  inventory-service-c.netflix.discovery.DiscoveryClient.register - DiscoveryClient_INVENTORY-SERVICE/DESKTOP-5CC3FG7.mshome.net:inventory-service:9030 - registration status: 204
12-08-2026 17:48:15.972 [org.springframework.kafka.KafkaListenerEndpointContainer#0-0-C-1] [-] INFO  inventory-service-o.a.k.c.c.i.ClassicKafkaConsumer.seek - [Consumer clientId=consumer-inventory-service-1, groupId=inventory-service] Seeking to offset 2 for partition order-created-topic-0
12-08-2026 17:48:15.972 [org.springframework.kafka.KafkaListenerEndpointContainer#0-0-C-1] [-] INFO  inventory-service-o.s.k.l.KafkaMessageListenerContainer.info - Record in retry and not yet recovered
12-08-2026 17:48:15.976 [org.springframework.kafka.KafkaListenerEndpointContainer#0-0-C-1] [-] INFO  inventory-service-o.a.k.c.c.i.ConsumerCoordinator.onSuccess - [Consumer clientId=consumer-inventory-service-1, groupId=inventory-service] Discovered group coordinator localhost:9092 (id: 2147483646 rack: null isFenced: false)
12-08-2026 17:48:15.977 [org.springframework.kafka.KafkaListenerEndpointContainer#0-0-C-1] [-] INFO  inventory-service-o.a.k.c.c.i.ConsumerCoordinator.markCoordinatorUnknown - [Consumer clientId=consumer-inventory-service-1, groupId=inventory-service] Group coordinator localhost:9092 (id: 2147483646 rack: null isFenced: false) is unavailable or invalid due to cause: coordinator unavailable. isDisconnected: false. Rediscovery will be attempted.
12-08-2026 17:48:15.977 [org.springframework.kafka.KafkaListenerEndpointContainer#0-0-C-1] [-] INFO  inventory-service-o.a.k.c.c.i.ConsumerCoordinator.markCoordinatorUnknown - [Consumer clientId=consumer-inventory-service-1, groupId=inventory-service] Requesting disconnect from last known coordinator localhost:9092 (id: 2147483646 rack: null isFenced: false)
12-08-2026 17:48:16.067 [org.springframework.kafka.KafkaListenerEndpointContainer#0-0-C-1] [-] INFO  inventory-service-o.a.k.c.c.i.ConsumerCoordinator.onSuccess - [Consumer clientId=consumer-inventory-service-1, groupId=inventory-service] Discovered group coordinator localhost:9092 (id: 2147483646 rack: null isFenced: false)
12-08-2026 17:48:17.186 [kafka-coordinator-heartbeat-thread | inventory-service] [-] INFO  inventory-service-o.a.k.c.c.i.ConsumerCoordinator.handle - [Consumer clientId=consumer-inventory-service-1, groupId=inventory-service] Attempt to heartbeat with Generation{generationId=12, memberId='consumer-inventory-service-1-6a7b5079-76a1-4aaa-aa79-7fec53585d78', protocol='range'} and group instance id Optional.empty failed due to UNKNOWN_MEMBER_ID, resetting generation
12-08-2026 17:48:17.188 [kafka-coordinator-heartbeat-thread | inventory-service] [-] INFO  inventory-service-o.a.k.c.c.i.ConsumerCoordinator.resetStateAndGeneration - [Consumer clientId=consumer-inventory-service-1, groupId=inventory-service] Resetting generation and member id due to: encountered UNKNOWN_MEMBER_ID from HEARTBEAT response
12-08-2026 17:48:17.188 [kafka-coordinator-heartbeat-thread | inventory-service] [-] INFO  inventory-service-o.a.k.c.c.i.ConsumerCoordinator.requestRejoin - [Consumer clientId=consumer-inventory-service-1, groupId=inventory-service] Request joining group due to: encountered UNKNOWN_MEMBER_ID from HEARTBEAT response
12-08-2026 17:48:21.878 [org.springframework.kafka.KafkaListenerEndpointContainer#0-0-C-1] [-] INFO  inventory-service-o.a.k.c.c.i.ClassicKafkaConsumer.seek - [Consumer clientId=consumer-inventory-service-1, groupId=inventory-service] Seeking to offset 2 for partition order-created-topic-0
12-08-2026 17:48:21.878 [org.springframework.kafka.KafkaListenerEndpointContainer#0-0-C-1] [-] INFO  inventory-service-o.s.k.l.KafkaMessageListenerContainer.info - Record in retry and not yet recovered
12-08-2026 17:48:21.879 [org.springframework.kafka.KafkaListenerEndpointContainer#0-0-C-1] [-] INFO  inventory-service-o.a.k.c.c.i.ConsumerCoordinator.onJoinPrepare - [Consumer clientId=consumer-inventory-service-1, groupId=inventory-service] Giving away all assigned partitions as lost since generation/memberID has been reset,indicating that consumer is in old state or no longer part of the group
12-08-2026 17:48:21.879 [org.springframework.kafka.KafkaListenerEndpointContainer#0-0-C-1] [-] INFO  inventory-service-o.a.k.c.c.i.ConsumerRebalanceListenerInvoker.invokePartitionsLost - [Consumer clientId=consumer-inventory-service-1, groupId=inventory-service] Lost previously assigned partitions [order-created-topic-0, order-created-topic-1, order-created-topic-2]
12-08-2026 17:48:21.880 [org.springframework.kafka.KafkaListenerEndpointContainer#0-0-C-1] [-] INFO  inventory-service-o.s.k.l.KafkaMessageListenerContainer.info - inventory-service: partitions lost: [order-created-topic-0, order-created-topic-1, order-created-topic-2]
12-08-2026 17:48:21.880 [org.springframework.kafka.KafkaListenerEndpointContainer#0-0-C-1] [-] INFO  inventory-service-o.s.k.l.KafkaMessageListenerContainer.info - inventory-service: partitions revoked: [order-created-topic-0, order-created-topic-1, order-created-topic-2]
12-08-2026 17:48:21.881 [org.springframework.kafka.KafkaListenerEndpointContainer#0-0-C-1] [-] INFO  inventory-service-o.a.k.c.c.i.ConsumerCoordinator.sendJoinGroupRequest - [Consumer clientId=consumer-inventory-service-1, groupId=inventory-service] (Re-)joining group
12-08-2026 17:48:21.888 [org.springframework.kafka.KafkaListenerEndpointContainer#0-0-C-1] [-] INFO  inventory-service-o.a.k.c.c.i.ConsumerCoordinator.requestRejoin - [Consumer clientId=consumer-inventory-service-1, groupId=inventory-service] Request joining group due to: need to re-join with the given member-id: consumer-inventory-service-1-60114d70-13cc-4149-8bf7-11c774d8ac6d
12-08-2026 17:48:21.889 [org.springframework.kafka.KafkaListenerEndpointContainer#0-0-C-1] [-] INFO  inventory-service-o.a.k.c.c.i.ConsumerCoordinator.sendJoinGroupRequest - [Consumer clientId=consumer-inventory-service-1, groupId=inventory-service] (Re-)joining group
12-08-2026 17:48:21.893 [org.springframework.kafka.KafkaListenerEndpointContainer#0-0-C-1] [-] INFO  inventory-service-o.a.k.c.c.i.ConsumerCoordinator.handle - [Consumer clientId=consumer-inventory-service-1, groupId=inventory-service] Successfully joined group with generation Generation{generationId=14, memberId='consumer-inventory-service-1-60114d70-13cc-4149-8bf7-11c774d8ac6d', protocol='range'}
12-08-2026 17:48:21.894 [org.springframework.kafka.KafkaListenerEndpointContainer#0-0-C-1] [-] INFO  inventory-service-o.a.k.c.c.i.ConsumerCoordinator.onLeaderElected - [Consumer clientId=consumer-inventory-service-1, groupId=inventory-service] Finished assignment for group at generation 14: {consumer-inventory-service-1-60114d70-13cc-4149-8bf7-11c774d8ac6d=Assignment(partitions=[order-created-topic-0, order-created-topic-1, order-created-topic-2])}
12-08-2026 17:48:21.961 [org.springframework.kafka.KafkaListenerEndpointContainer#0-0-C-1] [-] INFO  inventory-service-o.a.k.c.c.i.ConsumerCoordinator.handle - [Consumer clientId=consumer-inventory-service-1, groupId=inventory-service] Successfully synced group in generation Generation{generationId=14, memberId='consumer-inventory-service-1-60114d70-13cc-4149-8bf7-11c774d8ac6d', protocol='range'}
12-08-2026 17:48:21.962 [org.springframework.kafka.KafkaListenerEndpointContainer#0-0-C-1] [-] INFO  inventory-service-o.a.k.c.c.i.ConsumerCoordinator.invokeOnAssignment - [Consumer clientId=consumer-inventory-service-1, groupId=inventory-service] Notifying assignor about the new Assignment(partitions=[order-created-topic-0, order-created-topic-1, order-created-topic-2])
12-08-2026 17:48:21.962 [org.springframework.kafka.KafkaListenerEndpointContainer#0-0-C-1] [-] INFO  inventory-service-o.a.k.c.c.i.ConsumerRebalanceListenerInvoker.invokePartitionsAssigned - [Consumer clientId=consumer-inventory-service-1, groupId=inventory-service] Adding newly assigned partitions: [order-created-topic-0, order-created-topic-1, order-created-topic-2]
12-08-2026 17:48:21.968 [org.springframework.kafka.KafkaListenerEndpointContainer#0-0-C-1] [-] INFO  inventory-service-o.a.k.c.c.internals.ConsumerUtils.refreshCommittedOffsets - Setting offset for partition order-created-topic-0 to the committed offset FetchPosition{offset=2, offsetEpoch=Optional.empty, currentLeader=LeaderAndEpoch{leader=Optional[localhost:9092 (id: 1 rack: null isFenced: false)], epoch=0}}
12-08-2026 17:48:21.969 [org.springframework.kafka.KafkaListenerEndpointContainer#0-0-C-1] [-] INFO  inventory-service-o.a.k.c.c.internals.ConsumerUtils.refreshCommittedOffsets - Setting offset for partition order-created-topic-2 to the committed offset FetchPosition{offset=0, offsetEpoch=Optional.empty, currentLeader=LeaderAndEpoch{leader=Optional[localhost:9092 (id: 1 rack: null isFenced: false)], epoch=0}}
12-08-2026 17:48:21.969 [org.springframework.kafka.KafkaListenerEndpointContainer#0-0-C-1] [-] INFO  inventory-service-o.a.k.c.c.internals.ConsumerUtils.refreshCommittedOffsets - Setting offset for partition order-created-topic-1 to the committed offset FetchPosition{offset=0, offsetEpoch=Optional.empty, currentLeader=LeaderAndEpoch{leader=Optional[localhost:9092 (id: 1 rack: null isFenced: false)], epoch=0}}
12-08-2026 17:48:21.969 [org.springframework.kafka.KafkaListenerEndpointContainer#0-0-C-1] [-] INFO  inventory-service-o.s.k.l.KafkaMessageListenerContainer.info - inventory-service: partitions assigned: [order-created-topic-0, order-created-topic-1, order-created-topic-2]
12-08-2026 17:48:25.244 [org.springframework.kafka.KafkaListenerEndpointContainer#0-0-C-1] [-] INFO  inventory-service-o.a.k.c.c.i.ClassicKafkaConsumer.seek - [Consumer clientId=consumer-inventory-service-1, groupId=inventory-service] Seeking to offset 2 for partition order-created-topic-0
12-08-2026 17:48:25.244 [org.springframework.kafka.KafkaListenerEndpointContainer#0-0-C-1] [-] INFO  inventory-service-o.s.k.l.KafkaMessageListenerContainer.info - Record in retry and not yet recovered
12-08-2026 17:48:28.320 [org.springframework.kafka.KafkaListenerEndpointContainer#0-0-C-1] [-] INFO  inventory-service-o.a.k.c.c.i.ClassicKafkaConsumer.seek - [Consumer clientId=consumer-inventory-service-1, groupId=inventory-service] Seeking to offset 2 for partition order-created-topic-0
12-08-2026 17:48:28.321 [org.springframework.kafka.KafkaListenerEndpointContainer#0-0-C-1] [-] INFO  inventory-service-o.s.k.l.KafkaMessageListenerContainer.info - Record in retry and not yet recovered
12-08-2026 17:48:31.129 [org.springframework.kafka.KafkaListenerEndpointContainer#0-0-C-1] [-] INFO  inventory-service-o.a.k.c.c.i.ClassicKafkaConsumer.seek - [Consumer clientId=consumer-inventory-service-1, groupId=inventory-service] Seeking to offset 2 for partition order-created-topic-0
12-08-2026 17:48:31.129 [org.springframework.kafka.KafkaListenerEndpointContainer#0-0-C-1] [-] INFO  inventory-service-o.s.k.l.KafkaMessageListenerContainer.info - Record in retry and not yet recovered
12-08-2026 17:48:33.710 [org.springframework.kafka.KafkaListenerEndpointContainer#0-0-C-1] [-] INFO  inventory-service-o.a.k.c.c.i.ClassicKafkaConsumer.seek - [Consumer clientId=consumer-inventory-service-1, groupId=inventory-service] Seeking to offset 2 for partition order-created-topic-0
12-08-2026 17:48:33.710 [org.springframework.kafka.KafkaListenerEndpointContainer#0-0-C-1] [-] INFO  inventory-service-o.s.k.l.KafkaMessageListenerContainer.info - Record in retry and not yet recovered
12-08-2026 17:48:36.255 [org.springframework.kafka.KafkaListenerEndpointContainer#0-0-C-1] [-] INFO  inventory-service-o.a.k.c.c.i.ClassicKafkaConsumer.seek - [Consumer clientId=consumer-inventory-service-1, groupId=inventory-service] Seeking to offset 2 for partition order-created-topic-0
12-08-2026 17:48:36.255 [org.springframework.kafka.KafkaListenerEndpointContainer#0-0-C-1] [-] INFO  inventory-service-o.s.k.l.KafkaMessageListenerContainer.info - Record in retry and not yet recovered
12-08-2026 17:53:29.996 [kafka-coordinator-heartbeat-thread | inventory-service] [-] INFO  inventory-service-o.a.k.c.c.i.ConsumerCoordinator.markCoordinatorUnknown - [Consumer clientId=consumer-inventory-service-1, groupId=inventory-service] Group coordinator localhost:9092 (id: 2147483646 rack: null isFenced: false) is unavailable or invalid due to cause: session timed out without receiving a heartbeat response. isDisconnected: false. Rediscovery will be attempted.
12-08-2026 17:53:29.997 [kafka-coordinator-heartbeat-thread | inventory-service] [-] INFO  inventory-service-o.a.k.c.c.i.ConsumerCoordinator.markCoordinatorUnknown - [Consumer clientId=consumer-inventory-service-1, groupId=inventory-service] Requesting disconnect from last known coordinator localhost:9092 (id: 2147483646 rack: null isFenced: false)
12-08-2026 17:53:29.997 [kafka-coordinator-heartbeat-thread | inventory-service] [-] INFO  inventory-service-o.apache.kafka.clients.NetworkClient.disconnect - [Consumer clientId=consumer-inventory-service-1, groupId=inventory-service] Client requested disconnect from node 2147483646
12-08-2026 17:53:30.000 [HikariPool-1:housekeeper] [-] WARN  inventory-service-com.zaxxer.hikari.pool.HikariPool.run - HikariPool-1 - Thread starvation or clock leap detected (housekeeper delta=4m40s373ms598µs200ns).
12-08-2026 17:53:30.013 [AsyncResolver-bootstrap-executor-%d] [-] INFO  inventory-service-c.n.d.s.r.aws.ConfigClusterResolver.getClusterEndpoints - Resolving eureka endpoints via configuration
12-08-2026 17:53:30.022 [DiscoveryClient-HeartbeatExecutor-%d] [-] INFO  inventory-service-c.netflix.discovery.DiscoveryClient.renew - DiscoveryClient_INVENTORY-SERVICE/DESKTOP-5CC3FG7.mshome.net:inventory-service:9030 - Re-registering apps/INVENTORY-SERVICE
12-08-2026 17:53:30.023 [DiscoveryClient-HeartbeatExecutor-%d] [-] INFO  inventory-service-c.netflix.discovery.DiscoveryClient.register - DiscoveryClient_INVENTORY-SERVICE/DESKTOP-5CC3FG7.mshome.net:inventory-service:9030: registering service...
12-08-2026 17:53:30.025 [org.springframework.kafka.KafkaListenerEndpointContainer#0-0-C-1] [-] INFO  inventory-service-o.a.k.c.c.i.ClassicKafkaConsumer.seek - [Consumer clientId=consumer-inventory-service-1, groupId=inventory-service] Seeking to offset 2 for partition order-created-topic-0
12-08-2026 17:53:30.025 [org.springframework.kafka.KafkaListenerEndpointContainer#0-0-C-1] [-] INFO  inventory-service-o.s.k.l.KafkaMessageListenerContainer.info - Record in retry and not yet recovered
12-08-2026 17:53:30.029 [DiscoveryClient-HeartbeatExecutor-%d] [-] INFO  inventory-service-c.netflix.discovery.DiscoveryClient.register - DiscoveryClient_INVENTORY-SERVICE/DESKTOP-5CC3FG7.mshome.net:inventory-service:9030 - registration status: 204
12-08-2026 17:53:30.030 [org.springframework.kafka.KafkaListenerEndpointContainer#0-0-C-1] [-] INFO  inventory-service-o.a.k.c.c.i.ConsumerCoordinator.onSuccess - [Consumer clientId=consumer-inventory-service-1, groupId=inventory-service] Discovered group coordinator localhost:9092 (id: 2147483646 rack: null isFenced: false)
12-08-2026 17:53:30.031 [org.springframework.kafka.KafkaListenerEndpointContainer#0-0-C-1] [-] INFO  inventory-service-o.a.k.c.c.i.ConsumerCoordinator.markCoordinatorUnknown - [Consumer clientId=consumer-inventory-service-1, groupId=inventory-service] Group coordinator localhost:9092 (id: 2147483646 rack: null isFenced: false) is unavailable or invalid due to cause: coordinator unavailable. isDisconnected: false. Rediscovery will be attempted.
12-08-2026 17:53:30.031 [org.springframework.kafka.KafkaListenerEndpointContainer#0-0-C-1] [-] INFO  inventory-service-o.a.k.c.c.i.ConsumerCoordinator.markCoordinatorUnknown - [Consumer clientId=consumer-inventory-service-1, groupId=inventory-service] Requesting disconnect from last known coordinator localhost:9092 (id: 2147483646 rack: null isFenced: false)
12-08-2026 17:53:30.080 [SpringApplicationShutdownHook] [-] INFO  inventory-service-o.s.c.n.e.s.EurekaServiceRegistry.deregister - Unregistering application INVENTORY-SERVICE with eureka with status DOWN
12-08-2026 17:53:30.081 [SpringApplicationShutdownHook] [-] INFO  inventory-service-c.netflix.discovery.DiscoveryClient.notify - Saw local status change event StatusChangeEvent [timestamp=1786537410081, current=DOWN, previous=UP]
12-08-2026 17:53:30.081 [DiscoveryClient-InstanceInfoReplicator-%d] [-] INFO  inventory-service-c.netflix.discovery.DiscoveryClient.register - DiscoveryClient_INVENTORY-SERVICE/DESKTOP-5CC3FG7.mshome.net:inventory-service:9030: registering service...
12-08-2026 17:53:30.084 [DiscoveryClient-InstanceInfoReplicator-%d] [-] INFO  inventory-service-c.netflix.discovery.DiscoveryClient.register - DiscoveryClient_INVENTORY-SERVICE/DESKTOP-5CC3FG7.mshome.net:inventory-service:9030 - registration status: 204
12-08-2026 17:53:30.146 [org.springframework.kafka.KafkaListenerEndpointContainer#0-0-C-1] [-] INFO  inventory-service-o.a.k.c.c.i.ConsumerRebalanceListenerInvoker.invokePartitionsRevoked - [Consumer clientId=consumer-inventory-service-1, groupId=inventory-service] Revoke previously assigned partitions [order-created-topic-0, order-created-topic-1, order-created-topic-2]
12-08-2026 17:53:30.146 [org.springframework.kafka.KafkaListenerEndpointContainer#0-0-C-1] [-] INFO  inventory-service-o.s.k.l.KafkaMessageListenerContainer.info - inventory-service: partitions revoked: [order-created-topic-0, order-created-topic-1, order-created-topic-2]
12-08-2026 17:53:30.148 [org.springframework.kafka.KafkaListenerEndpointContainer#0-0-C-1] [-] INFO  inventory-service-o.a.k.c.c.i.ConsumerCoordinator.resetStateAndGeneration - [Consumer clientId=consumer-inventory-service-1, groupId=inventory-service] Resetting generation and member id due to: consumer pro-actively leaving the group
12-08-2026 17:53:30.148 [org.springframework.kafka.KafkaListenerEndpointContainer#0-0-C-1] [-] INFO  inventory-service-o.a.k.c.c.i.ConsumerCoordinator.requestRejoin - [Consumer clientId=consumer-inventory-service-1, groupId=inventory-service] Request joining group due to: consumer pro-actively leaving the group
12-08-2026 17:53:30.149 [org.springframework.kafka.KafkaListenerEndpointContainer#0-0-C-1] [-] INFO  inventory-service-o.a.k.c.c.i.ClassicKafkaConsumer.unsubscribe - [Consumer clientId=consumer-inventory-service-1, groupId=inventory-service] Unsubscribed all topics or patterns and assigned partitions
12-08-2026 17:53:30.156 [org.springframework.kafka.KafkaListenerEndpointContainer#0-0-C-1] [-] INFO  inventory-service-o.a.k.c.c.i.ConsumerCoordinator.resetStateAndGeneration - [Consumer clientId=consumer-inventory-service-1, groupId=inventory-service] Resetting generation and member id due to: consumer pro-actively leaving the group
12-08-2026 17:53:30.156 [org.springframework.kafka.KafkaListenerEndpointContainer#0-0-C-1] [-] INFO  inventory-service-o.a.k.c.c.i.ConsumerCoordinator.requestRejoin - [Consumer clientId=consumer-inventory-service-1, groupId=inventory-service] Request joining group due to: consumer pro-actively leaving the group
12-08-2026 17:53:30.160 [org.springframework.kafka.KafkaListenerEndpointContainer#0-0-C-1] [-] INFO  inventory-service-o.a.k.c.c.i.ConsumerCoordinator.onSuccess - [Consumer clientId=consumer-inventory-service-1, groupId=inventory-service] Discovered group coordinator localhost:9092 (id: 2147483646 rack: null isFenced: false)
12-08-2026 17:53:30.165 [org.springframework.kafka.KafkaListenerEndpointContainer#0-0-C-1] [-] INFO  inventory-service-o.a.kafka.common.metrics.Metrics.close - Metrics scheduler closed
12-08-2026 17:53:30.166 [org.springframework.kafka.KafkaListenerEndpointContainer#0-0-C-1] [-] INFO  inventory-service-o.a.kafka.common.metrics.Metrics.close - Closing reporter org.apache.kafka.common.metrics.JmxReporter
12-08-2026 17:53:30.166 [org.springframework.kafka.KafkaListenerEndpointContainer#0-0-C-1] [-] INFO  inventory-service-o.a.kafka.common.metrics.Metrics.close - Closing reporter org.apache.kafka.common.telemetry.internals.ClientTelemetryReporter
12-08-2026 17:53:30.166 [org.springframework.kafka.KafkaListenerEndpointContainer#0-0-C-1] [-] INFO  inventory-service-o.a.kafka.common.metrics.Metrics.close - Metrics reporters closed
12-08-2026 17:53:30.178 [org.springframework.kafka.KafkaListenerEndpointContainer#0-0-C-1] [-] INFO  inventory-service-o.a.kafka.common.utils.AppInfoParser.unregisterAppInfo - App info kafka.consumer for consumer-inventory-service-1 unregistered
12-08-2026 17:53:30.180 [org.springframework.kafka.KafkaListenerEndpointContainer#0-0-C-1] [-] INFO  inventory-service-o.s.k.l.KafkaMessageListenerContainer.info - inventory-service: Consumer stopped
12-08-2026 17:53:30.185 [SpringApplicationShutdownHook] [-] INFO  inventory-service-o.s.boot.tomcat.GracefulShutdown.shutDownGracefully - Commencing graceful shutdown. Waiting for active requests to complete
12-08-2026 17:53:30.195 [tomcat-shutdown] [-] INFO  inventory-service-o.s.boot.tomcat.GracefulShutdown.doShutdown - Graceful shutdown complete
12-08-2026 17:53:30.211 [SpringApplicationShutdownHook] [-] INFO  inventory-service-o.s.o.j.LocalContainerEntityManagerFactoryBean.destroy - Closing JPA EntityManagerFactory for persistence unit 'default'
12-08-2026 17:53:30.269 [SpringApplicationShutdownHook] [-] INFO  inventory-service-com.zaxxer.hikari.HikariDataSource.close - HikariPool-1 - Shutdown initiated...
12-08-2026 17:53:30.284 [SpringApplicationShutdownHook] [-] INFO  inventory-service-com.zaxxer.hikari.HikariDataSource.close - HikariPool-1 - Shutdown completed.
12-08-2026 17:53:31.290 [SpringApplicationShutdownHook] [-] INFO  inventory-service-c.netflix.discovery.DiscoveryClient.shutdown - Shutting down DiscoveryClient ...
12-08-2026 17:53:34.292 [SpringApplicationShutdownHook] [-] INFO  inventory-service-c.netflix.discovery.DiscoveryClient.unregister - Unregistering ...
12-08-2026 17:53:34.300 [SpringApplicationShutdownHook] [-] INFO  inventory-service-c.netflix.discovery.DiscoveryClient.unregister - DiscoveryClient_INVENTORY-SERVICE/DESKTOP-5CC3FG7.mshome.net:inventory-service:9030 - deregister  status: 200
12-08-2026 17:53:34.300 [SpringApplicationShutdownHook] [-] INFO  inventory-service-c.netflix.discovery.DiscoveryClient.shutdown - Completed shut down of DiscoveryClient
12-08-2026 17:53:47.394 [main] [-] INFO  inventory-service-c.n.i.InventoryServiceApplication.logStarting - Starting InventoryServiceApplication using Java 25.0.3 with PID 2796 (C:\Users\Admin\Documents\SpringBoot_learnings\eCommerce\inventory-service\target\classes started by Admin in C:\Users\Admin\Documents\SpringBoot_learnings\eCommerce)
12-08-2026 17:53:47.403 [main] [-] INFO  inventory-service-c.n.i.InventoryServiceApplication.logStartupProfileInfo - No active profile set, falling back to 1 default profile: "default"
12-08-2026 17:53:47.597 [main] [-] INFO  inventory-service-o.s.c.c.c.ConfigServerConfigDataLoader.log - Fetching config from server at : http://localhost:8888
12-08-2026 17:53:47.597 [main] [-] INFO  inventory-service-o.s.c.c.c.ConfigServerConfigDataLoader.log - Located environment: name=inventory-service, profiles=[default], label=null, version=0ea68e7bd44f5a1fe092f8c5aa4a27ddfcec0fa8, state=
12-08-2026 17:53:50.107 [main] [-] INFO  inventory-service-o.s.d.r.c.RepositoryConfigurationDelegate.registerRepositoriesIn - Bootstrapping Spring Data JPA repositories in DEFAULT mode.
12-08-2026 17:53:50.411 [main] [-] INFO  inventory-service-o.s.d.r.c.RepositoryConfigurationDelegate.registerRepositoriesIn - Finished Spring Data repository scanning in 282 ms. Found 1 JPA repository interface.
12-08-2026 17:53:51.383 [main] [-] INFO  inventory-service-o.s.cloud.context.scope.GenericScope.setSerializationId - BeanFactory id=72fd837d-ddf5-31f0-9e51-ac3377db1a75
12-08-2026 17:53:52.229 [main] [-] INFO  inventory-service-o.s.boot.tomcat.TomcatWebServer.initialize - Tomcat initialized with port 9030 (http)
12-08-2026 17:53:52.261 [main] [-] INFO  inventory-service-o.a.coyote.http11.Http11NioProtocol.log - Initializing ProtocolHandler ["http-nio-9030"]
12-08-2026 17:53:52.266 [main] [-] INFO  inventory-service-o.a.catalina.core.StandardService.log - Starting service [Tomcat]
12-08-2026 17:53:52.268 [main] [-] INFO  inventory-service-o.a.catalina.core.StandardEngine.log - Starting Servlet engine: [Apache Tomcat/11.0.22]
12-08-2026 17:53:52.494 [main] [-] INFO  inventory-service-o.s.b.w.c.s.WebApplicationContextInitializer.prepareWebApplicationContext - Root WebApplicationContext: initialization completed in 4891 ms
12-08-2026 17:53:54.012 [main] [-] INFO  inventory-service-org.hibernate.orm.jpa.logPersistenceUnitInformation - HHH008540: Processing PersistenceUnitInfo [name: default]
12-08-2026 17:53:54.144 [main] [-] INFO  inventory-service-org.hibernate.orm.core.logVersion - HHH000001: Hibernate ORM core version 7.4.1.Final
12-08-2026 17:53:55.079 [main] [-] INFO  inventory-service-o.s.o.j.p.SpringPersistenceUnitInfo.addTransformer - No LoadTimeWeaver setup: ignoring JPA class transformer
12-08-2026 17:53:55.144 [main] [-] INFO  inventory-service-com.zaxxer.hikari.HikariDataSource.getConnection - HikariPool-1 - Starting...
12-08-2026 17:53:55.420 [main] [-] INFO  inventory-service-com.zaxxer.hikari.pool.HikariPool.checkFailFast - HikariPool-1 - Added connection com.mysql.cj.jdbc.ConnectionImpl@7c045627
12-08-2026 17:53:55.424 [main] [-] INFO  inventory-service-com.zaxxer.hikari.HikariDataSource.getConnection - HikariPool-1 - Start completed.
12-08-2026 17:53:55.567 [main] [-] INFO  inventory-service-o.hibernate.orm.connections.pooling.logConnectionInfo - HHH10001005: Database info:
	Database JDBC URL [jdbc:mysql://localhost:3306/inventorydb?useSSL=false]
	Database driver: MySQL Connector/J
	Database dialect: MySQLDialect
	Database version: 8.0.46
	Default catalog/schema: inventorydb/undefined
	Autocommit mode: undefined/unknown
	Isolation level: REPEATABLE_READ [default REPEATABLE_READ]
	JDBC fetch size: none
	Pool: DataSourceConnectionProvider
	Minimum pool size: undefined/unknown
	Maximum pool size: undefined/unknown
12-08-2026 17:53:57.677 [main] [-] INFO  inventory-service-org.hibernate.orm.core.initiateService - HHH000489: No JTA platform available (set 'hibernate.transaction.jta.platform' to enable JTA platform integration)
12-08-2026 17:53:57.819 [main] [-] INFO  inventory-service-o.s.o.j.LocalContainerEntityManagerFactoryBean.buildNativeEntityManagerFactory - Initialized JPA EntityManagerFactory for persistence unit 'default'
12-08-2026 17:53:58.039 [main] [-] INFO  inventory-service-o.s.d.j.r.q.QueryEnhancerFactories.<clinit> - Hibernate is in classpath; If applicable, HQL parser will be used.
12-08-2026 17:53:58.673 [main] [-] WARN  inventory-service-o.s.b.j.a.JpaBaseConfiguration$JpaWebConfiguration.openEntityManagerInViewInterceptor - spring.jpa.open-in-view is enabled by default. Therefore, database queries may be performed during view rendering. Explicitly configure spring.jpa.open-in-view to disable this warning
12-08-2026 17:53:58.777 [main] [-] INFO  inventory-service-o.s.c.o.FeignClientFactoryBean.getTarget - For 'order-service' URL not provided. Will try picking an instance via load-balancing.
12-08-2026 17:54:00.103 [main] [-] INFO  inventory-service-o.s.c.n.e.c.DiscoveryClientOptionalArgsConfiguration.restClientDiscoveryClientOptionalArgs - Eureka HTTP Client uses RestClient.
12-08-2026 17:54:00.156 [main] [-] WARN  inventory-service-o.s.c.l.c.LoadBalancerCacheAutoConfiguration$LoadBalancerCaffeineWarnLogger.afterPropertiesSet - Spring Cloud LoadBalancer is currently working with the default cache. While this cache implementation is useful for development and tests, it's recommended to use Caffeine cache in production.You can switch to using Caffeine cache, by adding it and org.springframework.cache.caffeine.CaffeineCacheManager to the classpath.
12-08-2026 17:54:00.191 [main] [-] INFO  inventory-service-o.s.b.a.e.web.EndpointLinksResolver.<init> - Exposing 16 endpoints beneath base path '/actuator'
12-08-2026 17:54:00.462 [main] [-] INFO  inventory-service-o.a.k.common.config.AbstractConfig.logAll - AdminClientConfig values: 
	bootstrap.controllers = []
	bootstrap.servers = [localhost:9092]
	client.dns.lookup = use_all_dns_ips
	client.id = inventory-service-admin-0
	config.providers = []
	connections.max.idle.ms = 300000
	default.api.timeout.ms = 60000
	enable.metrics.push = false
	metadata.max.age.ms = 300000
	metadata.recovery.rebootstrap.trigger.ms = 300000
	metadata.recovery.strategy = rebootstrap
	metric.reporters = [org.apache.kafka.common.metrics.JmxReporter]
	metrics.num.samples = 2
	metrics.recording.level = INFO
	metrics.sample.window.ms = 30000
	receive.buffer.bytes = 65536
	reconnect.backoff.max.ms = 1000
	reconnect.backoff.ms = 50
	request.timeout.ms = 30000
	retries = 2147483647
	retry.backoff.max.ms = 1000
	retry.backoff.ms = 100
	sasl.client.callback.handler.class = null
	sasl.jaas.config = null
	sasl.kerberos.kinit.cmd = /usr/bin/kinit
	sasl.kerberos.min.time.before.relogin = 60000
	sasl.kerberos.service.name = null
	sasl.kerberos.ticket.renew.jitter = 0.05
	sasl.kerberos.ticket.renew.window.factor = 0.8
	sasl.login.callback.handler.class = null
	sasl.login.class = null
	sasl.login.connect.timeout.ms = null
	sasl.login.read.timeout.ms = null
	sasl.login.refresh.buffer.seconds = 300
	sasl.login.refresh.min.period.seconds = 60
	sasl.login.refresh.window.factor = 0.8
	sasl.login.refresh.window.jitter = 0.05
	sasl.login.retry.backoff.max.ms = 10000
	sasl.login.retry.backoff.ms = 100
	sasl.mechanism = GSSAPI
	sasl.oauthbearer.assertion.algorithm = RS256
	sasl.oauthbearer.assertion.claim.aud = null
	sasl.oauthbearer.assertion.claim.exp.seconds = 300
	sasl.oauthbearer.assertion.claim.iss = null
	sasl.oauthbearer.assertion.claim.jti.include = false
	sasl.oauthbearer.assertion.claim.nbf.seconds = 60
	sasl.oauthbearer.assertion.claim.sub = null
	sasl.oauthbearer.assertion.file = null
	sasl.oauthbearer.assertion.private.key.file = null
	sasl.oauthbearer.assertion.private.key.passphrase = null
	sasl.oauthbearer.assertion.template.file = null
	sasl.oauthbearer.client.credentials.client.id = null
	sasl.oauthbearer.client.credentials.client.secret = null
	sasl.oauthbearer.clock.skew.seconds = 30
	sasl.oauthbearer.expected.audience = []
	sasl.oauthbearer.expected.issuer = null
	sasl.oauthbearer.header.urlencode = false
	sasl.oauthbearer.jwks.endpoint.refresh.ms = 3600000
	sasl.oauthbearer.jwks.endpoint.retry.backoff.max.ms = 10000
	sasl.oauthbearer.jwks.endpoint.retry.backoff.ms = 100
	sasl.oauthbearer.jwks.endpoint.url = null
	sasl.oauthbearer.jwt.retriever.class = class org.apache.kafka.common.security.oauthbearer.DefaultJwtRetriever
	sasl.oauthbearer.jwt.validator.class = class org.apache.kafka.common.security.oauthbearer.DefaultJwtValidator
	sasl.oauthbearer.scope = null
	sasl.oauthbearer.scope.claim.name = scope
	sasl.oauthbearer.sub.claim.name = sub
	sasl.oauthbearer.token.endpoint.url = null
	security.protocol = PLAINTEXT
	security.providers = null
	send.buffer.bytes = 131072
	socket.connection.setup.timeout.max.ms = 30000
	socket.connection.setup.timeout.ms = 10000
	ssl.cipher.suites = []
	ssl.enabled.protocols = [TLSv1.2, TLSv1.3]
	ssl.endpoint.identification.algorithm = https
	ssl.engine.factory.class = null
	ssl.key.password = null
	ssl.keymanager.algorithm = SunX509
	ssl.keystore.certificate.chain = null
	ssl.keystore.key = null
	ssl.keystore.location = null
	ssl.keystore.password = null
	ssl.keystore.type = JKS
	ssl.protocol = TLSv1.3
	ssl.provider = null
	ssl.secure.random.implementation = null
	ssl.trustmanager.algorithm = PKIX
	ssl.truststore.certificates = null
	ssl.truststore.location = null
	ssl.truststore.password = null
	ssl.truststore.type = JKS

12-08-2026 17:54:00.777 [main] [-] INFO  inventory-service-o.a.kafka.common.utils.AppInfoParser.<init> - Kafka version: 4.2.1
12-08-2026 17:54:00.778 [main] [-] INFO  inventory-service-o.a.kafka.common.utils.AppInfoParser.<init> - Kafka commitId: 92f61c44867f39dc
12-08-2026 17:54:00.778 [main] [-] INFO  inventory-service-o.a.kafka.common.utils.AppInfoParser.<init> - Kafka startTimeMs: 1786537440774
12-08-2026 17:54:01.823 [main] [-] INFO  inventory-service-o.a.kafka.common.metrics.Metrics.close - Metrics scheduler closed
12-08-2026 17:54:01.823 [main] [-] INFO  inventory-service-o.a.kafka.common.metrics.Metrics.close - Closing reporter org.apache.kafka.common.metrics.JmxReporter
12-08-2026 17:54:01.823 [main] [-] INFO  inventory-service-o.a.kafka.common.metrics.Metrics.close - Metrics reporters closed
12-08-2026 17:54:01.825 [kafka-admin-client-thread | inventory-service-admin-0] [-] INFO  inventory-service-o.a.kafka.common.utils.AppInfoParser.unregisterAppInfo - App info kafka.admin.client for inventory-service-admin-0 unregistered
12-08-2026 17:54:01.833 [kafka-admin-client-thread | inventory-service-admin-0] [-] INFO  inventory-service-o.a.kafka.common.metrics.Metrics.close - Metrics scheduler closed
12-08-2026 17:54:01.833 [kafka-admin-client-thread | inventory-service-admin-0] [-] INFO  inventory-service-o.a.kafka.common.metrics.Metrics.close - Closing reporter org.apache.kafka.common.metrics.JmxReporter
12-08-2026 17:54:01.834 [kafka-admin-client-thread | inventory-service-admin-0] [-] INFO  inventory-service-o.a.kafka.common.metrics.Metrics.close - Metrics reporters closed
12-08-2026 17:54:01.859 [main] [-] INFO  inventory-service-o.s.c.n.eureka.InstanceInfoFactory.create - Setting initial instance status as: STARTING
12-08-2026 17:54:01.916 [main] [-] INFO  inventory-service-c.netflix.discovery.DiscoveryClient.<init> - Initializing Eureka in region us-east-1
12-08-2026 17:54:01.926 [main] [-] INFO  inventory-service-c.n.d.s.r.aws.ConfigClusterResolver.getClusterEndpoints - Resolving eureka endpoints via configuration
12-08-2026 17:54:01.951 [main] [-] INFO  inventory-service-c.netflix.discovery.DiscoveryClient.fetchRegistry - Disable delta property : false
12-08-2026 17:54:01.951 [main] [-] INFO  inventory-service-c.netflix.discovery.DiscoveryClient.fetchRegistry - Single vip registry refresh property : null
12-08-2026 17:54:01.952 [main] [-] INFO  inventory-service-c.netflix.discovery.DiscoveryClient.fetchRegistry - Force full registry fetch : false
12-08-2026 17:54:01.952 [main] [-] INFO  inventory-service-c.netflix.discovery.DiscoveryClient.fetchRegistry - Application is null : false
12-08-2026 17:54:01.952 [main] [-] INFO  inventory-service-c.netflix.discovery.DiscoveryClient.fetchRegistry - Registered Applications size is zero : true
12-08-2026 17:54:01.953 [main] [-] INFO  inventory-service-c.netflix.discovery.DiscoveryClient.fetchRegistry - Application version is -1: true
12-08-2026 17:54:01.953 [main] [-] INFO  inventory-service-c.netflix.discovery.DiscoveryClient.getAndStoreFullRegistry - Getting all instance registry info from the eureka server
12-08-2026 17:54:02.286 [main] [-] INFO  inventory-service-c.netflix.discovery.DiscoveryClient.getAndStoreFullRegistry - The response status is 200
12-08-2026 17:54:02.289 [main] [-] INFO  inventory-service-c.netflix.discovery.DiscoveryClient.initScheduledTasks - Starting heartbeat executor: renew interval is: 10
12-08-2026 17:54:02.293 [main] [-] INFO  inventory-service-c.n.discovery.InstanceInfoReplicator.<init> - InstanceInfoReplicator onDemand update allowed rate per min is 4
12-08-2026 17:54:02.295 [main] [-] INFO  inventory-service-c.netflix.discovery.DiscoveryClient.<init> - Discovery Client initialized at timestamp 1786537442295 with initial instances count: 2
12-08-2026 17:54:02.301 [main] [-] INFO  inventory-service-o.s.c.n.e.s.EurekaServiceRegistry.register - Registering application INVENTORY-SERVICE with eureka with status UP
12-08-2026 17:54:02.303 [main] [-] INFO  inventory-service-c.netflix.discovery.DiscoveryClient.notify - Saw local status change event StatusChangeEvent [timestamp=1786537442303, current=UP, previous=STARTING]
12-08-2026 17:54:02.307 [DiscoveryClient-InstanceInfoReplicator-%d] [-] INFO  inventory-service-c.netflix.discovery.DiscoveryClient.register - DiscoveryClient_INVENTORY-SERVICE/DESKTOP-5CC3FG7.mshome.net:inventory-service:9030: registering service...
12-08-2026 17:54:02.307 [main] [-] INFO  inventory-service-o.a.coyote.http11.Http11NioProtocol.log - Starting ProtocolHandler ["http-nio-9030"]
12-08-2026 17:54:02.326 [main] [-] INFO  inventory-service-o.s.boot.tomcat.TomcatWebServer.start - Tomcat started on port 9030 (http) with context path '/inventory'
12-08-2026 17:54:02.328 [main] [-] INFO  inventory-service-o.s.c.n.e.s.EurekaAutoServiceRegistration.onApplicationEvent - Updating port to 9030
12-08-2026 17:54:02.387 [DiscoveryClient-InstanceInfoReplicator-%d] [-] INFO  inventory-service-c.netflix.discovery.DiscoveryClient.register - DiscoveryClient_INVENTORY-SERVICE/DESKTOP-5CC3FG7.mshome.net:inventory-service:9030 - registration status: 204
12-08-2026 17:54:02.411 [main] [-] INFO  inventory-service-o.a.k.common.config.AbstractConfig.logAll - ConsumerConfig values: 
	allow.auto.create.topics = true
	auto.commit.interval.ms = 5000
	auto.offset.reset = latest
	bootstrap.servers = [localhost:9092]
	check.crcs = true
	client.dns.lookup = use_all_dns_ips
	client.id = consumer-inventory-service-1
	client.rack = 
	config.providers = []
	connections.max.idle.ms = 540000
	default.api.timeout.ms = 60000
	enable.auto.commit = false
	enable.metrics.push = true
	exclude.internal.topics = true
	fetch.max.bytes = 52428800
	fetch.max.wait.ms = 500
	fetch.min.bytes = 1
	group.id = inventory-service
	group.instance.id = null
	group.protocol = classic
	group.remote.assignor = null
	heartbeat.interval.ms = 3000
	interceptor.classes = []
	internal.throw.on.fetch.stable.offset.unsupported = false
	isolation.level = read_uncommitted
	key.deserializer = class org.apache.kafka.common.serialization.LongDeserializer
	max.partition.fetch.bytes = 1048576
	max.poll.interval.ms = 300000
	max.poll.records = 500
	metadata.max.age.ms = 300000
	metadata.recovery.rebootstrap.trigger.ms = 300000
	metadata.recovery.strategy = rebootstrap
	metric.reporters = [org.apache.kafka.common.metrics.JmxReporter]
	metrics.num.samples = 2
	metrics.recording.level = INFO
	metrics.sample.window.ms = 30000
	partition.assignment.strategy = [class org.apache.kafka.clients.consumer.RangeAssignor, class org.apache.kafka.clients.consumer.CooperativeStickyAssignor]
	receive.buffer.bytes = 65536
	reconnect.backoff.max.ms = 1000
	reconnect.backoff.ms = 50
	request.timeout.ms = 30000
	retry.backoff.max.ms = 1000
	retry.backoff.ms = 100
	sasl.client.callback.handler.class = null
	sasl.jaas.config = null
	sasl.kerberos.kinit.cmd = /usr/bin/kinit
	sasl.kerberos.min.time.before.relogin = 60000
	sasl.kerberos.service.name = null
	sasl.kerberos.ticket.renew.jitter = 0.05
	sasl.kerberos.ticket.renew.window.factor = 0.8
	sasl.login.callback.handler.class = null
	sasl.login.class = null
	sasl.login.connect.timeout.ms = null
	sasl.login.read.timeout.ms = null
	sasl.login.refresh.buffer.seconds = 300
	sasl.login.refresh.min.period.seconds = 60
	sasl.login.refresh.window.factor = 0.8
	sasl.login.refresh.window.jitter = 0.05
	sasl.login.retry.backoff.max.ms = 10000
	sasl.login.retry.backoff.ms = 100
	sasl.mechanism = GSSAPI
	sasl.oauthbearer.assertion.algorithm = RS256
	sasl.oauthbearer.assertion.claim.aud = null
	sasl.oauthbearer.assertion.claim.exp.seconds = 300
	sasl.oauthbearer.assertion.claim.iss = null
	sasl.oauthbearer.assertion.claim.jti.include = false
	sasl.oauthbearer.assertion.claim.nbf.seconds = 60
	sasl.oauthbearer.assertion.claim.sub = null
	sasl.oauthbearer.assertion.file = null
	sasl.oauthbearer.assertion.private.key.file = null
	sasl.oauthbearer.assertion.private.key.passphrase = null
	sasl.oauthbearer.assertion.template.file = null
	sasl.oauthbearer.client.credentials.client.id = null
	sasl.oauthbearer.client.credentials.client.secret = null
	sasl.oauthbearer.clock.skew.seconds = 30
	sasl.oauthbearer.expected.audience = []
	sasl.oauthbearer.expected.issuer = null
	sasl.oauthbearer.header.urlencode = false
	sasl.oauthbearer.jwks.endpoint.refresh.ms = 3600000
	sasl.oauthbearer.jwks.endpoint.retry.backoff.max.ms = 10000
	sasl.oauthbearer.jwks.endpoint.retry.backoff.ms = 100
	sasl.oauthbearer.jwks.endpoint.url = null
	sasl.oauthbearer.jwt.retriever.class = class org.apache.kafka.common.security.oauthbearer.DefaultJwtRetriever
	sasl.oauthbearer.jwt.validator.class = class org.apache.kafka.common.security.oauthbearer.DefaultJwtValidator
	sasl.oauthbearer.scope = null
	sasl.oauthbearer.scope.claim.name = scope
	sasl.oauthbearer.sub.claim.name = sub
	sasl.oauthbearer.token.endpoint.url = null
	security.protocol = PLAINTEXT
	security.providers = null
	send.buffer.bytes = 131072
	session.timeout.ms = 45000
	share.acknowledgement.mode = implicit
	share.acquire.mode = BATCH_OPTIMIZED
	socket.connection.setup.timeout.max.ms = 30000
	socket.connection.setup.timeout.ms = 10000
	ssl.cipher.suites = []
	ssl.enabled.protocols = [TLSv1.2, TLSv1.3]
	ssl.endpoint.identification.algorithm = https
	ssl.engine.factory.class = null
	ssl.key.password = null
	ssl.keymanager.algorithm = SunX509
	ssl.keystore.certificate.chain = null
	ssl.keystore.key = null
	ssl.keystore.location = null
	ssl.keystore.password = null
	ssl.keystore.type = JKS
	ssl.protocol = TLSv1.3
	ssl.provider = null
	ssl.secure.random.implementation = null
	ssl.trustmanager.algorithm = PKIX
	ssl.truststore.certificates = null
	ssl.truststore.location = null
	ssl.truststore.password = null
	ssl.truststore.type = JKS
	value.deserializer = class org.springframework.kafka.support.serializer.JacksonJsonDeserializer

12-08-2026 17:54:02.506 [main] [-] INFO  inventory-service-o.a.k.c.t.i.KafkaMetricsCollector.init - initializing Kafka metrics collector
12-08-2026 17:54:02.627 [main] [-] INFO  inventory-service-o.a.kafka.common.utils.AppInfoParser.<init> - Kafka version: 4.2.1
12-08-2026 17:54:02.627 [main] [-] INFO  inventory-service-o.a.kafka.common.utils.AppInfoParser.<init> - Kafka commitId: 92f61c44867f39dc
12-08-2026 17:54:02.627 [main] [-] INFO  inventory-service-o.a.kafka.common.utils.AppInfoParser.<init> - Kafka startTimeMs: 1786537442626
12-08-2026 17:54:02.642 [main] [-] INFO  inventory-service-o.a.k.c.c.i.ClassicKafkaConsumer.subscribeInternal - [Consumer clientId=consumer-inventory-service-1, groupId=inventory-service] Subscribed to topic(s): order-created-topic
12-08-2026 17:54:02.675 [main] [-] INFO  inventory-service-c.n.i.InventoryServiceApplication.logStarted - Started InventoryServiceApplication in 19.357 seconds (process running for 21.592)
12-08-2026 17:54:02.690 [org.springframework.kafka.KafkaListenerEndpointContainer#0-0-C-1] [-] INFO  inventory-service-org.apache.kafka.clients.Metadata.update - [Consumer clientId=consumer-inventory-service-1, groupId=inventory-service] Cluster ID: MkU3OEVBNTcwNTJENDM2Qk
12-08-2026 17:54:02.694 [org.springframework.kafka.KafkaListenerEndpointContainer#0-0-C-1] [-] INFO  inventory-service-o.a.k.c.c.i.ConsumerCoordinator.onSuccess - [Consumer clientId=consumer-inventory-service-1, groupId=inventory-service] Discovered group coordinator localhost:9092 (id: 2147483646 rack: null isFenced: false)
12-08-2026 17:54:02.698 [org.springframework.kafka.KafkaListenerEndpointContainer#0-0-C-1] [-] INFO  inventory-service-o.a.k.c.c.i.ConsumerCoordinator.sendJoinGroupRequest - [Consumer clientId=consumer-inventory-service-1, groupId=inventory-service] (Re-)joining group
12-08-2026 17:54:02.728 [org.springframework.kafka.KafkaListenerEndpointContainer#0-0-C-1] [-] INFO  inventory-service-o.a.k.c.c.i.ConsumerCoordinator.requestRejoin - [Consumer clientId=consumer-inventory-service-1, groupId=inventory-service] Request joining group due to: need to re-join with the given member-id: consumer-inventory-service-1-e8b79ed8-fcd2-4e93-afa4-784f1795bdeb
12-08-2026 17:54:02.730 [org.springframework.kafka.KafkaListenerEndpointContainer#0-0-C-1] [-] INFO  inventory-service-o.a.k.c.c.i.ConsumerCoordinator.sendJoinGroupRequest - [Consumer clientId=consumer-inventory-service-1, groupId=inventory-service] (Re-)joining group
12-08-2026 17:54:02.735 [org.springframework.kafka.KafkaListenerEndpointContainer#0-0-C-1] [-] INFO  inventory-service-o.a.k.c.c.i.ConsumerCoordinator.handle - [Consumer clientId=consumer-inventory-service-1, groupId=inventory-service] Successfully joined group with generation Generation{generationId=16, memberId='consumer-inventory-service-1-e8b79ed8-fcd2-4e93-afa4-784f1795bdeb', protocol='range'}
12-08-2026 17:54:02.754 [org.springframework.kafka.KafkaListenerEndpointContainer#0-0-C-1] [-] INFO  inventory-service-o.a.k.c.c.i.ConsumerCoordinator.onLeaderElected - [Consumer clientId=consumer-inventory-service-1, groupId=inventory-service] Finished assignment for group at generation 16: {consumer-inventory-service-1-e8b79ed8-fcd2-4e93-afa4-784f1795bdeb=Assignment(partitions=[order-created-topic-0, order-created-topic-1, order-created-topic-2])}
12-08-2026 17:54:02.765 [org.springframework.kafka.KafkaListenerEndpointContainer#0-0-C-1] [-] INFO  inventory-service-o.a.k.c.c.i.ConsumerCoordinator.handle - [Consumer clientId=consumer-inventory-service-1, groupId=inventory-service] Successfully synced group in generation Generation{generationId=16, memberId='consumer-inventory-service-1-e8b79ed8-fcd2-4e93-afa4-784f1795bdeb', protocol='range'}
12-08-2026 17:54:02.767 [org.springframework.kafka.KafkaListenerEndpointContainer#0-0-C-1] [-] INFO  inventory-service-o.a.k.c.c.i.ConsumerCoordinator.invokeOnAssignment - [Consumer clientId=consumer-inventory-service-1, groupId=inventory-service] Notifying assignor about the new Assignment(partitions=[order-created-topic-0, order-created-topic-1, order-created-topic-2])
12-08-2026 17:54:02.774 [org.springframework.kafka.KafkaListenerEndpointContainer#0-0-C-1] [-] INFO  inventory-service-o.a.k.c.c.i.ConsumerRebalanceListenerInvoker.invokePartitionsAssigned - [Consumer clientId=consumer-inventory-service-1, groupId=inventory-service] Adding newly assigned partitions: [order-created-topic-0, order-created-topic-1, order-created-topic-2]
12-08-2026 17:54:02.797 [org.springframework.kafka.KafkaListenerEndpointContainer#0-0-C-1] [-] INFO  inventory-service-o.a.k.c.c.internals.ConsumerUtils.refreshCommittedOffsets - Setting offset for partition order-created-topic-0 to the committed offset FetchPosition{offset=2, offsetEpoch=Optional.empty, currentLeader=LeaderAndEpoch{leader=Optional[localhost:9092 (id: 1 rack: null isFenced: false)], epoch=0}}
12-08-2026 17:54:02.800 [org.springframework.kafka.KafkaListenerEndpointContainer#0-0-C-1] [-] INFO  inventory-service-o.a.k.c.c.internals.ConsumerUtils.refreshCommittedOffsets - Setting offset for partition order-created-topic-2 to the committed offset FetchPosition{offset=0, offsetEpoch=Optional.empty, currentLeader=LeaderAndEpoch{leader=Optional[localhost:9092 (id: 1 rack: null isFenced: false)], epoch=0}}
12-08-2026 17:54:02.800 [org.springframework.kafka.KafkaListenerEndpointContainer#0-0-C-1] [-] INFO  inventory-service-o.a.k.c.c.internals.ConsumerUtils.refreshCommittedOffsets - Setting offset for partition order-created-topic-1 to the committed offset FetchPosition{offset=0, offsetEpoch=Optional.empty, currentLeader=LeaderAndEpoch{leader=Optional[localhost:9092 (id: 1 rack: null isFenced: false)], epoch=0}}
12-08-2026 17:54:02.802 [org.springframework.kafka.KafkaListenerEndpointContainer#0-0-C-1] [-] INFO  inventory-service-o.s.k.l.KafkaMessageListenerContainer.info - inventory-service: partitions assigned: [order-created-topic-0, order-created-topic-1, order-created-topic-2]
12-08-2026 17:56:55.897 [HikariPool-1:housekeeper] [-] WARN  inventory-service-com.zaxxer.hikari.pool.HikariPool.run - HikariPool-1 - Thread starvation or clock leap detected (housekeeper delta=3m371ms559µs600ns).
12-08-2026 17:56:55.897 [kafka-coordinator-heartbeat-thread | inventory-service] [-] INFO  inventory-service-o.apache.kafka.clients.NetworkClient.handleTimedOutRequests - [Consumer clientId=consumer-inventory-service-1, groupId=inventory-service] Disconnecting from node 1 due to request timeout.
12-08-2026 17:56:56.504 [kafka-coordinator-heartbeat-thread | inventory-service] [-] INFO  inventory-service-o.apache.kafka.clients.NetworkClient.cancelInFlightRequests - [Consumer clientId=consumer-inventory-service-1, groupId=inventory-service] Cancelled in-flight FETCH request with correlation id 15 due to node 1 being disconnected (elapsed time since creation: 173008ms, elapsed time since send: 173007ms, throttle time: 0ms, request timeout: 30000ms)
12-08-2026 17:56:56.506 [kafka-coordinator-heartbeat-thread | inventory-service] [-] INFO  inventory-service-o.a.k.clients.FetchSessionHandler.handleError - [Consumer clientId=consumer-inventory-service-1, groupId=inventory-service] Error sending fetch request (sessionId=629226866, epoch=1) to node 1:
org.apache.kafka.common.errors.DisconnectException
12-08-2026 17:56:56.986 [kafka-coordinator-heartbeat-thread | inventory-service] [-] INFO  inventory-service-o.a.k.c.c.i.ConsumerCoordinator.markCoordinatorUnknown - [Consumer clientId=consumer-inventory-service-1, groupId=inventory-service] Group coordinator localhost:9092 (id: 2147483646 rack: null isFenced: false) is unavailable or invalid due to cause: session timed out without receiving a heartbeat response. isDisconnected: false. Rediscovery will be attempted.
12-08-2026 17:56:56.986 [kafka-coordinator-heartbeat-thread | inventory-service] [-] INFO  inventory-service-o.a.k.c.c.i.ConsumerCoordinator.markCoordinatorUnknown - [Consumer clientId=consumer-inventory-service-1, groupId=inventory-service] Requesting disconnect from last known coordinator localhost:9092 (id: 2147483646 rack: null isFenced: false)
12-08-2026 17:56:56.986 [kafka-coordinator-heartbeat-thread | inventory-service] [-] INFO  inventory-service-o.apache.kafka.clients.NetworkClient.disconnect - [Consumer clientId=consumer-inventory-service-1, groupId=inventory-service] Client requested disconnect from node 2147483646
12-08-2026 17:56:57.741 [DiscoveryClient-HeartbeatExecutor-%d] [-] INFO  inventory-service-c.netflix.discovery.DiscoveryClient.renew - DiscoveryClient_INVENTORY-SERVICE/DESKTOP-5CC3FG7.mshome.net:inventory-service:9030 - Re-registering apps/INVENTORY-SERVICE
12-08-2026 17:56:57.741 [DiscoveryClient-HeartbeatExecutor-%d] [-] INFO  inventory-service-c.netflix.discovery.DiscoveryClient.register - DiscoveryClient_INVENTORY-SERVICE/DESKTOP-5CC3FG7.mshome.net:inventory-service:9030: registering service...
12-08-2026 17:56:57.746 [DiscoveryClient-HeartbeatExecutor-%d] [-] INFO  inventory-service-c.netflix.discovery.DiscoveryClient.register - DiscoveryClient_INVENTORY-SERVICE/DESKTOP-5CC3FG7.mshome.net:inventory-service:9030 - registration status: 204
12-08-2026 17:57:17.580 [kafka-coordinator-heartbeat-thread | inventory-service] [-] INFO  inventory-service-o.a.k.c.c.i.ConsumerCoordinator.onSuccess - [Consumer clientId=consumer-inventory-service-1, groupId=inventory-service] Discovered group coordinator localhost:9092 (id: 2147483646 rack: null isFenced: false)
12-08-2026 17:57:17.588 [kafka-coordinator-heartbeat-thread | inventory-service] [-] INFO  inventory-service-o.a.k.c.c.i.ConsumerCoordinator.onSuccess - [Consumer clientId=consumer-inventory-service-1, groupId=inventory-service] Discovered group coordinator localhost:9092 (id: 2147483646 rack: null isFenced: false)
12-08-2026 17:57:19.357 [kafka-coordinator-heartbeat-thread | inventory-service] [-] INFO  inventory-service-o.a.k.c.c.i.ConsumerCoordinator.onSuccess - [Consumer clientId=consumer-inventory-service-1, groupId=inventory-service] Discovered group coordinator localhost:9092 (id: 2147483646 rack: null isFenced: false)
12-08-2026 17:57:30.647 [kafka-coordinator-heartbeat-thread | inventory-service] [-] INFO  inventory-service-o.a.k.c.c.i.ConsumerCoordinator.handle - [Consumer clientId=consumer-inventory-service-1, groupId=inventory-service] Attempt to heartbeat with Generation{generationId=16, memberId='consumer-inventory-service-1-e8b79ed8-fcd2-4e93-afa4-784f1795bdeb', protocol='range'} and group instance id Optional.empty failed due to UNKNOWN_MEMBER_ID, resetting generation
12-08-2026 17:57:30.648 [kafka-coordinator-heartbeat-thread | inventory-service] [-] INFO  inventory-service-o.a.k.c.c.i.ConsumerCoordinator.resetStateAndGeneration - [Consumer clientId=consumer-inventory-service-1, groupId=inventory-service] Resetting generation and member id due to: encountered UNKNOWN_MEMBER_ID from HEARTBEAT response
12-08-2026 17:57:30.648 [kafka-coordinator-heartbeat-thread | inventory-service] [-] INFO  inventory-service-o.a.k.c.c.i.ConsumerCoordinator.requestRejoin - [Consumer clientId=consumer-inventory-service-1, groupId=inventory-service] Request joining group due to: encountered UNKNOWN_MEMBER_ID from HEARTBEAT response
12-08-2026 17:57:58.404 [org.springframework.kafka.KafkaListenerEndpointContainer#0-0-C-1] [-] INFO  inventory-service-o.a.k.common.config.AbstractConfig.logAll - ProducerConfig values: 
	acks = -1
	batch.size = 16384
	bootstrap.servers = [localhost:9092]
	buffer.memory = 33554432
	client.dns.lookup = use_all_dns_ips
	client.id = inventory-service-producer-1
	compression.gzip.level = -1
	compression.lz4.level = 9
	compression.type = none
	compression.zstd.level = 3
	config.providers = []
	connections.max.idle.ms = 540000
	delivery.timeout.ms = 120000
	enable.idempotence = true
	enable.metrics.push = true
	interceptor.classes = []
	key.serializer = class org.apache.kafka.common.serialization.LongSerializer
	linger.ms = 5
	max.block.ms = 60000
	max.in.flight.requests.per.connection = 5
	max.request.size = 1048576
	metadata.max.age.ms = 300000
	metadata.max.idle.ms = 300000
	metadata.recovery.rebootstrap.trigger.ms = 300000
	metadata.recovery.strategy = rebootstrap
	metric.reporters = [org.apache.kafka.common.metrics.JmxReporter]
	metrics.num.samples = 2
	metrics.recording.level = INFO
	metrics.sample.window.ms = 30000
	partitioner.adaptive.partitioning.enable = true
	partitioner.availability.timeout.ms = 0
	partitioner.class = null
	partitioner.ignore.keys = false
	receive.buffer.bytes = 32768
	reconnect.backoff.max.ms = 1000
	reconnect.backoff.ms = 50
	request.timeout.ms = 30000
	retries = 3
	retry.backoff.max.ms = 1000
	retry.backoff.ms = 100
	sasl.client.callback.handler.class = null
	sasl.jaas.config = null
	sasl.kerberos.kinit.cmd = /usr/bin/kinit
	sasl.kerberos.min.time.before.relogin = 60000
	sasl.kerberos.service.name = null
	sasl.kerberos.ticket.renew.jitter = 0.05
	sasl.kerberos.ticket.renew.window.factor = 0.8
	sasl.login.callback.handler.class = null
	sasl.login.class = null
	sasl.login.connect.timeout.ms = null
	sasl.login.read.timeout.ms = null
	sasl.login.refresh.buffer.seconds = 300
	sasl.login.refresh.min.period.seconds = 60
	sasl.login.refresh.window.factor = 0.8
	sasl.login.refresh.window.jitter = 0.05
	sasl.login.retry.backoff.max.ms = 10000
	sasl.login.retry.backoff.ms = 100
	sasl.mechanism = GSSAPI
	sasl.oauthbearer.assertion.algorithm = RS256
	sasl.oauthbearer.assertion.claim.aud = null
	sasl.oauthbearer.assertion.claim.exp.seconds = 300
	sasl.oauthbearer.assertion.claim.iss = null
	sasl.oauthbearer.assertion.claim.jti.include = false
	sasl.oauthbearer.assertion.claim.nbf.seconds = 60
	sasl.oauthbearer.assertion.claim.sub = null
	sasl.oauthbearer.assertion.file = null
	sasl.oauthbearer.assertion.private.key.file = null
	sasl.oauthbearer.assertion.private.key.passphrase = null
	sasl.oauthbearer.assertion.template.file = null
	sasl.oauthbearer.client.credentials.client.id = null
	sasl.oauthbearer.client.credentials.client.secret = null
	sasl.oauthbearer.clock.skew.seconds = 30
	sasl.oauthbearer.expected.audience = []
	sasl.oauthbearer.expected.issuer = null
	sasl.oauthbearer.header.urlencode = false
	sasl.oauthbearer.jwks.endpoint.refresh.ms = 3600000
	sasl.oauthbearer.jwks.endpoint.retry.backoff.max.ms = 10000
	sasl.oauthbearer.jwks.endpoint.retry.backoff.ms = 100
	sasl.oauthbearer.jwks.endpoint.url = null
	sasl.oauthbearer.jwt.retriever.class = class org.apache.kafka.common.security.oauthbearer.DefaultJwtRetriever
	sasl.oauthbearer.jwt.validator.class = class org.apache.kafka.common.security.oauthbearer.DefaultJwtValidator
	sasl.oauthbearer.scope = null
	sasl.oauthbearer.scope.claim.name = scope
	sasl.oauthbearer.sub.claim.name = sub
	sasl.oauthbearer.token.endpoint.url = null
	security.protocol = PLAINTEXT
	security.providers = null
	send.buffer.bytes = 131072
	socket.connection.setup.timeout.max.ms = 30000
	socket.connection.setup.timeout.ms = 10000
	ssl.cipher.suites = []
	ssl.enabled.protocols = [TLSv1.2, TLSv1.3]
	ssl.endpoint.identification.algorithm = https
	ssl.engine.factory.class = null
	ssl.key.password = null
	ssl.keymanager.algorithm = SunX509
	ssl.keystore.certificate.chain = null
	ssl.keystore.key = null
	ssl.keystore.location = null
	ssl.keystore.password = null
	ssl.keystore.type = JKS
	ssl.protocol = TLSv1.3
	ssl.provider = null
	ssl.secure.random.implementation = null
	ssl.trustmanager.algorithm = PKIX
	ssl.truststore.certificates = null
	ssl.truststore.location = null
	ssl.truststore.password = null
	ssl.truststore.type = JKS
	transaction.timeout.ms = 60000
	transaction.two.phase.commit.enable = false
	transactional.id = null
	value.serializer = class org.springframework.kafka.support.serializer.JacksonJsonSerializer

12-08-2026 17:57:58.406 [org.springframework.kafka.KafkaListenerEndpointContainer#0-0-C-1] [-] INFO  inventory-service-o.a.k.c.t.i.KafkaMetricsCollector.init - initializing Kafka metrics collector
12-08-2026 17:57:58.427 [org.springframework.kafka.KafkaListenerEndpointContainer#0-0-C-1] [-] INFO  inventory-service-o.a.k.clients.producer.KafkaProducer.configureTransactionState - [Producer clientId=inventory-service-producer-1] Instantiated an idempotent producer.
12-08-2026 17:57:58.450 [org.springframework.kafka.KafkaListenerEndpointContainer#0-0-C-1] [-] INFO  inventory-service-o.a.kafka.common.utils.AppInfoParser.<init> - Kafka version: 4.2.1
12-08-2026 17:57:58.452 [org.springframework.kafka.KafkaListenerEndpointContainer#0-0-C-1] [-] INFO  inventory-service-o.a.kafka.common.utils.AppInfoParser.<init> - Kafka commitId: 92f61c44867f39dc
12-08-2026 17:57:58.452 [org.springframework.kafka.KafkaListenerEndpointContainer#0-0-C-1] [-] INFO  inventory-service-o.a.kafka.common.utils.AppInfoParser.<init> - Kafka startTimeMs: 1786537678450
12-08-2026 17:57:58.464 [kafka-producer-network-thread | inventory-service-producer-1] [-] INFO  inventory-service-org.apache.kafka.clients.Metadata.update - [Producer clientId=inventory-service-producer-1] Cluster ID: MkU3OEVBNTcwNTJENDM2Qk
12-08-2026 17:57:58.467 [kafka-producer-network-thread | inventory-service-producer-1] [-] INFO  inventory-service-o.a.k.c.p.i.TransactionManager.setProducerIdAndEpoch - [Producer clientId=inventory-service-producer-1] ProducerId set to 19 with epoch 0
12-08-2026 17:57:59.784 [org.springframework.kafka.KafkaListenerEndpointContainer#0-0-C-1] [-] INFO  inventory-service-o.a.k.c.c.i.ConsumerCoordinator.sendOffsetCommitRequest - [Consumer clientId=consumer-inventory-service-1, groupId=inventory-service] Failing OffsetCommit request since the consumer is not part of an active group
12-08-2026 17:57:59.785 [org.springframework.kafka.KafkaListenerEndpointContainer#0-0-C-1] [-] INFO  inventory-service-o.a.k.c.c.i.ConsumerCoordinator.handle - [Consumer clientId=consumer-inventory-service-1, groupId=inventory-service] Attempt to heartbeat with stale Generation{generationId=16, memberId='consumer-inventory-service-1-e8b79ed8-fcd2-4e93-afa4-784f1795bdeb', protocol='range'} and group instance id Optional.empty failed due to UNKNOWN_MEMBER_ID, ignoring the error
12-08-2026 17:57:59.785 [org.springframework.kafka.KafkaListenerEndpointContainer#0-0-C-1] [-] INFO  inventory-service-o.a.k.c.c.i.ConsumerCoordinator.onJoinPrepare - [Consumer clientId=consumer-inventory-service-1, groupId=inventory-service] Giving away all assigned partitions as lost since generation/memberID has been reset,indicating that consumer is in old state or no longer part of the group
12-08-2026 17:57:59.785 [org.springframework.kafka.KafkaListenerEndpointContainer#0-0-C-1] [-] INFO  inventory-service-o.a.k.c.c.i.ConsumerRebalanceListenerInvoker.invokePartitionsLost - [Consumer clientId=consumer-inventory-service-1, groupId=inventory-service] Lost previously assigned partitions [order-created-topic-0, order-created-topic-1, order-created-topic-2]
12-08-2026 17:57:59.785 [org.springframework.kafka.KafkaListenerEndpointContainer#0-0-C-1] [-] INFO  inventory-service-o.s.k.l.KafkaMessageListenerContainer.info - inventory-service: partitions lost: [order-created-topic-0, order-created-topic-1, order-created-topic-2]
12-08-2026 17:57:59.786 [org.springframework.kafka.KafkaListenerEndpointContainer#0-0-C-1] [-] INFO  inventory-service-o.s.k.l.KafkaMessageListenerContainer.info - inventory-service: partitions revoked: [order-created-topic-0, order-created-topic-1, order-created-topic-2]
12-08-2026 17:57:59.788 [org.springframework.kafka.KafkaListenerEndpointContainer#0-0-C-1] [-] INFO  inventory-service-o.a.k.c.c.i.ConsumerCoordinator.sendJoinGroupRequest - [Consumer clientId=consumer-inventory-service-1, groupId=inventory-service] (Re-)joining group
12-08-2026 17:57:59.793 [org.springframework.kafka.KafkaListenerEndpointContainer#0-0-C-1] [-] INFO  inventory-service-o.a.k.c.c.i.ConsumerCoordinator.requestRejoin - [Consumer clientId=consumer-inventory-service-1, groupId=inventory-service] Request joining group due to: need to re-join with the given member-id: consumer-inventory-service-1-037b7ec8-a55c-429f-b7c0-fa4283cd6727
12-08-2026 17:57:59.794 [org.springframework.kafka.KafkaListenerEndpointContainer#0-0-C-1] [-] INFO  inventory-service-o.a.k.c.c.i.ConsumerCoordinator.sendJoinGroupRequest - [Consumer clientId=consumer-inventory-service-1, groupId=inventory-service] (Re-)joining group
12-08-2026 17:57:59.798 [org.springframework.kafka.KafkaListenerEndpointContainer#0-0-C-1] [-] INFO  inventory-service-o.a.k.c.c.i.ConsumerCoordinator.handle - [Consumer clientId=consumer-inventory-service-1, groupId=inventory-service] Successfully joined group with generation Generation{generationId=18, memberId='consumer-inventory-service-1-037b7ec8-a55c-429f-b7c0-fa4283cd6727', protocol='range'}
12-08-2026 17:57:59.799 [org.springframework.kafka.KafkaListenerEndpointContainer#0-0-C-1] [-] INFO  inventory-service-o.a.k.c.c.i.ConsumerCoordinator.onLeaderElected - [Consumer clientId=consumer-inventory-service-1, groupId=inventory-service] Finished assignment for group at generation 18: {consumer-inventory-service-1-037b7ec8-a55c-429f-b7c0-fa4283cd6727=Assignment(partitions=[order-created-topic-0, order-created-topic-1, order-created-topic-2])}
12-08-2026 17:57:59.804 [org.springframework.kafka.KafkaListenerEndpointContainer#0-0-C-1] [-] INFO  inventory-service-o.a.k.c.c.i.ConsumerCoordinator.handle - [Consumer clientId=consumer-inventory-service-1, groupId=inventory-service] Successfully synced group in generation Generation{generationId=18, memberId='consumer-inventory-service-1-037b7ec8-a55c-429f-b7c0-fa4283cd6727', protocol='range'}
12-08-2026 17:57:59.804 [org.springframework.kafka.KafkaListenerEndpointContainer#0-0-C-1] [-] INFO  inventory-service-o.a.k.c.c.i.ConsumerCoordinator.invokeOnAssignment - [Consumer clientId=consumer-inventory-service-1, groupId=inventory-service] Notifying assignor about the new Assignment(partitions=[order-created-topic-0, order-created-topic-1, order-created-topic-2])
12-08-2026 17:57:59.804 [org.springframework.kafka.KafkaListenerEndpointContainer#0-0-C-1] [-] INFO  inventory-service-o.a.k.c.c.i.ConsumerRebalanceListenerInvoker.invokePartitionsAssigned - [Consumer clientId=consumer-inventory-service-1, groupId=inventory-service] Adding newly assigned partitions: [order-created-topic-0, order-created-topic-1, order-created-topic-2]
12-08-2026 17:57:59.819 [org.springframework.kafka.KafkaListenerEndpointContainer#0-0-C-1] [-] INFO  inventory-service-o.a.k.c.c.internals.ConsumerUtils.refreshCommittedOffsets - Setting offset for partition order-created-topic-0 to the committed offset FetchPosition{offset=2, offsetEpoch=Optional.empty, currentLeader=LeaderAndEpoch{leader=Optional[localhost:9092 (id: 1 rack: null isFenced: false)], epoch=0}}
12-08-2026 17:57:59.821 [org.springframework.kafka.KafkaListenerEndpointContainer#0-0-C-1] [-] INFO  inventory-service-o.a.k.c.c.internals.ConsumerUtils.refreshCommittedOffsets - Setting offset for partition order-created-topic-2 to the committed offset FetchPosition{offset=0, offsetEpoch=Optional.empty, currentLeader=LeaderAndEpoch{leader=Optional[localhost:9092 (id: 1 rack: null isFenced: false)], epoch=0}}
12-08-2026 17:57:59.821 [org.springframework.kafka.KafkaListenerEndpointContainer#0-0-C-1] [-] INFO  inventory-service-o.a.k.c.c.internals.ConsumerUtils.refreshCommittedOffsets - Setting offset for partition order-created-topic-1 to the committed offset FetchPosition{offset=0, offsetEpoch=Optional.empty, currentLeader=LeaderAndEpoch{leader=Optional[localhost:9092 (id: 1 rack: null isFenced: false)], epoch=0}}
12-08-2026 17:57:59.822 [org.springframework.kafka.KafkaListenerEndpointContainer#0-0-C-1] [-] INFO  inventory-service-o.s.k.l.KafkaMessageListenerContainer.info - inventory-service: partitions assigned: [order-created-topic-0, order-created-topic-1, order-created-topic-2]
12-08-2026 17:59:03.383 [AsyncResolver-bootstrap-executor-%d] [-] INFO  inventory-service-c.n.d.s.r.aws.ConfigClusterResolver.getClusterEndpoints - Resolving eureka endpoints via configuration
12-08-2026 17:59:03.462 [SpringApplicationShutdownHook] [-] INFO  inventory-service-o.s.c.n.e.s.EurekaServiceRegistry.deregister - Unregistering application INVENTORY-SERVICE with eureka with status DOWN
12-08-2026 17:59:03.463 [SpringApplicationShutdownHook] [-] INFO  inventory-service-c.netflix.discovery.DiscoveryClient.notify - Saw local status change event StatusChangeEvent [timestamp=1786537743463, current=DOWN, previous=UP]
12-08-2026 17:59:03.464 [DiscoveryClient-InstanceInfoReplicator-%d] [-] INFO  inventory-service-c.netflix.discovery.DiscoveryClient.register - DiscoveryClient_INVENTORY-SERVICE/DESKTOP-5CC3FG7.mshome.net:inventory-service:9030: registering service...
12-08-2026 17:59:03.471 [DiscoveryClient-InstanceInfoReplicator-%d] [-] INFO  inventory-service-c.netflix.discovery.DiscoveryClient.register - DiscoveryClient_INVENTORY-SERVICE/DESKTOP-5CC3FG7.mshome.net:inventory-service:9030 - registration status: 204
12-08-2026 17:59:03.475 [org.springframework.kafka.KafkaListenerEndpointContainer#0-0-C-1] [-] INFO  inventory-service-o.a.k.c.c.i.ConsumerRebalanceListenerInvoker.invokePartitionsRevoked - [Consumer clientId=consumer-inventory-service-1, groupId=inventory-service] Revoke previously assigned partitions [order-created-topic-0, order-created-topic-1, order-created-topic-2]
12-08-2026 17:59:03.476 [org.springframework.kafka.KafkaListenerEndpointContainer#0-0-C-1] [-] INFO  inventory-service-o.s.k.l.KafkaMessageListenerContainer.info - inventory-service: partitions revoked: [order-created-topic-0, order-created-topic-1, order-created-topic-2]
12-08-2026 17:59:03.477 [org.springframework.kafka.KafkaListenerEndpointContainer#0-0-C-1] [-] INFO  inventory-service-o.a.k.c.c.i.ConsumerCoordinator.maybeLeaveGroup - [Consumer clientId=consumer-inventory-service-1, groupId=inventory-service] Member consumer-inventory-service-1-037b7ec8-a55c-429f-b7c0-fa4283cd6727 sending LeaveGroup request to coordinator localhost:9092 (id: 2147483646 rack: null isFenced: false) due to the consumer unsubscribed from all topics
12-08-2026 17:59:03.479 [org.springframework.kafka.KafkaListenerEndpointContainer#0-0-C-1] [-] INFO  inventory-service-o.a.k.c.c.i.ConsumerCoordinator.resetStateAndGeneration - [Consumer clientId=consumer-inventory-service-1, groupId=inventory-service] Resetting generation and member id due to: consumer pro-actively leaving the group
12-08-2026 17:59:03.479 [org.springframework.kafka.KafkaListenerEndpointContainer#0-0-C-1] [-] INFO  inventory-service-o.a.k.c.c.i.ConsumerCoordinator.requestRejoin - [Consumer clientId=consumer-inventory-service-1, groupId=inventory-service] Request joining group due to: consumer pro-actively leaving the group
12-08-2026 17:59:03.480 [org.springframework.kafka.KafkaListenerEndpointContainer#0-0-C-1] [-] INFO  inventory-service-o.a.k.c.c.i.ClassicKafkaConsumer.unsubscribe - [Consumer clientId=consumer-inventory-service-1, groupId=inventory-service] Unsubscribed all topics or patterns and assigned partitions
12-08-2026 17:59:03.484 [org.springframework.kafka.KafkaListenerEndpointContainer#0-0-C-1] [-] INFO  inventory-service-o.a.k.c.c.i.ConsumerCoordinator.resetStateAndGeneration - [Consumer clientId=consumer-inventory-service-1, groupId=inventory-service] Resetting generation and member id due to: consumer pro-actively leaving the group
12-08-2026 17:59:03.485 [org.springframework.kafka.KafkaListenerEndpointContainer#0-0-C-1] [-] INFO  inventory-service-o.a.k.c.c.i.ConsumerCoordinator.requestRejoin - [Consumer clientId=consumer-inventory-service-1, groupId=inventory-service] Request joining group due to: consumer pro-actively leaving the group
12-08-2026 17:59:03.915 [org.springframework.kafka.KafkaListenerEndpointContainer#0-0-C-1] [-] INFO  inventory-service-o.a.kafka.common.metrics.Metrics.close - Metrics scheduler closed
12-08-2026 17:59:03.915 [org.springframework.kafka.KafkaListenerEndpointContainer#0-0-C-1] [-] INFO  inventory-service-o.a.kafka.common.metrics.Metrics.close - Closing reporter org.apache.kafka.common.metrics.JmxReporter
12-08-2026 17:59:03.915 [org.springframework.kafka.KafkaListenerEndpointContainer#0-0-C-1] [-] INFO  inventory-service-o.a.kafka.common.metrics.Metrics.close - Closing reporter org.apache.kafka.common.telemetry.internals.ClientTelemetryReporter
12-08-2026 17:59:03.915 [org.springframework.kafka.KafkaListenerEndpointContainer#0-0-C-1] [-] INFO  inventory-service-o.a.kafka.common.metrics.Metrics.close - Metrics reporters closed
12-08-2026 17:59:03.924 [org.springframework.kafka.KafkaListenerEndpointContainer#0-0-C-1] [-] INFO  inventory-service-o.a.kafka.common.utils.AppInfoParser.unregisterAppInfo - App info kafka.consumer for consumer-inventory-service-1 unregistered
12-08-2026 17:59:03.926 [org.springframework.kafka.KafkaListenerEndpointContainer#0-0-C-1] [-] INFO  inventory-service-o.s.k.l.KafkaMessageListenerContainer.info - inventory-service: Consumer stopped
12-08-2026 17:59:03.930 [SpringApplicationShutdownHook] [-] INFO  inventory-service-o.s.boot.tomcat.GracefulShutdown.shutDownGracefully - Commencing graceful shutdown. Waiting for active requests to complete
12-08-2026 17:59:03.939 [tomcat-shutdown] [-] INFO  inventory-service-o.s.boot.tomcat.GracefulShutdown.doShutdown - Graceful shutdown complete
12-08-2026 17:59:03.942 [SpringApplicationShutdownHook] [-] INFO  inventory-service-o.a.k.clients.producer.KafkaProducer.close - [Producer clientId=inventory-service-producer-1] Closing the Kafka producer with timeoutMillis = 30000 ms.
12-08-2026 17:59:03.948 [SpringApplicationShutdownHook] [-] INFO  inventory-service-o.a.kafka.common.metrics.Metrics.close - Metrics scheduler closed
12-08-2026 17:59:03.950 [SpringApplicationShutdownHook] [-] INFO  inventory-service-o.a.kafka.common.metrics.Metrics.close - Closing reporter org.apache.kafka.common.metrics.JmxReporter
12-08-2026 17:59:03.950 [SpringApplicationShutdownHook] [-] INFO  inventory-service-o.a.kafka.common.metrics.Metrics.close - Closing reporter org.apache.kafka.common.telemetry.internals.ClientTelemetryReporter
12-08-2026 17:59:03.950 [SpringApplicationShutdownHook] [-] INFO  inventory-service-o.a.kafka.common.metrics.Metrics.close - Metrics reporters closed
12-08-2026 17:59:03.951 [SpringApplicationShutdownHook] [-] INFO  inventory-service-o.a.kafka.common.utils.AppInfoParser.unregisterAppInfo - App info kafka.producer for inventory-service-producer-1 unregistered
12-08-2026 17:59:03.959 [SpringApplicationShutdownHook] [-] INFO  inventory-service-o.s.o.j.LocalContainerEntityManagerFactoryBean.destroy - Closing JPA EntityManagerFactory for persistence unit 'default'
12-08-2026 17:59:03.995 [SpringApplicationShutdownHook] [-] INFO  inventory-service-com.zaxxer.hikari.HikariDataSource.close - HikariPool-1 - Shutdown initiated...
12-08-2026 17:59:04.017 [SpringApplicationShutdownHook] [-] INFO  inventory-service-com.zaxxer.hikari.HikariDataSource.close - HikariPool-1 - Shutdown completed.
12-08-2026 17:59:05.021 [SpringApplicationShutdownHook] [-] INFO  inventory-service-c.netflix.discovery.DiscoveryClient.shutdown - Shutting down DiscoveryClient ...
12-08-2026 17:59:08.024 [SpringApplicationShutdownHook] [-] INFO  inventory-service-c.netflix.discovery.DiscoveryClient.unregister - Unregistering ...
12-08-2026 17:59:08.034 [SpringApplicationShutdownHook] [-] INFO  inventory-service-c.netflix.discovery.DiscoveryClient.unregister - DiscoveryClient_INVENTORY-SERVICE/DESKTOP-5CC3FG7.mshome.net:inventory-service:9030 - deregister  status: 200
12-08-2026 17:59:08.035 [SpringApplicationShutdownHook] [-] INFO  inventory-service-c.netflix.discovery.DiscoveryClient.shutdown - Completed shut down of DiscoveryClient
12-08-2026 18:02:41.558 [main] [-] INFO  inventory-service-c.n.i.InventoryServiceApplication.logStarting - Starting InventoryServiceApplication using Java 25.0.3 with PID 23228 (C:\Users\Admin\Documents\SpringBoot_learnings\eCommerce\inventory-service\target\classes started by Admin in C:\Users\Admin\Documents\SpringBoot_learnings\eCommerce)
12-08-2026 18:02:41.564 [main] [-] INFO  inventory-service-c.n.i.InventoryServiceApplication.logStartupProfileInfo - No active profile set, falling back to 1 default profile: "default"
12-08-2026 18:02:41.636 [main] [-] INFO  inventory-service-o.s.c.c.c.ConfigServerConfigDataLoader.log - Fetching config from server at : http://localhost:8888
12-08-2026 18:02:41.638 [main] [-] INFO  inventory-service-o.s.c.c.c.ConfigServerConfigDataLoader.log - Located environment: name=inventory-service, profiles=[default], label=null, version=0ea68e7bd44f5a1fe092f8c5aa4a27ddfcec0fa8, state=
12-08-2026 18:02:42.886 [main] [-] INFO  inventory-service-o.s.d.r.c.RepositoryConfigurationDelegate.registerRepositoriesIn - Bootstrapping Spring Data JPA repositories in DEFAULT mode.
12-08-2026 18:02:43.098 [main] [-] INFO  inventory-service-o.s.d.r.c.RepositoryConfigurationDelegate.registerRepositoriesIn - Finished Spring Data repository scanning in 197 ms. Found 1 JPA repository interface.
12-08-2026 18:02:43.625 [main] [-] INFO  inventory-service-o.s.cloud.context.scope.GenericScope.setSerializationId - BeanFactory id=72fd837d-ddf5-31f0-9e51-ac3377db1a75
12-08-2026 18:02:44.115 [main] [-] INFO  inventory-service-o.s.boot.tomcat.TomcatWebServer.initialize - Tomcat initialized with port 9030 (http)
12-08-2026 18:02:44.131 [main] [-] INFO  inventory-service-o.a.coyote.http11.Http11NioProtocol.log - Initializing ProtocolHandler ["http-nio-9030"]
12-08-2026 18:02:44.135 [main] [-] INFO  inventory-service-o.a.catalina.core.StandardService.log - Starting service [Tomcat]
12-08-2026 18:02:44.135 [main] [-] INFO  inventory-service-o.a.catalina.core.StandardEngine.log - Starting Servlet engine: [Apache Tomcat/11.0.22]
12-08-2026 18:02:44.223 [main] [-] INFO  inventory-service-o.s.b.w.c.s.WebApplicationContextInitializer.prepareWebApplicationContext - Root WebApplicationContext: initialization completed in 2582 ms
12-08-2026 18:02:44.854 [main] [-] INFO  inventory-service-org.hibernate.orm.jpa.logPersistenceUnitInformation - HHH008540: Processing PersistenceUnitInfo [name: default]
12-08-2026 18:02:44.926 [main] [-] INFO  inventory-service-org.hibernate.orm.core.logVersion - HHH000001: Hibernate ORM core version 7.4.1.Final
12-08-2026 18:02:45.462 [main] [-] INFO  inventory-service-o.s.o.j.p.SpringPersistenceUnitInfo.addTransformer - No LoadTimeWeaver setup: ignoring JPA class transformer
12-08-2026 18:02:45.512 [main] [-] INFO  inventory-service-com.zaxxer.hikari.HikariDataSource.getConnection - HikariPool-1 - Starting...
12-08-2026 18:02:45.778 [main] [-] INFO  inventory-service-com.zaxxer.hikari.pool.HikariPool.checkFailFast - HikariPool-1 - Added connection com.mysql.cj.jdbc.ConnectionImpl@1a1c308b
12-08-2026 18:02:45.781 [main] [-] INFO  inventory-service-com.zaxxer.hikari.HikariDataSource.getConnection - HikariPool-1 - Start completed.
12-08-2026 18:02:45.904 [main] [-] INFO  inventory-service-o.hibernate.orm.connections.pooling.logConnectionInfo - HHH10001005: Database info:
	Database JDBC URL [jdbc:mysql://localhost:3306/inventorydb?useSSL=false]
	Database driver: MySQL Connector/J
	Database dialect: MySQLDialect
	Database version: 8.0.46
	Default catalog/schema: inventorydb/undefined
	Autocommit mode: undefined/unknown
	Isolation level: REPEATABLE_READ [default REPEATABLE_READ]
	JDBC fetch size: none
	Pool: DataSourceConnectionProvider
	Minimum pool size: undefined/unknown
	Maximum pool size: undefined/unknown
12-08-2026 18:02:46.976 [main] [-] INFO  inventory-service-org.hibernate.orm.core.initiateService - HHH000489: No JTA platform available (set 'hibernate.transaction.jta.platform' to enable JTA platform integration)
12-08-2026 18:02:47.110 [main] [-] INFO  inventory-service-o.s.o.j.LocalContainerEntityManagerFactoryBean.buildNativeEntityManagerFactory - Initialized JPA EntityManagerFactory for persistence unit 'default'
12-08-2026 18:02:47.228 [main] [-] INFO  inventory-service-o.s.d.j.r.q.QueryEnhancerFactories.<clinit> - Hibernate is in classpath; If applicable, HQL parser will be used.
12-08-2026 18:02:47.938 [main] [-] WARN  inventory-service-o.s.b.j.a.JpaBaseConfiguration$JpaWebConfiguration.openEntityManagerInViewInterceptor - spring.jpa.open-in-view is enabled by default. Therefore, database queries may be performed during view rendering. Explicitly configure spring.jpa.open-in-view to disable this warning
12-08-2026 18:02:48.030 [main] [-] INFO  inventory-service-o.s.c.o.FeignClientFactoryBean.getTarget - For 'order-service' URL not provided. Will try picking an instance via load-balancing.
12-08-2026 18:02:48.931 [main] [-] INFO  inventory-service-o.s.c.n.e.c.DiscoveryClientOptionalArgsConfiguration.restClientDiscoveryClientOptionalArgs - Eureka HTTP Client uses RestClient.
12-08-2026 18:02:48.971 [main] [-] WARN  inventory-service-o.s.c.l.c.LoadBalancerCacheAutoConfiguration$LoadBalancerCaffeineWarnLogger.afterPropertiesSet - Spring Cloud LoadBalancer is currently working with the default cache. While this cache implementation is useful for development and tests, it's recommended to use Caffeine cache in production.You can switch to using Caffeine cache, by adding it and org.springframework.cache.caffeine.CaffeineCacheManager to the classpath.
12-08-2026 18:02:48.992 [main] [-] INFO  inventory-service-o.s.b.a.e.web.EndpointLinksResolver.<init> - Exposing 16 endpoints beneath base path '/actuator'
12-08-2026 18:02:49.148 [main] [-] INFO  inventory-service-o.a.k.common.config.AbstractConfig.logAll - AdminClientConfig values: 
	bootstrap.controllers = []
	bootstrap.servers = [localhost:9092]
	client.dns.lookup = use_all_dns_ips
	client.id = inventory-service-admin-0
	config.providers = []
	connections.max.idle.ms = 300000
	default.api.timeout.ms = 60000
	enable.metrics.push = false
	metadata.max.age.ms = 300000
	metadata.recovery.rebootstrap.trigger.ms = 300000
	metadata.recovery.strategy = rebootstrap
	metric.reporters = [org.apache.kafka.common.metrics.JmxReporter]
	metrics.num.samples = 2
	metrics.recording.level = INFO
	metrics.sample.window.ms = 30000
	receive.buffer.bytes = 65536
	reconnect.backoff.max.ms = 1000
	reconnect.backoff.ms = 50
	request.timeout.ms = 30000
	retries = 2147483647
	retry.backoff.max.ms = 1000
	retry.backoff.ms = 100
	sasl.client.callback.handler.class = null
	sasl.jaas.config = null
	sasl.kerberos.kinit.cmd = /usr/bin/kinit
	sasl.kerberos.min.time.before.relogin = 60000
	sasl.kerberos.service.name = null
	sasl.kerberos.ticket.renew.jitter = 0.05
	sasl.kerberos.ticket.renew.window.factor = 0.8
	sasl.login.callback.handler.class = null
	sasl.login.class = null
	sasl.login.connect.timeout.ms = null
	sasl.login.read.timeout.ms = null
	sasl.login.refresh.buffer.seconds = 300
	sasl.login.refresh.min.period.seconds = 60
	sasl.login.refresh.window.factor = 0.8
	sasl.login.refresh.window.jitter = 0.05
	sasl.login.retry.backoff.max.ms = 10000
	sasl.login.retry.backoff.ms = 100
	sasl.mechanism = GSSAPI
	sasl.oauthbearer.assertion.algorithm = RS256
	sasl.oauthbearer.assertion.claim.aud = null
	sasl.oauthbearer.assertion.claim.exp.seconds = 300
	sasl.oauthbearer.assertion.claim.iss = null
	sasl.oauthbearer.assertion.claim.jti.include = false
	sasl.oauthbearer.assertion.claim.nbf.seconds = 60
	sasl.oauthbearer.assertion.claim.sub = null
	sasl.oauthbearer.assertion.file = null
	sasl.oauthbearer.assertion.private.key.file = null
	sasl.oauthbearer.assertion.private.key.passphrase = null
	sasl.oauthbearer.assertion.template.file = null
	sasl.oauthbearer.client.credentials.client.id = null
	sasl.oauthbearer.client.credentials.client.secret = null
	sasl.oauthbearer.clock.skew.seconds = 30
	sasl.oauthbearer.expected.audience = []
	sasl.oauthbearer.expected.issuer = null
	sasl.oauthbearer.header.urlencode = false
	sasl.oauthbearer.jwks.endpoint.refresh.ms = 3600000
	sasl.oauthbearer.jwks.endpoint.retry.backoff.max.ms = 10000
	sasl.oauthbearer.jwks.endpoint.retry.backoff.ms = 100
	sasl.oauthbearer.jwks.endpoint.url = null
	sasl.oauthbearer.jwt.retriever.class = class org.apache.kafka.common.security.oauthbearer.DefaultJwtRetriever
	sasl.oauthbearer.jwt.validator.class = class org.apache.kafka.common.security.oauthbearer.DefaultJwtValidator
	sasl.oauthbearer.scope = null
	sasl.oauthbearer.scope.claim.name = scope
	sasl.oauthbearer.sub.claim.name = sub
	sasl.oauthbearer.token.endpoint.url = null
	security.protocol = PLAINTEXT
	security.providers = null
	send.buffer.bytes = 131072
	socket.connection.setup.timeout.max.ms = 30000
	socket.connection.setup.timeout.ms = 10000
	ssl.cipher.suites = []
	ssl.enabled.protocols = [TLSv1.2, TLSv1.3]
	ssl.endpoint.identification.algorithm = https
	ssl.engine.factory.class = null
	ssl.key.password = null
	ssl.keymanager.algorithm = SunX509
	ssl.keystore.certificate.chain = null
	ssl.keystore.key = null
	ssl.keystore.location = null
	ssl.keystore.password = null
	ssl.keystore.type = JKS
	ssl.protocol = TLSv1.3
	ssl.provider = null
	ssl.secure.random.implementation = null
	ssl.trustmanager.algorithm = PKIX
	ssl.truststore.certificates = null
	ssl.truststore.location = null
	ssl.truststore.password = null
	ssl.truststore.type = JKS

12-08-2026 18:02:49.344 [main] [-] INFO  inventory-service-o.a.kafka.common.utils.AppInfoParser.<init> - Kafka version: 4.2.1
12-08-2026 18:02:49.345 [main] [-] INFO  inventory-service-o.a.kafka.common.utils.AppInfoParser.<init> - Kafka commitId: 92f61c44867f39dc
12-08-2026 18:02:49.345 [main] [-] INFO  inventory-service-o.a.kafka.common.utils.AppInfoParser.<init> - Kafka startTimeMs: 1786537969342
12-08-2026 18:02:49.938 [main] [-] INFO  inventory-service-o.a.kafka.common.metrics.Metrics.close - Metrics scheduler closed
12-08-2026 18:02:49.938 [main] [-] INFO  inventory-service-o.a.kafka.common.metrics.Metrics.close - Closing reporter org.apache.kafka.common.metrics.JmxReporter
12-08-2026 18:02:49.939 [main] [-] INFO  inventory-service-o.a.kafka.common.metrics.Metrics.close - Metrics reporters closed
12-08-2026 18:02:49.940 [kafka-admin-client-thread | inventory-service-admin-0] [-] INFO  inventory-service-o.a.kafka.common.utils.AppInfoParser.unregisterAppInfo - App info kafka.admin.client for inventory-service-admin-0 unregistered
12-08-2026 18:02:49.948 [kafka-admin-client-thread | inventory-service-admin-0] [-] INFO  inventory-service-o.a.kafka.common.metrics.Metrics.close - Metrics scheduler closed
12-08-2026 18:02:49.949 [kafka-admin-client-thread | inventory-service-admin-0] [-] INFO  inventory-service-o.a.kafka.common.metrics.Metrics.close - Closing reporter org.apache.kafka.common.metrics.JmxReporter
12-08-2026 18:02:49.949 [kafka-admin-client-thread | inventory-service-admin-0] [-] INFO  inventory-service-o.a.kafka.common.metrics.Metrics.close - Metrics reporters closed
12-08-2026 18:02:49.967 [main] [-] INFO  inventory-service-o.s.c.n.eureka.InstanceInfoFactory.create - Setting initial instance status as: STARTING
12-08-2026 18:02:49.998 [main] [-] INFO  inventory-service-c.netflix.discovery.DiscoveryClient.<init> - Initializing Eureka in region us-east-1
12-08-2026 18:02:50.004 [main] [-] INFO  inventory-service-c.n.d.s.r.aws.ConfigClusterResolver.getClusterEndpoints - Resolving eureka endpoints via configuration
12-08-2026 18:02:50.016 [main] [-] INFO  inventory-service-c.netflix.discovery.DiscoveryClient.fetchRegistry - Disable delta property : false
12-08-2026 18:02:50.016 [main] [-] INFO  inventory-service-c.netflix.discovery.DiscoveryClient.fetchRegistry - Single vip registry refresh property : null
12-08-2026 18:02:50.016 [main] [-] INFO  inventory-service-c.netflix.discovery.DiscoveryClient.fetchRegistry - Force full registry fetch : false
12-08-2026 18:02:50.017 [main] [-] INFO  inventory-service-c.netflix.discovery.DiscoveryClient.fetchRegistry - Application is null : false
12-08-2026 18:02:50.017 [main] [-] INFO  inventory-service-c.netflix.discovery.DiscoveryClient.fetchRegistry - Registered Applications size is zero : true
12-08-2026 18:02:50.017 [main] [-] INFO  inventory-service-c.netflix.discovery.DiscoveryClient.fetchRegistry - Application version is -1: true
12-08-2026 18:02:50.017 [main] [-] INFO  inventory-service-c.netflix.discovery.DiscoveryClient.getAndStoreFullRegistry - Getting all instance registry info from the eureka server
12-08-2026 18:02:50.270 [main] [-] INFO  inventory-service-c.netflix.discovery.DiscoveryClient.getAndStoreFullRegistry - The response status is 200
12-08-2026 18:02:50.271 [main] [-] INFO  inventory-service-c.netflix.discovery.DiscoveryClient.initScheduledTasks - Starting heartbeat executor: renew interval is: 10
12-08-2026 18:02:50.273 [main] [-] INFO  inventory-service-c.n.discovery.InstanceInfoReplicator.<init> - InstanceInfoReplicator onDemand update allowed rate per min is 4
12-08-2026 18:02:50.275 [main] [-] INFO  inventory-service-c.netflix.discovery.DiscoveryClient.<init> - Discovery Client initialized at timestamp 1786537970275 with initial instances count: 2
12-08-2026 18:02:50.280 [main] [-] INFO  inventory-service-o.s.c.n.e.s.EurekaServiceRegistry.register - Registering application INVENTORY-SERVICE with eureka with status UP
12-08-2026 18:02:50.280 [main] [-] INFO  inventory-service-c.netflix.discovery.DiscoveryClient.notify - Saw local status change event StatusChangeEvent [timestamp=1786537970280, current=UP, previous=STARTING]
12-08-2026 18:02:50.282 [main] [-] INFO  inventory-service-o.a.coyote.http11.Http11NioProtocol.log - Starting ProtocolHandler ["http-nio-9030"]
12-08-2026 18:02:50.282 [DiscoveryClient-InstanceInfoReplicator-%d] [-] INFO  inventory-service-c.netflix.discovery.DiscoveryClient.register - DiscoveryClient_INVENTORY-SERVICE/DESKTOP-5CC3FG7.mshome.net:inventory-service:9030: registering service...
12-08-2026 18:02:50.298 [main] [-] INFO  inventory-service-o.s.boot.tomcat.TomcatWebServer.start - Tomcat started on port 9030 (http) with context path '/inventory'
12-08-2026 18:02:50.300 [main] [-] INFO  inventory-service-o.s.c.n.e.s.EurekaAutoServiceRegistration.onApplicationEvent - Updating port to 9030
12-08-2026 18:02:50.342 [DiscoveryClient-InstanceInfoReplicator-%d] [-] INFO  inventory-service-c.netflix.discovery.DiscoveryClient.register - DiscoveryClient_INVENTORY-SERVICE/DESKTOP-5CC3FG7.mshome.net:inventory-service:9030 - registration status: 204
12-08-2026 18:02:50.357 [main] [-] INFO  inventory-service-o.a.k.common.config.AbstractConfig.logAll - ConsumerConfig values: 
	allow.auto.create.topics = true
	auto.commit.interval.ms = 5000
	auto.offset.reset = latest
	bootstrap.servers = [localhost:9092]
	check.crcs = true
	client.dns.lookup = use_all_dns_ips
	client.id = consumer-inventory-service-1
	client.rack = 
	config.providers = []
	connections.max.idle.ms = 540000
	default.api.timeout.ms = 60000
	enable.auto.commit = false
	enable.metrics.push = true
	exclude.internal.topics = true
	fetch.max.bytes = 52428800
	fetch.max.wait.ms = 500
	fetch.min.bytes = 1
	group.id = inventory-service
	group.instance.id = null
	group.protocol = classic
	group.remote.assignor = null
	heartbeat.interval.ms = 3000
	interceptor.classes = []
	internal.throw.on.fetch.stable.offset.unsupported = false
	isolation.level = read_uncommitted
	key.deserializer = class org.apache.kafka.common.serialization.LongDeserializer
	max.partition.fetch.bytes = 1048576
	max.poll.interval.ms = 300000
	max.poll.records = 500
	metadata.max.age.ms = 300000
	metadata.recovery.rebootstrap.trigger.ms = 300000
	metadata.recovery.strategy = rebootstrap
	metric.reporters = [org.apache.kafka.common.metrics.JmxReporter]
	metrics.num.samples = 2
	metrics.recording.level = INFO
	metrics.sample.window.ms = 30000
	partition.assignment.strategy = [class org.apache.kafka.clients.consumer.RangeAssignor, class org.apache.kafka.clients.consumer.CooperativeStickyAssignor]
	receive.buffer.bytes = 65536
	reconnect.backoff.max.ms = 1000
	reconnect.backoff.ms = 50
	request.timeout.ms = 30000
	retry.backoff.max.ms = 1000
	retry.backoff.ms = 100
	sasl.client.callback.handler.class = null
	sasl.jaas.config = null
	sasl.kerberos.kinit.cmd = /usr/bin/kinit
	sasl.kerberos.min.time.before.relogin = 60000
	sasl.kerberos.service.name = null
	sasl.kerberos.ticket.renew.jitter = 0.05
	sasl.kerberos.ticket.renew.window.factor = 0.8
	sasl.login.callback.handler.class = null
	sasl.login.class = null
	sasl.login.connect.timeout.ms = null
	sasl.login.read.timeout.ms = null
	sasl.login.refresh.buffer.seconds = 300
	sasl.login.refresh.min.period.seconds = 60
	sasl.login.refresh.window.factor = 0.8
	sasl.login.refresh.window.jitter = 0.05
	sasl.login.retry.backoff.max.ms = 10000
	sasl.login.retry.backoff.ms = 100
	sasl.mechanism = GSSAPI
	sasl.oauthbearer.assertion.algorithm = RS256
	sasl.oauthbearer.assertion.claim.aud = null
	sasl.oauthbearer.assertion.claim.exp.seconds = 300
	sasl.oauthbearer.assertion.claim.iss = null
	sasl.oauthbearer.assertion.claim.jti.include = false
	sasl.oauthbearer.assertion.claim.nbf.seconds = 60
	sasl.oauthbearer.assertion.claim.sub = null
	sasl.oauthbearer.assertion.file = null
	sasl.oauthbearer.assertion.private.key.file = null
	sasl.oauthbearer.assertion.private.key.passphrase = null
	sasl.oauthbearer.assertion.template.file = null
	sasl.oauthbearer.client.credentials.client.id = null
	sasl.oauthbearer.client.credentials.client.secret = null
	sasl.oauthbearer.clock.skew.seconds = 30
	sasl.oauthbearer.expected.audience = []
	sasl.oauthbearer.expected.issuer = null
	sasl.oauthbearer.header.urlencode = false
	sasl.oauthbearer.jwks.endpoint.refresh.ms = 3600000
	sasl.oauthbearer.jwks.endpoint.retry.backoff.max.ms = 10000
	sasl.oauthbearer.jwks.endpoint.retry.backoff.ms = 100
	sasl.oauthbearer.jwks.endpoint.url = null
	sasl.oauthbearer.jwt.retriever.class = class org.apache.kafka.common.security.oauthbearer.DefaultJwtRetriever
	sasl.oauthbearer.jwt.validator.class = class org.apache.kafka.common.security.oauthbearer.DefaultJwtValidator
	sasl.oauthbearer.scope = null
	sasl.oauthbearer.scope.claim.name = scope
	sasl.oauthbearer.sub.claim.name = sub
	sasl.oauthbearer.token.endpoint.url = null
	security.protocol = PLAINTEXT
	security.providers = null
	send.buffer.bytes = 131072
	session.timeout.ms = 45000
	share.acknowledgement.mode = implicit
	share.acquire.mode = BATCH_OPTIMIZED
	socket.connection.setup.timeout.max.ms = 30000
	socket.connection.setup.timeout.ms = 10000
	ssl.cipher.suites = []
	ssl.enabled.protocols = [TLSv1.2, TLSv1.3]
	ssl.endpoint.identification.algorithm = https
	ssl.engine.factory.class = null
	ssl.key.password = null
	ssl.keymanager.algorithm = SunX509
	ssl.keystore.certificate.chain = null
	ssl.keystore.key = null
	ssl.keystore.location = null
	ssl.keystore.password = null
	ssl.keystore.type = JKS
	ssl.protocol = TLSv1.3
	ssl.provider = null
	ssl.secure.random.implementation = null
	ssl.trustmanager.algorithm = PKIX
	ssl.truststore.certificates = null
	ssl.truststore.location = null
	ssl.truststore.password = null
	ssl.truststore.type = JKS
	value.deserializer = class org.springframework.kafka.support.serializer.JacksonJsonDeserializer

12-08-2026 18:02:50.413 [main] [-] INFO  inventory-service-o.a.k.c.t.i.KafkaMetricsCollector.init - initializing Kafka metrics collector
12-08-2026 18:02:50.493 [main] [-] INFO  inventory-service-o.a.kafka.common.utils.AppInfoParser.<init> - Kafka version: 4.2.1
12-08-2026 18:02:50.493 [main] [-] INFO  inventory-service-o.a.kafka.common.utils.AppInfoParser.<init> - Kafka commitId: 92f61c44867f39dc
12-08-2026 18:02:50.493 [main] [-] INFO  inventory-service-o.a.kafka.common.utils.AppInfoParser.<init> - Kafka startTimeMs: 1786537970493
12-08-2026 18:02:50.512 [main] [-] INFO  inventory-service-o.a.k.c.c.i.ClassicKafkaConsumer.subscribeInternal - [Consumer clientId=consumer-inventory-service-1, groupId=inventory-service] Subscribed to topic(s): order-created-topic
12-08-2026 18:02:50.541 [main] [-] INFO  inventory-service-c.n.i.InventoryServiceApplication.logStarted - Started InventoryServiceApplication in 11.802 seconds (process running for 13.114)
12-08-2026 18:02:50.547 [org.springframework.kafka.KafkaListenerEndpointContainer#0-0-C-1] [-] INFO  inventory-service-org.apache.kafka.clients.Metadata.update - [Consumer clientId=consumer-inventory-service-1, groupId=inventory-service] Cluster ID: MkU3OEVBNTcwNTJENDM2Qk
12-08-2026 18:02:50.550 [org.springframework.kafka.KafkaListenerEndpointContainer#0-0-C-1] [-] INFO  inventory-service-o.a.k.c.c.i.ConsumerCoordinator.onSuccess - [Consumer clientId=consumer-inventory-service-1, groupId=inventory-service] Discovered group coordinator localhost:9092 (id: 2147483646 rack: null isFenced: false)
12-08-2026 18:02:50.554 [org.springframework.kafka.KafkaListenerEndpointContainer#0-0-C-1] [-] INFO  inventory-service-o.a.k.c.c.i.ConsumerCoordinator.sendJoinGroupRequest - [Consumer clientId=consumer-inventory-service-1, groupId=inventory-service] (Re-)joining group
12-08-2026 18:02:50.581 [org.springframework.kafka.KafkaListenerEndpointContainer#0-0-C-1] [-] INFO  inventory-service-o.a.k.c.c.i.ConsumerCoordinator.requestRejoin - [Consumer clientId=consumer-inventory-service-1, groupId=inventory-service] Request joining group due to: need to re-join with the given member-id: consumer-inventory-service-1-e052d016-c9e6-41bc-b484-d44f049e252e
12-08-2026 18:02:50.582 [org.springframework.kafka.KafkaListenerEndpointContainer#0-0-C-1] [-] INFO  inventory-service-o.a.k.c.c.i.ConsumerCoordinator.sendJoinGroupRequest - [Consumer clientId=consumer-inventory-service-1, groupId=inventory-service] (Re-)joining group
12-08-2026 18:02:50.589 [org.springframework.kafka.KafkaListenerEndpointContainer#0-0-C-1] [-] INFO  inventory-service-o.a.k.c.c.i.ConsumerCoordinator.handle - [Consumer clientId=consumer-inventory-service-1, groupId=inventory-service] Successfully joined group with generation Generation{generationId=20, memberId='consumer-inventory-service-1-e052d016-c9e6-41bc-b484-d44f049e252e', protocol='range'}
12-08-2026 18:02:50.599 [org.springframework.kafka.KafkaListenerEndpointContainer#0-0-C-1] [-] INFO  inventory-service-o.a.k.c.c.i.ConsumerCoordinator.onLeaderElected - [Consumer clientId=consumer-inventory-service-1, groupId=inventory-service] Finished assignment for group at generation 20: {consumer-inventory-service-1-e052d016-c9e6-41bc-b484-d44f049e252e=Assignment(partitions=[order-created-topic-0, order-created-topic-1, order-created-topic-2])}
12-08-2026 18:02:50.608 [org.springframework.kafka.KafkaListenerEndpointContainer#0-0-C-1] [-] INFO  inventory-service-o.a.k.c.c.i.ConsumerCoordinator.handle - [Consumer clientId=consumer-inventory-service-1, groupId=inventory-service] Successfully synced group in generation Generation{generationId=20, memberId='consumer-inventory-service-1-e052d016-c9e6-41bc-b484-d44f049e252e', protocol='range'}
12-08-2026 18:02:50.609 [org.springframework.kafka.KafkaListenerEndpointContainer#0-0-C-1] [-] INFO  inventory-service-o.a.k.c.c.i.ConsumerCoordinator.invokeOnAssignment - [Consumer clientId=consumer-inventory-service-1, groupId=inventory-service] Notifying assignor about the new Assignment(partitions=[order-created-topic-0, order-created-topic-1, order-created-topic-2])
12-08-2026 18:02:50.612 [org.springframework.kafka.KafkaListenerEndpointContainer#0-0-C-1] [-] INFO  inventory-service-o.a.k.c.c.i.ConsumerRebalanceListenerInvoker.invokePartitionsAssigned - [Consumer clientId=consumer-inventory-service-1, groupId=inventory-service] Adding newly assigned partitions: [order-created-topic-0, order-created-topic-1, order-created-topic-2]
12-08-2026 18:02:50.626 [org.springframework.kafka.KafkaListenerEndpointContainer#0-0-C-1] [-] INFO  inventory-service-o.a.k.c.c.internals.ConsumerUtils.refreshCommittedOffsets - Setting offset for partition order-created-topic-0 to the committed offset FetchPosition{offset=3, offsetEpoch=Optional.empty, currentLeader=LeaderAndEpoch{leader=Optional[localhost:9092 (id: 1 rack: null isFenced: false)], epoch=0}}
12-08-2026 18:02:50.629 [org.springframework.kafka.KafkaListenerEndpointContainer#0-0-C-1] [-] INFO  inventory-service-o.a.k.c.c.internals.ConsumerUtils.refreshCommittedOffsets - Setting offset for partition order-created-topic-2 to the committed offset FetchPosition{offset=0, offsetEpoch=Optional.empty, currentLeader=LeaderAndEpoch{leader=Optional[localhost:9092 (id: 1 rack: null isFenced: false)], epoch=0}}
12-08-2026 18:02:50.629 [org.springframework.kafka.KafkaListenerEndpointContainer#0-0-C-1] [-] INFO  inventory-service-o.a.k.c.c.internals.ConsumerUtils.refreshCommittedOffsets - Setting offset for partition order-created-topic-1 to the committed offset FetchPosition{offset=0, offsetEpoch=Optional.empty, currentLeader=LeaderAndEpoch{leader=Optional[localhost:9092 (id: 1 rack: null isFenced: false)], epoch=0}}
12-08-2026 18:02:50.631 [org.springframework.kafka.KafkaListenerEndpointContainer#0-0-C-1] [-] INFO  inventory-service-o.s.k.l.KafkaMessageListenerContainer.info - inventory-service: partitions assigned: [order-created-topic-0, order-created-topic-1, order-created-topic-2]
12-08-2026 18:04:38.772 [org.springframework.kafka.KafkaListenerEndpointContainer#0-0-C-1] [-] WARN  inventory-service-o.a.k.c.c.internals.FetchCollector.handleInitializeErrors - [Consumer clientId=consumer-inventory-service-1, groupId=inventory-service] Received unknown topic or partition error in fetch for partition order-created-topic-1
12-08-2026 18:04:38.781 [org.springframework.kafka.KafkaListenerEndpointContainer#0-0-C-1] [-] WARN  inventory-service-o.apache.kafka.clients.NetworkClient.handleSuccessfulResponse - [Consumer clientId=consumer-inventory-service-1, groupId=inventory-service] The metadata response from the cluster reported a recoverable issue with correlation id 266 : {order-created-topic=UNKNOWN_TOPIC_OR_PARTITION}
12-08-2026 18:04:38.785 [org.springframework.kafka.KafkaListenerEndpointContainer#0-0-C-1] [-] INFO  inventory-service-o.a.k.c.c.i.ConsumerCoordinator.requestRejoin - [Consumer clientId=consumer-inventory-service-1, groupId=inventory-service] Request joining group due to: cached metadata has changed from (version2: {order-created-topic=[NO_RACKS, NO_RACKS, NO_RACKS]}) at the beginning of the rebalance to (version3: {order-created-topic=[]})
12-08-2026 18:04:38.789 [org.springframework.kafka.KafkaListenerEndpointContainer#0-0-C-1] [-] INFO  inventory-service-o.a.k.c.c.i.ConsumerRebalanceListenerInvoker.invokePartitionsRevoked - [Consumer clientId=consumer-inventory-service-1, groupId=inventory-service] Revoke previously assigned partitions [order-created-topic-0, order-created-topic-1, order-created-topic-2]
12-08-2026 18:04:38.790 [org.springframework.kafka.KafkaListenerEndpointContainer#0-0-C-1] [-] INFO  inventory-service-o.s.k.l.KafkaMessageListenerContainer.info - inventory-service: partitions revoked: [order-created-topic-0, order-created-topic-1, order-created-topic-2]
12-08-2026 18:04:38.792 [org.springframework.kafka.KafkaListenerEndpointContainer#0-0-C-1] [-] INFO  inventory-service-o.a.k.c.c.i.ConsumerCoordinator.sendJoinGroupRequest - [Consumer clientId=consumer-inventory-service-1, groupId=inventory-service] (Re-)joining group
12-08-2026 18:04:38.811 [org.springframework.kafka.KafkaListenerEndpointContainer#0-0-C-1] [-] INFO  inventory-service-o.a.k.c.c.i.ConsumerCoordinator.handle - [Consumer clientId=consumer-inventory-service-1, groupId=inventory-service] Successfully joined group with generation Generation{generationId=21, memberId='consumer-inventory-service-1-e052d016-c9e6-41bc-b484-d44f049e252e', protocol='range'}
12-08-2026 18:04:38.914 [org.springframework.kafka.KafkaListenerEndpointContainer#0-0-C-1] [-] WARN  inventory-service-o.apache.kafka.clients.NetworkClient.handleSuccessfulResponse - [Consumer clientId=consumer-inventory-service-1, groupId=inventory-service] The metadata response from the cluster reported a recoverable issue with correlation id 268 : {order-created-topic=UNKNOWN_TOPIC_OR_PARTITION}
12-08-2026 18:04:38.915 [org.springframework.kafka.KafkaListenerEndpointContainer#0-0-C-1] [-] INFO  inventory-service-o.a.k.c.c.i.ConsumerCoordinator.onLeaderElected - [Consumer clientId=consumer-inventory-service-1, groupId=inventory-service] Finished assignment for group at generation 21: {consumer-inventory-service-1-e052d016-c9e6-41bc-b484-d44f049e252e=Assignment(partitions=[])}
12-08-2026 18:04:38.920 [org.springframework.kafka.KafkaListenerEndpointContainer#0-0-C-1] [-] INFO  inventory-service-o.a.k.c.c.i.ConsumerCoordinator.handle - [Consumer clientId=consumer-inventory-service-1, groupId=inventory-service] Successfully synced group in generation Generation{generationId=21, memberId='consumer-inventory-service-1-e052d016-c9e6-41bc-b484-d44f049e252e', protocol='range'}
12-08-2026 18:04:38.921 [org.springframework.kafka.KafkaListenerEndpointContainer#0-0-C-1] [-] INFO  inventory-service-o.a.k.c.c.i.ConsumerCoordinator.invokeOnAssignment - [Consumer clientId=consumer-inventory-service-1, groupId=inventory-service] Notifying assignor about the new Assignment(partitions=[])
12-08-2026 18:04:38.922 [org.springframework.kafka.KafkaListenerEndpointContainer#0-0-C-1] [-] INFO  inventory-service-o.a.k.c.c.i.ConsumerRebalanceListenerInvoker.invokePartitionsAssigned - [Consumer clientId=consumer-inventory-service-1, groupId=inventory-service] Adding newly assigned partitions: []
12-08-2026 18:04:38.922 [org.springframework.kafka.KafkaListenerEndpointContainer#0-0-C-1] [-] INFO  inventory-service-o.s.k.l.KafkaMessageListenerContainer.info - inventory-service: partitions assigned: []
12-08-2026 18:04:39.138 [org.springframework.kafka.KafkaListenerEndpointContainer#0-0-C-1] [-] INFO  inventory-service-org.apache.kafka.clients.Metadata.updateLatestMetadata - [Consumer clientId=consumer-inventory-service-1, groupId=inventory-service] Resetting the last seen epoch of partition order-created-topic-0 to 0 since the associated topicId changed from null to SLfi39e4T92lAYriRs8xEA
12-08-2026 18:04:39.139 [org.springframework.kafka.KafkaListenerEndpointContainer#0-0-C-1] [-] INFO  inventory-service-o.a.k.c.c.i.ConsumerCoordinator.requestRejoin - [Consumer clientId=consumer-inventory-service-1, groupId=inventory-service] Request joining group due to: cached metadata has changed from (version4: {order-created-topic=[]}) at the beginning of the rebalance to (version5: {order-created-topic=[NO_RACKS]})
12-08-2026 18:04:39.139 [org.springframework.kafka.KafkaListenerEndpointContainer#0-0-C-1] [-] INFO  inventory-service-o.a.k.c.c.i.ConsumerRebalanceListenerInvoker.invokePartitionsRevoked - [Consumer clientId=consumer-inventory-service-1, groupId=inventory-service] Revoke previously assigned partitions []
12-08-2026 18:04:39.140 [org.springframework.kafka.KafkaListenerEndpointContainer#0-0-C-1] [-] INFO  inventory-service-o.s.k.l.KafkaMessageListenerContainer.info - inventory-service: partitions revoked: []
12-08-2026 18:04:39.140 [org.springframework.kafka.KafkaListenerEndpointContainer#0-0-C-1] [-] INFO  inventory-service-o.a.k.c.c.i.ConsumerCoordinator.sendJoinGroupRequest - [Consumer clientId=consumer-inventory-service-1, groupId=inventory-service] (Re-)joining group
12-08-2026 18:04:39.143 [org.springframework.kafka.KafkaListenerEndpointContainer#0-0-C-1] [-] INFO  inventory-service-o.a.k.c.c.i.ConsumerCoordinator.handle - [Consumer clientId=consumer-inventory-service-1, groupId=inventory-service] Successfully joined group with generation Generation{generationId=22, memberId='consumer-inventory-service-1-e052d016-c9e6-41bc-b484-d44f049e252e', protocol='range'}
12-08-2026 18:04:39.144 [org.springframework.kafka.KafkaListenerEndpointContainer#0-0-C-1] [-] INFO  inventory-service-o.a.k.c.c.i.ConsumerCoordinator.onLeaderElected - [Consumer clientId=consumer-inventory-service-1, groupId=inventory-service] Finished assignment for group at generation 22: {consumer-inventory-service-1-e052d016-c9e6-41bc-b484-d44f049e252e=Assignment(partitions=[order-created-topic-0])}
12-08-2026 18:04:39.147 [org.springframework.kafka.KafkaListenerEndpointContainer#0-0-C-1] [-] INFO  inventory-service-o.a.k.c.c.i.ConsumerCoordinator.handle - [Consumer clientId=consumer-inventory-service-1, groupId=inventory-service] Successfully synced group in generation Generation{generationId=22, memberId='consumer-inventory-service-1-e052d016-c9e6-41bc-b484-d44f049e252e', protocol='range'}
12-08-2026 18:04:39.147 [org.springframework.kafka.KafkaListenerEndpointContainer#0-0-C-1] [-] INFO  inventory-service-o.a.k.c.c.i.ConsumerCoordinator.invokeOnAssignment - [Consumer clientId=consumer-inventory-service-1, groupId=inventory-service] Notifying assignor about the new Assignment(partitions=[order-created-topic-0])
12-08-2026 18:04:39.148 [org.springframework.kafka.KafkaListenerEndpointContainer#0-0-C-1] [-] INFO  inventory-service-o.a.k.c.c.i.ConsumerRebalanceListenerInvoker.invokePartitionsAssigned - [Consumer clientId=consumer-inventory-service-1, groupId=inventory-service] Adding newly assigned partitions: [order-created-topic-0]
12-08-2026 18:04:39.150 [org.springframework.kafka.KafkaListenerEndpointContainer#0-0-C-1] [-] INFO  inventory-service-o.a.k.c.c.i.ConsumerCoordinator.handle - [Consumer clientId=consumer-inventory-service-1, groupId=inventory-service] Found no committed offset for partition order-created-topic-0
12-08-2026 18:04:39.153 [org.springframework.kafka.KafkaListenerEndpointContainer#0-0-C-1] [-] INFO  inventory-service-o.a.k.c.c.i.ConsumerCoordinator.handle - [Consumer clientId=consumer-inventory-service-1, groupId=inventory-service] Found no committed offset for partition order-created-topic-0
12-08-2026 18:04:39.169 [org.springframework.kafka.KafkaListenerEndpointContainer#0-0-C-1] [-] INFO  inventory-service-o.a.k.c.c.i.SubscriptionState.maybeSeekUnvalidated - [Consumer clientId=consumer-inventory-service-1, groupId=inventory-service] Resetting offset for partition order-created-topic-0 to position FetchPosition{offset=0, offsetEpoch=Optional.empty, currentLeader=LeaderAndEpoch{leader=Optional[localhost:9092 (id: 1 rack: null isFenced: false)], epoch=0}}.
12-08-2026 18:04:39.178 [org.springframework.kafka.KafkaListenerEndpointContainer#0-0-C-1] [-] INFO  inventory-service-o.s.k.l.KafkaMessageListenerContainer.info - inventory-service: partitions assigned: [order-created-topic-0]
12-08-2026 18:04:58.776 [SpringApplicationShutdownHook] [-] INFO  inventory-service-o.s.c.n.e.s.EurekaServiceRegistry.deregister - Unregistering application INVENTORY-SERVICE with eureka with status DOWN
12-08-2026 18:04:58.776 [SpringApplicationShutdownHook] [-] INFO  inventory-service-c.netflix.discovery.DiscoveryClient.notify - Saw local status change event StatusChangeEvent [timestamp=1786538098776, current=DOWN, previous=UP]
12-08-2026 18:04:58.777 [DiscoveryClient-InstanceInfoReplicator-%d] [-] INFO  inventory-service-c.netflix.discovery.DiscoveryClient.register - DiscoveryClient_INVENTORY-SERVICE/DESKTOP-5CC3FG7.mshome.net:inventory-service:9030: registering service...
12-08-2026 18:04:58.781 [org.springframework.kafka.KafkaListenerEndpointContainer#0-0-C-1] [-] INFO  inventory-service-o.a.k.c.c.i.ConsumerRebalanceListenerInvoker.invokePartitionsRevoked - [Consumer clientId=consumer-inventory-service-1, groupId=inventory-service] Revoke previously assigned partitions [order-created-topic-0]
12-08-2026 18:04:58.781 [org.springframework.kafka.KafkaListenerEndpointContainer#0-0-C-1] [-] INFO  inventory-service-o.s.k.l.KafkaMessageListenerContainer.info - inventory-service: partitions revoked: [order-created-topic-0]
12-08-2026 18:04:58.781 [DiscoveryClient-InstanceInfoReplicator-%d] [-] INFO  inventory-service-c.netflix.discovery.DiscoveryClient.register - DiscoveryClient_INVENTORY-SERVICE/DESKTOP-5CC3FG7.mshome.net:inventory-service:9030 - registration status: 204
12-08-2026 18:04:58.782 [org.springframework.kafka.KafkaListenerEndpointContainer#0-0-C-1] [-] INFO  inventory-service-o.a.k.c.c.i.ConsumerCoordinator.maybeLeaveGroup - [Consumer clientId=consumer-inventory-service-1, groupId=inventory-service] Member consumer-inventory-service-1-e052d016-c9e6-41bc-b484-d44f049e252e sending LeaveGroup request to coordinator localhost:9092 (id: 2147483646 rack: null isFenced: false) due to the consumer unsubscribed from all topics
12-08-2026 18:04:58.783 [org.springframework.kafka.KafkaListenerEndpointContainer#0-0-C-1] [-] INFO  inventory-service-o.a.k.c.c.i.ConsumerCoordinator.resetStateAndGeneration - [Consumer clientId=consumer-inventory-service-1, groupId=inventory-service] Resetting generation and member id due to: consumer pro-actively leaving the group
12-08-2026 18:04:58.783 [org.springframework.kafka.KafkaListenerEndpointContainer#0-0-C-1] [-] INFO  inventory-service-o.a.k.c.c.i.ConsumerCoordinator.requestRejoin - [Consumer clientId=consumer-inventory-service-1, groupId=inventory-service] Request joining group due to: consumer pro-actively leaving the group
12-08-2026 18:04:58.783 [org.springframework.kafka.KafkaListenerEndpointContainer#0-0-C-1] [-] INFO  inventory-service-o.a.k.c.c.i.ClassicKafkaConsumer.unsubscribe - [Consumer clientId=consumer-inventory-service-1, groupId=inventory-service] Unsubscribed all topics or patterns and assigned partitions
12-08-2026 18:04:58.785 [org.springframework.kafka.KafkaListenerEndpointContainer#0-0-C-1] [-] INFO  inventory-service-o.a.k.c.c.i.ConsumerCoordinator.resetStateAndGeneration - [Consumer clientId=consumer-inventory-service-1, groupId=inventory-service] Resetting generation and member id due to: consumer pro-actively leaving the group
12-08-2026 18:04:58.786 [org.springframework.kafka.KafkaListenerEndpointContainer#0-0-C-1] [-] INFO  inventory-service-o.a.k.c.c.i.ConsumerCoordinator.requestRejoin - [Consumer clientId=consumer-inventory-service-1, groupId=inventory-service] Request joining group due to: consumer pro-actively leaving the group
12-08-2026 18:04:58.855 [org.springframework.kafka.KafkaListenerEndpointContainer#0-0-C-1] [-] INFO  inventory-service-o.a.kafka.common.metrics.Metrics.close - Metrics scheduler closed
12-08-2026 18:04:58.855 [org.springframework.kafka.KafkaListenerEndpointContainer#0-0-C-1] [-] INFO  inventory-service-o.a.kafka.common.metrics.Metrics.close - Closing reporter org.apache.kafka.common.metrics.JmxReporter
12-08-2026 18:04:58.856 [org.springframework.kafka.KafkaListenerEndpointContainer#0-0-C-1] [-] INFO  inventory-service-o.a.kafka.common.metrics.Metrics.close - Closing reporter org.apache.kafka.common.telemetry.internals.ClientTelemetryReporter
12-08-2026 18:04:58.856 [org.springframework.kafka.KafkaListenerEndpointContainer#0-0-C-1] [-] INFO  inventory-service-o.a.kafka.common.metrics.Metrics.close - Metrics reporters closed
12-08-2026 18:04:58.861 [org.springframework.kafka.KafkaListenerEndpointContainer#0-0-C-1] [-] INFO  inventory-service-o.a.kafka.common.utils.AppInfoParser.unregisterAppInfo - App info kafka.consumer for consumer-inventory-service-1 unregistered
12-08-2026 18:04:58.863 [org.springframework.kafka.KafkaListenerEndpointContainer#0-0-C-1] [-] INFO  inventory-service-o.s.k.l.KafkaMessageListenerContainer.info - inventory-service: Consumer stopped
12-08-2026 18:04:58.866 [SpringApplicationShutdownHook] [-] INFO  inventory-service-o.s.boot.tomcat.GracefulShutdown.shutDownGracefully - Commencing graceful shutdown. Waiting for active requests to complete
12-08-2026 18:04:58.874 [tomcat-shutdown] [-] INFO  inventory-service-o.s.boot.tomcat.GracefulShutdown.doShutdown - Graceful shutdown complete
12-08-2026 18:04:58.884 [SpringApplicationShutdownHook] [-] INFO  inventory-service-o.s.o.j.LocalContainerEntityManagerFactoryBean.destroy - Closing JPA EntityManagerFactory for persistence unit 'default'
12-08-2026 18:04:58.923 [SpringApplicationShutdownHook] [-] INFO  inventory-service-com.zaxxer.hikari.HikariDataSource.close - HikariPool-1 - Shutdown initiated...
12-08-2026 18:04:58.936 [SpringApplicationShutdownHook] [-] INFO  inventory-service-com.zaxxer.hikari.HikariDataSource.close - HikariPool-1 - Shutdown completed.
12-08-2026 18:04:59.940 [SpringApplicationShutdownHook] [-] INFO  inventory-service-c.netflix.discovery.DiscoveryClient.shutdown - Shutting down DiscoveryClient ...
12-08-2026 18:05:02.941 [SpringApplicationShutdownHook] [-] INFO  inventory-service-c.netflix.discovery.DiscoveryClient.unregister - Unregistering ...
12-08-2026 18:05:02.949 [SpringApplicationShutdownHook] [-] INFO  inventory-service-c.netflix.discovery.DiscoveryClient.unregister - DiscoveryClient_INVENTORY-SERVICE/DESKTOP-5CC3FG7.mshome.net:inventory-service:9030 - deregister  status: 200
12-08-2026 18:05:02.949 [SpringApplicationShutdownHook] [-] INFO  inventory-service-c.netflix.discovery.DiscoveryClient.shutdown - Completed shut down of DiscoveryClient
12-08-2026 18:05:08.781 [main] [-] INFO  inventory-service-c.n.i.InventoryServiceApplication.logStarting - Starting InventoryServiceApplication using Java 25.0.3 with PID 2824 (C:\Users\Admin\Documents\SpringBoot_learnings\eCommerce\inventory-service\target\classes started by Admin in C:\Users\Admin\Documents\SpringBoot_learnings\eCommerce)
12-08-2026 18:05:08.787 [main] [-] INFO  inventory-service-c.n.i.InventoryServiceApplication.logStartupProfileInfo - No active profile set, falling back to 1 default profile: "default"
12-08-2026 18:05:08.875 [main] [-] INFO  inventory-service-o.s.c.c.c.ConfigServerConfigDataLoader.log - Fetching config from server at : http://localhost:8888
12-08-2026 18:05:08.875 [main] [-] INFO  inventory-service-o.s.c.c.c.ConfigServerConfigDataLoader.log - Located environment: name=inventory-service, profiles=[default], label=null, version=0ea68e7bd44f5a1fe092f8c5aa4a27ddfcec0fa8, state=
12-08-2026 18:05:10.527 [main] [-] INFO  inventory-service-o.s.d.r.c.RepositoryConfigurationDelegate.registerRepositoriesIn - Bootstrapping Spring Data JPA repositories in DEFAULT mode.
12-08-2026 18:05:10.785 [main] [-] INFO  inventory-service-o.s.d.r.c.RepositoryConfigurationDelegate.registerRepositoriesIn - Finished Spring Data repository scanning in 242 ms. Found 1 JPA repository interface.
12-08-2026 18:05:11.369 [main] [-] INFO  inventory-service-o.s.cloud.context.scope.GenericScope.setSerializationId - BeanFactory id=72fd837d-ddf5-31f0-9e51-ac3377db1a75
12-08-2026 18:05:11.844 [main] [-] INFO  inventory-service-o.s.boot.tomcat.TomcatWebServer.initialize - Tomcat initialized with port 9030 (http)
12-08-2026 18:05:11.856 [main] [-] INFO  inventory-service-o.a.coyote.http11.Http11NioProtocol.log - Initializing ProtocolHandler ["http-nio-9030"]
12-08-2026 18:05:11.858 [main] [-] INFO  inventory-service-o.a.catalina.core.StandardService.log - Starting service [Tomcat]
12-08-2026 18:05:11.859 [main] [-] INFO  inventory-service-o.a.catalina.core.StandardEngine.log - Starting Servlet engine: [Apache Tomcat/11.0.22]
12-08-2026 18:05:11.940 [main] [-] INFO  inventory-service-o.s.b.w.c.s.WebApplicationContextInitializer.prepareWebApplicationContext - Root WebApplicationContext: initialization completed in 3060 ms
12-08-2026 18:05:12.467 [main] [-] INFO  inventory-service-org.hibernate.orm.jpa.logPersistenceUnitInformation - HHH008540: Processing PersistenceUnitInfo [name: default]
12-08-2026 18:05:12.524 [main] [-] INFO  inventory-service-org.hibernate.orm.core.logVersion - HHH000001: Hibernate ORM core version 7.4.1.Final
12-08-2026 18:05:13.097 [main] [-] INFO  inventory-service-o.s.o.j.p.SpringPersistenceUnitInfo.addTransformer - No LoadTimeWeaver setup: ignoring JPA class transformer
12-08-2026 18:05:13.146 [main] [-] INFO  inventory-service-com.zaxxer.hikari.HikariDataSource.getConnection - HikariPool-1 - Starting...
12-08-2026 18:05:13.362 [main] [-] INFO  inventory-service-com.zaxxer.hikari.pool.HikariPool.checkFailFast - HikariPool-1 - Added connection com.mysql.cj.jdbc.ConnectionImpl@1a1c308b
12-08-2026 18:05:13.365 [main] [-] INFO  inventory-service-com.zaxxer.hikari.HikariDataSource.getConnection - HikariPool-1 - Start completed.
12-08-2026 18:05:13.486 [main] [-] INFO  inventory-service-o.hibernate.orm.connections.pooling.logConnectionInfo - HHH10001005: Database info:
	Database JDBC URL [jdbc:mysql://localhost:3306/inventorydb?useSSL=false]
	Database driver: MySQL Connector/J
	Database dialect: MySQLDialect
	Database version: 8.0.46
	Default catalog/schema: inventorydb/undefined
	Autocommit mode: undefined/unknown
	Isolation level: REPEATABLE_READ [default REPEATABLE_READ]
	JDBC fetch size: none
	Pool: DataSourceConnectionProvider
	Minimum pool size: undefined/unknown
	Maximum pool size: undefined/unknown
12-08-2026 18:05:14.687 [main] [-] INFO  inventory-service-org.hibernate.orm.core.initiateService - HHH000489: No JTA platform available (set 'hibernate.transaction.jta.platform' to enable JTA platform integration)
12-08-2026 18:05:14.798 [main] [-] INFO  inventory-service-o.s.o.j.LocalContainerEntityManagerFactoryBean.buildNativeEntityManagerFactory - Initialized JPA EntityManagerFactory for persistence unit 'default'
12-08-2026 18:05:14.911 [main] [-] INFO  inventory-service-o.s.d.j.r.q.QueryEnhancerFactories.<clinit> - Hibernate is in classpath; If applicable, HQL parser will be used.
12-08-2026 18:05:15.397 [main] [-] WARN  inventory-service-o.s.b.j.a.JpaBaseConfiguration$JpaWebConfiguration.openEntityManagerInViewInterceptor - spring.jpa.open-in-view is enabled by default. Therefore, database queries may be performed during view rendering. Explicitly configure spring.jpa.open-in-view to disable this warning
12-08-2026 18:05:15.487 [main] [-] INFO  inventory-service-o.s.c.o.FeignClientFactoryBean.getTarget - For 'order-service' URL not provided. Will try picking an instance via load-balancing.
12-08-2026 18:05:16.327 [main] [-] INFO  inventory-service-o.s.c.n.e.c.DiscoveryClientOptionalArgsConfiguration.restClientDiscoveryClientOptionalArgs - Eureka HTTP Client uses RestClient.
12-08-2026 18:05:16.361 [main] [-] WARN  inventory-service-o.s.c.l.c.LoadBalancerCacheAutoConfiguration$LoadBalancerCaffeineWarnLogger.afterPropertiesSet - Spring Cloud LoadBalancer is currently working with the default cache. While this cache implementation is useful for development and tests, it's recommended to use Caffeine cache in production.You can switch to using Caffeine cache, by adding it and org.springframework.cache.caffeine.CaffeineCacheManager to the classpath.
12-08-2026 18:05:16.383 [main] [-] INFO  inventory-service-o.s.b.a.e.web.EndpointLinksResolver.<init> - Exposing 16 endpoints beneath base path '/actuator'
12-08-2026 18:05:16.568 [main] [-] INFO  inventory-service-o.a.k.common.config.AbstractConfig.logAll - AdminClientConfig values: 
	bootstrap.controllers = []
	bootstrap.servers = [localhost:9092]
	client.dns.lookup = use_all_dns_ips
	client.id = inventory-service-admin-0
	config.providers = []
	connections.max.idle.ms = 300000
	default.api.timeout.ms = 60000
	enable.metrics.push = false
	metadata.max.age.ms = 300000
	metadata.recovery.rebootstrap.trigger.ms = 300000
	metadata.recovery.strategy = rebootstrap
	metric.reporters = [org.apache.kafka.common.metrics.JmxReporter]
	metrics.num.samples = 2
	metrics.recording.level = INFO
	metrics.sample.window.ms = 30000
	receive.buffer.bytes = 65536
	reconnect.backoff.max.ms = 1000
	reconnect.backoff.ms = 50
	request.timeout.ms = 30000
	retries = 2147483647
	retry.backoff.max.ms = 1000
	retry.backoff.ms = 100
	sasl.client.callback.handler.class = null
	sasl.jaas.config = null
	sasl.kerberos.kinit.cmd = /usr/bin/kinit
	sasl.kerberos.min.time.before.relogin = 60000
	sasl.kerberos.service.name = null
	sasl.kerberos.ticket.renew.jitter = 0.05
	sasl.kerberos.ticket.renew.window.factor = 0.8
	sasl.login.callback.handler.class = null
	sasl.login.class = null
	sasl.login.connect.timeout.ms = null
	sasl.login.read.timeout.ms = null
	sasl.login.refresh.buffer.seconds = 300
	sasl.login.refresh.min.period.seconds = 60
	sasl.login.refresh.window.factor = 0.8
	sasl.login.refresh.window.jitter = 0.05
	sasl.login.retry.backoff.max.ms = 10000
	sasl.login.retry.backoff.ms = 100
	sasl.mechanism = GSSAPI
	sasl.oauthbearer.assertion.algorithm = RS256
	sasl.oauthbearer.assertion.claim.aud = null
	sasl.oauthbearer.assertion.claim.exp.seconds = 300
	sasl.oauthbearer.assertion.claim.iss = null
	sasl.oauthbearer.assertion.claim.jti.include = false
	sasl.oauthbearer.assertion.claim.nbf.seconds = 60
	sasl.oauthbearer.assertion.claim.sub = null
	sasl.oauthbearer.assertion.file = null
	sasl.oauthbearer.assertion.private.key.file = null
	sasl.oauthbearer.assertion.private.key.passphrase = null
	sasl.oauthbearer.assertion.template.file = null
	sasl.oauthbearer.client.credentials.client.id = null
	sasl.oauthbearer.client.credentials.client.secret = null
	sasl.oauthbearer.clock.skew.seconds = 30
	sasl.oauthbearer.expected.audience = []
	sasl.oauthbearer.expected.issuer = null
	sasl.oauthbearer.header.urlencode = false
	sasl.oauthbearer.jwks.endpoint.refresh.ms = 3600000
	sasl.oauthbearer.jwks.endpoint.retry.backoff.max.ms = 10000
	sasl.oauthbearer.jwks.endpoint.retry.backoff.ms = 100
	sasl.oauthbearer.jwks.endpoint.url = null
	sasl.oauthbearer.jwt.retriever.class = class org.apache.kafka.common.security.oauthbearer.DefaultJwtRetriever
	sasl.oauthbearer.jwt.validator.class = class org.apache.kafka.common.security.oauthbearer.DefaultJwtValidator
	sasl.oauthbearer.scope = null
	sasl.oauthbearer.scope.claim.name = scope
	sasl.oauthbearer.sub.claim.name = sub
	sasl.oauthbearer.token.endpoint.url = null
	security.protocol = PLAINTEXT
	security.providers = null
	send.buffer.bytes = 131072
	socket.connection.setup.timeout.max.ms = 30000
	socket.connection.setup.timeout.ms = 10000
	ssl.cipher.suites = []
	ssl.enabled.protocols = [TLSv1.2, TLSv1.3]
	ssl.endpoint.identification.algorithm = https
	ssl.engine.factory.class = null
	ssl.key.password = null
	ssl.keymanager.algorithm = SunX509
	ssl.keystore.certificate.chain = null
	ssl.keystore.key = null
	ssl.keystore.location = null
	ssl.keystore.password = null
	ssl.keystore.type = JKS
	ssl.protocol = TLSv1.3
	ssl.provider = null
	ssl.secure.random.implementation = null
	ssl.trustmanager.algorithm = PKIX
	ssl.truststore.certificates = null
	ssl.truststore.location = null
	ssl.truststore.password = null
	ssl.truststore.type = JKS

12-08-2026 18:05:16.729 [main] [-] INFO  inventory-service-o.a.kafka.common.utils.AppInfoParser.<init> - Kafka version: 4.2.1
12-08-2026 18:05:16.729 [main] [-] INFO  inventory-service-o.a.kafka.common.utils.AppInfoParser.<init> - Kafka commitId: 92f61c44867f39dc
12-08-2026 18:05:16.729 [main] [-] INFO  inventory-service-o.a.kafka.common.utils.AppInfoParser.<init> - Kafka startTimeMs: 1786538116727
12-08-2026 18:05:17.253 [main] [-] INFO  inventory-service-o.s.kafka.core.KafkaAdmin.info - Topic 'order-status-updated' exists but has a different partition count: 1 not 3, increasing if the broker supports it
12-08-2026 18:05:17.303 [main] [-] INFO  inventory-service-o.a.kafka.common.metrics.Metrics.close - Metrics scheduler closed
12-08-2026 18:05:17.304 [main] [-] INFO  inventory-service-o.a.kafka.common.metrics.Metrics.close - Closing reporter org.apache.kafka.common.metrics.JmxReporter
12-08-2026 18:05:17.304 [main] [-] INFO  inventory-service-o.a.kafka.common.metrics.Metrics.close - Metrics reporters closed
12-08-2026 18:05:17.305 [kafka-admin-client-thread | inventory-service-admin-0] [-] INFO  inventory-service-o.a.kafka.common.utils.AppInfoParser.unregisterAppInfo - App info kafka.admin.client for inventory-service-admin-0 unregistered
12-08-2026 18:05:17.316 [kafka-admin-client-thread | inventory-service-admin-0] [-] INFO  inventory-service-o.a.kafka.common.metrics.Metrics.close - Metrics scheduler closed
12-08-2026 18:05:17.316 [kafka-admin-client-thread | inventory-service-admin-0] [-] INFO  inventory-service-o.a.kafka.common.metrics.Metrics.close - Closing reporter org.apache.kafka.common.metrics.JmxReporter
12-08-2026 18:05:17.316 [kafka-admin-client-thread | inventory-service-admin-0] [-] INFO  inventory-service-o.a.kafka.common.metrics.Metrics.close - Metrics reporters closed
12-08-2026 18:05:17.341 [main] [-] INFO  inventory-service-o.s.c.n.eureka.InstanceInfoFactory.create - Setting initial instance status as: STARTING
12-08-2026 18:05:17.380 [main] [-] INFO  inventory-service-c.netflix.discovery.DiscoveryClient.<init> - Initializing Eureka in region us-east-1
12-08-2026 18:05:17.384 [main] [-] INFO  inventory-service-c.n.d.s.r.aws.ConfigClusterResolver.getClusterEndpoints - Resolving eureka endpoints via configuration
12-08-2026 18:05:17.393 [main] [-] INFO  inventory-service-c.netflix.discovery.DiscoveryClient.fetchRegistry - Disable delta property : false
12-08-2026 18:05:17.394 [main] [-] INFO  inventory-service-c.netflix.discovery.DiscoveryClient.fetchRegistry - Single vip registry refresh property : null
12-08-2026 18:05:17.394 [main] [-] INFO  inventory-service-c.netflix.discovery.DiscoveryClient.fetchRegistry - Force full registry fetch : false
12-08-2026 18:05:17.394 [main] [-] INFO  inventory-service-c.netflix.discovery.DiscoveryClient.fetchRegistry - Application is null : false
12-08-2026 18:05:17.394 [main] [-] INFO  inventory-service-c.netflix.discovery.DiscoveryClient.fetchRegistry - Registered Applications size is zero : true
12-08-2026 18:05:17.394 [main] [-] INFO  inventory-service-c.netflix.discovery.DiscoveryClient.fetchRegistry - Application version is -1: true
12-08-2026 18:05:17.394 [main] [-] INFO  inventory-service-c.netflix.discovery.DiscoveryClient.getAndStoreFullRegistry - Getting all instance registry info from the eureka server
12-08-2026 18:05:17.710 [main] [-] INFO  inventory-service-c.netflix.discovery.DiscoveryClient.getAndStoreFullRegistry - The response status is 200
12-08-2026 18:05:17.715 [main] [-] INFO  inventory-service-c.netflix.discovery.DiscoveryClient.initScheduledTasks - Starting heartbeat executor: renew interval is: 10
12-08-2026 18:05:17.722 [main] [-] INFO  inventory-service-c.n.discovery.InstanceInfoReplicator.<init> - InstanceInfoReplicator onDemand update allowed rate per min is 4
12-08-2026 18:05:17.724 [main] [-] INFO  inventory-service-c.netflix.discovery.DiscoveryClient.<init> - Discovery Client initialized at timestamp 1786538117724 with initial instances count: 2
12-08-2026 18:05:17.732 [main] [-] INFO  inventory-service-o.s.c.n.e.s.EurekaServiceRegistry.register - Registering application INVENTORY-SERVICE with eureka with status UP
12-08-2026 18:05:17.733 [main] [-] INFO  inventory-service-c.netflix.discovery.DiscoveryClient.notify - Saw local status change event StatusChangeEvent [timestamp=1786538117733, current=UP, previous=STARTING]
12-08-2026 18:05:17.737 [DiscoveryClient-InstanceInfoReplicator-%d] [-] INFO  inventory-service-c.netflix.discovery.DiscoveryClient.register - DiscoveryClient_INVENTORY-SERVICE/DESKTOP-5CC3FG7.mshome.net:inventory-service:9030: registering service...
12-08-2026 18:05:17.737 [main] [-] INFO  inventory-service-o.a.coyote.http11.Http11NioProtocol.log - Starting ProtocolHandler ["http-nio-9030"]
12-08-2026 18:05:17.756 [main] [-] INFO  inventory-service-o.s.boot.tomcat.TomcatWebServer.start - Tomcat started on port 9030 (http) with context path '/inventory'
12-08-2026 18:05:17.759 [main] [-] INFO  inventory-service-o.s.c.n.e.s.EurekaAutoServiceRegistration.onApplicationEvent - Updating port to 9030
12-08-2026 18:05:17.801 [DiscoveryClient-InstanceInfoReplicator-%d] [-] INFO  inventory-service-c.netflix.discovery.DiscoveryClient.register - DiscoveryClient_INVENTORY-SERVICE/DESKTOP-5CC3FG7.mshome.net:inventory-service:9030 - registration status: 204
12-08-2026 18:05:17.822 [main] [-] INFO  inventory-service-o.a.k.common.config.AbstractConfig.logAll - ConsumerConfig values: 
	allow.auto.create.topics = true
	auto.commit.interval.ms = 5000
	auto.offset.reset = latest
	bootstrap.servers = [localhost:9092]
	check.crcs = true
	client.dns.lookup = use_all_dns_ips
	client.id = consumer-inventory-service-1
	client.rack = 
	config.providers = []
	connections.max.idle.ms = 540000
	default.api.timeout.ms = 60000
	enable.auto.commit = false
	enable.metrics.push = true
	exclude.internal.topics = true
	fetch.max.bytes = 52428800
	fetch.max.wait.ms = 500
	fetch.min.bytes = 1
	group.id = inventory-service
	group.instance.id = null
	group.protocol = classic
	group.remote.assignor = null
	heartbeat.interval.ms = 3000
	interceptor.classes = []
	internal.throw.on.fetch.stable.offset.unsupported = false
	isolation.level = read_uncommitted
	key.deserializer = class org.apache.kafka.common.serialization.LongDeserializer
	max.partition.fetch.bytes = 1048576
	max.poll.interval.ms = 300000
	max.poll.records = 500
	metadata.max.age.ms = 300000
	metadata.recovery.rebootstrap.trigger.ms = 300000
	metadata.recovery.strategy = rebootstrap
	metric.reporters = [org.apache.kafka.common.metrics.JmxReporter]
	metrics.num.samples = 2
	metrics.recording.level = INFO
	metrics.sample.window.ms = 30000
	partition.assignment.strategy = [class org.apache.kafka.clients.consumer.RangeAssignor, class org.apache.kafka.clients.consumer.CooperativeStickyAssignor]
	receive.buffer.bytes = 65536
	reconnect.backoff.max.ms = 1000
	reconnect.backoff.ms = 50
	request.timeout.ms = 30000
	retry.backoff.max.ms = 1000
	retry.backoff.ms = 100
	sasl.client.callback.handler.class = null
	sasl.jaas.config = null
	sasl.kerberos.kinit.cmd = /usr/bin/kinit
	sasl.kerberos.min.time.before.relogin = 60000
	sasl.kerberos.service.name = null
	sasl.kerberos.ticket.renew.jitter = 0.05
	sasl.kerberos.ticket.renew.window.factor = 0.8
	sasl.login.callback.handler.class = null
	sasl.login.class = null
	sasl.login.connect.timeout.ms = null
	sasl.login.read.timeout.ms = null
	sasl.login.refresh.buffer.seconds = 300
	sasl.login.refresh.min.period.seconds = 60
	sasl.login.refresh.window.factor = 0.8
	sasl.login.refresh.window.jitter = 0.05
	sasl.login.retry.backoff.max.ms = 10000
	sasl.login.retry.backoff.ms = 100
	sasl.mechanism = GSSAPI
	sasl.oauthbearer.assertion.algorithm = RS256
	sasl.oauthbearer.assertion.claim.aud = null
	sasl.oauthbearer.assertion.claim.exp.seconds = 300
	sasl.oauthbearer.assertion.claim.iss = null
	sasl.oauthbearer.assertion.claim.jti.include = false
	sasl.oauthbearer.assertion.claim.nbf.seconds = 60
	sasl.oauthbearer.assertion.claim.sub = null
	sasl.oauthbearer.assertion.file = null
	sasl.oauthbearer.assertion.private.key.file = null
	sasl.oauthbearer.assertion.private.key.passphrase = null
	sasl.oauthbearer.assertion.template.file = null
	sasl.oauthbearer.client.credentials.client.id = null
	sasl.oauthbearer.client.credentials.client.secret = null
	sasl.oauthbearer.clock.skew.seconds = 30
	sasl.oauthbearer.expected.audience = []
	sasl.oauthbearer.expected.issuer = null
	sasl.oauthbearer.header.urlencode = false
	sasl.oauthbearer.jwks.endpoint.refresh.ms = 3600000
	sasl.oauthbearer.jwks.endpoint.retry.backoff.max.ms = 10000
	sasl.oauthbearer.jwks.endpoint.retry.backoff.ms = 100
	sasl.oauthbearer.jwks.endpoint.url = null
	sasl.oauthbearer.jwt.retriever.class = class org.apache.kafka.common.security.oauthbearer.DefaultJwtRetriever
	sasl.oauthbearer.jwt.validator.class = class org.apache.kafka.common.security.oauthbearer.DefaultJwtValidator
	sasl.oauthbearer.scope = null
	sasl.oauthbearer.scope.claim.name = scope
	sasl.oauthbearer.sub.claim.name = sub
	sasl.oauthbearer.token.endpoint.url = null
	security.protocol = PLAINTEXT
	security.providers = null
	send.buffer.bytes = 131072
	session.timeout.ms = 45000
	share.acknowledgement.mode = implicit
	share.acquire.mode = BATCH_OPTIMIZED
	socket.connection.setup.timeout.max.ms = 30000
	socket.connection.setup.timeout.ms = 10000
	ssl.cipher.suites = []
	ssl.enabled.protocols = [TLSv1.2, TLSv1.3]
	ssl.endpoint.identification.algorithm = https
	ssl.engine.factory.class = null
	ssl.key.password = null
	ssl.keymanager.algorithm = SunX509
	ssl.keystore.certificate.chain = null
	ssl.keystore.key = null
	ssl.keystore.location = null
	ssl.keystore.password = null
	ssl.keystore.type = JKS
	ssl.protocol = TLSv1.3
	ssl.provider = null
	ssl.secure.random.implementation = null
	ssl.trustmanager.algorithm = PKIX
	ssl.truststore.certificates = null
	ssl.truststore.location = null
	ssl.truststore.password = null
	ssl.truststore.type = JKS
	value.deserializer = class org.springframework.kafka.support.serializer.JacksonJsonDeserializer

12-08-2026 18:05:17.894 [main] [-] INFO  inventory-service-o.a.k.c.t.i.KafkaMetricsCollector.init - initializing Kafka metrics collector
12-08-2026 18:05:18.042 [main] [-] INFO  inventory-service-o.a.kafka.common.utils.AppInfoParser.<init> - Kafka version: 4.2.1
12-08-2026 18:05:18.042 [main] [-] INFO  inventory-service-o.a.kafka.common.utils.AppInfoParser.<init> - Kafka commitId: 92f61c44867f39dc
12-08-2026 18:05:18.043 [main] [-] INFO  inventory-service-o.a.kafka.common.utils.AppInfoParser.<init> - Kafka startTimeMs: 1786538118042
12-08-2026 18:05:18.057 [main] [-] INFO  inventory-service-o.a.k.c.c.i.ClassicKafkaConsumer.subscribeInternal - [Consumer clientId=consumer-inventory-service-1, groupId=inventory-service] Subscribed to topic(s): order-created-topic
12-08-2026 18:05:18.084 [main] [-] INFO  inventory-service-c.n.i.InventoryServiceApplication.logStarted - Started InventoryServiceApplication in 12.439 seconds (process running for 13.51)
12-08-2026 18:05:18.089 [org.springframework.kafka.KafkaListenerEndpointContainer#0-0-C-1] [-] INFO  inventory-service-org.apache.kafka.clients.Metadata.update - [Consumer clientId=consumer-inventory-service-1, groupId=inventory-service] Cluster ID: MkU3OEVBNTcwNTJENDM2Qk
12-08-2026 18:05:18.091 [org.springframework.kafka.KafkaListenerEndpointContainer#0-0-C-1] [-] INFO  inventory-service-o.a.k.c.c.i.ConsumerCoordinator.onSuccess - [Consumer clientId=consumer-inventory-service-1, groupId=inventory-service] Discovered group coordinator localhost:9092 (id: 2147483646 rack: null isFenced: false)
12-08-2026 18:05:18.093 [org.springframework.kafka.KafkaListenerEndpointContainer#0-0-C-1] [-] INFO  inventory-service-o.a.k.c.c.i.ConsumerCoordinator.sendJoinGroupRequest - [Consumer clientId=consumer-inventory-service-1, groupId=inventory-service] (Re-)joining group
12-08-2026 18:05:18.114 [org.springframework.kafka.KafkaListenerEndpointContainer#0-0-C-1] [-] INFO  inventory-service-o.a.k.c.c.i.ConsumerCoordinator.requestRejoin - [Consumer clientId=consumer-inventory-service-1, groupId=inventory-service] Request joining group due to: need to re-join with the given member-id: consumer-inventory-service-1-d38fd20c-312a-4c92-9dcc-794d6cc7ea9c
12-08-2026 18:05:18.115 [org.springframework.kafka.KafkaListenerEndpointContainer#0-0-C-1] [-] INFO  inventory-service-o.a.k.c.c.i.ConsumerCoordinator.sendJoinGroupRequest - [Consumer clientId=consumer-inventory-service-1, groupId=inventory-service] (Re-)joining group
12-08-2026 18:05:18.119 [org.springframework.kafka.KafkaListenerEndpointContainer#0-0-C-1] [-] INFO  inventory-service-o.a.k.c.c.i.ConsumerCoordinator.handle - [Consumer clientId=consumer-inventory-service-1, groupId=inventory-service] Successfully joined group with generation Generation{generationId=24, memberId='consumer-inventory-service-1-d38fd20c-312a-4c92-9dcc-794d6cc7ea9c', protocol='range'}
12-08-2026 18:05:18.128 [org.springframework.kafka.KafkaListenerEndpointContainer#0-0-C-1] [-] INFO  inventory-service-o.a.k.c.c.i.ConsumerCoordinator.onLeaderElected - [Consumer clientId=consumer-inventory-service-1, groupId=inventory-service] Finished assignment for group at generation 24: {consumer-inventory-service-1-d38fd20c-312a-4c92-9dcc-794d6cc7ea9c=Assignment(partitions=[order-created-topic-0])}
12-08-2026 18:05:18.134 [org.springframework.kafka.KafkaListenerEndpointContainer#0-0-C-1] [-] INFO  inventory-service-o.a.k.c.c.i.ConsumerCoordinator.handle - [Consumer clientId=consumer-inventory-service-1, groupId=inventory-service] Successfully synced group in generation Generation{generationId=24, memberId='consumer-inventory-service-1-d38fd20c-312a-4c92-9dcc-794d6cc7ea9c', protocol='range'}
12-08-2026 18:05:18.135 [org.springframework.kafka.KafkaListenerEndpointContainer#0-0-C-1] [-] INFO  inventory-service-o.a.k.c.c.i.ConsumerCoordinator.invokeOnAssignment - [Consumer clientId=consumer-inventory-service-1, groupId=inventory-service] Notifying assignor about the new Assignment(partitions=[order-created-topic-0])
12-08-2026 18:05:18.138 [org.springframework.kafka.KafkaListenerEndpointContainer#0-0-C-1] [-] INFO  inventory-service-o.a.k.c.c.i.ConsumerRebalanceListenerInvoker.invokePartitionsAssigned - [Consumer clientId=consumer-inventory-service-1, groupId=inventory-service] Adding newly assigned partitions: [order-created-topic-0]
12-08-2026 18:05:18.153 [org.springframework.kafka.KafkaListenerEndpointContainer#0-0-C-1] [-] INFO  inventory-service-o.a.k.c.c.internals.ConsumerUtils.refreshCommittedOffsets - Setting offset for partition order-created-topic-0 to the committed offset FetchPosition{offset=0, offsetEpoch=Optional.empty, currentLeader=LeaderAndEpoch{leader=Optional[localhost:9092 (id: 1 rack: null isFenced: false)], epoch=0}}
12-08-2026 18:05:18.157 [org.springframework.kafka.KafkaListenerEndpointContainer#0-0-C-1] [-] INFO  inventory-service-o.s.k.l.KafkaMessageListenerContainer.info - inventory-service: partitions assigned: [order-created-topic-0]
12-08-2026 18:05:31.692 [org.springframework.kafka.KafkaListenerEndpointContainer#0-0-C-1] [-] INFO  inventory-service-o.a.k.common.config.AbstractConfig.logAll - ProducerConfig values: 
	acks = -1
	batch.size = 16384
	bootstrap.servers = [localhost:9092]
	buffer.memory = 33554432
	client.dns.lookup = use_all_dns_ips
	client.id = inventory-service-producer-1
	compression.gzip.level = -1
	compression.lz4.level = 9
	compression.type = none
	compression.zstd.level = 3
	config.providers = []
	connections.max.idle.ms = 540000
	delivery.timeout.ms = 120000
	enable.idempotence = true
	enable.metrics.push = true
	interceptor.classes = []
	key.serializer = class org.apache.kafka.common.serialization.LongSerializer
	linger.ms = 5
	max.block.ms = 60000
	max.in.flight.requests.per.connection = 5
	max.request.size = 1048576
	metadata.max.age.ms = 300000
	metadata.max.idle.ms = 300000
	metadata.recovery.rebootstrap.trigger.ms = 300000
	metadata.recovery.strategy = rebootstrap
	metric.reporters = [org.apache.kafka.common.metrics.JmxReporter]
	metrics.num.samples = 2
	metrics.recording.level = INFO
	metrics.sample.window.ms = 30000
	partitioner.adaptive.partitioning.enable = true
	partitioner.availability.timeout.ms = 0
	partitioner.class = null
	partitioner.ignore.keys = false
	receive.buffer.bytes = 32768
	reconnect.backoff.max.ms = 1000
	reconnect.backoff.ms = 50
	request.timeout.ms = 30000
	retries = 3
	retry.backoff.max.ms = 1000
	retry.backoff.ms = 100
	sasl.client.callback.handler.class = null
	sasl.jaas.config = null
	sasl.kerberos.kinit.cmd = /usr/bin/kinit
	sasl.kerberos.min.time.before.relogin = 60000
	sasl.kerberos.service.name = null
	sasl.kerberos.ticket.renew.jitter = 0.05
	sasl.kerberos.ticket.renew.window.factor = 0.8
	sasl.login.callback.handler.class = null
	sasl.login.class = null
	sasl.login.connect.timeout.ms = null
	sasl.login.read.timeout.ms = null
	sasl.login.refresh.buffer.seconds = 300
	sasl.login.refresh.min.period.seconds = 60
	sasl.login.refresh.window.factor = 0.8
	sasl.login.refresh.window.jitter = 0.05
	sasl.login.retry.backoff.max.ms = 10000
	sasl.login.retry.backoff.ms = 100
	sasl.mechanism = GSSAPI
	sasl.oauthbearer.assertion.algorithm = RS256
	sasl.oauthbearer.assertion.claim.aud = null
	sasl.oauthbearer.assertion.claim.exp.seconds = 300
	sasl.oauthbearer.assertion.claim.iss = null
	sasl.oauthbearer.assertion.claim.jti.include = false
	sasl.oauthbearer.assertion.claim.nbf.seconds = 60
	sasl.oauthbearer.assertion.claim.sub = null
	sasl.oauthbearer.assertion.file = null
	sasl.oauthbearer.assertion.private.key.file = null
	sasl.oauthbearer.assertion.private.key.passphrase = null
	sasl.oauthbearer.assertion.template.file = null
	sasl.oauthbearer.client.credentials.client.id = null
	sasl.oauthbearer.client.credentials.client.secret = null
	sasl.oauthbearer.clock.skew.seconds = 30
	sasl.oauthbearer.expected.audience = []
	sasl.oauthbearer.expected.issuer = null
	sasl.oauthbearer.header.urlencode = false
	sasl.oauthbearer.jwks.endpoint.refresh.ms = 3600000
	sasl.oauthbearer.jwks.endpoint.retry.backoff.max.ms = 10000
	sasl.oauthbearer.jwks.endpoint.retry.backoff.ms = 100
	sasl.oauthbearer.jwks.endpoint.url = null
	sasl.oauthbearer.jwt.retriever.class = class org.apache.kafka.common.security.oauthbearer.DefaultJwtRetriever
	sasl.oauthbearer.jwt.validator.class = class org.apache.kafka.common.security.oauthbearer.DefaultJwtValidator
	sasl.oauthbearer.scope = null
	sasl.oauthbearer.scope.claim.name = scope
	sasl.oauthbearer.sub.claim.name = sub
	sasl.oauthbearer.token.endpoint.url = null
	security.protocol = PLAINTEXT
	security.providers = null
	send.buffer.bytes = 131072
	socket.connection.setup.timeout.max.ms = 30000
	socket.connection.setup.timeout.ms = 10000
	ssl.cipher.suites = []
	ssl.enabled.protocols = [TLSv1.2, TLSv1.3]
	ssl.endpoint.identification.algorithm = https
	ssl.engine.factory.class = null
	ssl.key.password = null
	ssl.keymanager.algorithm = SunX509
	ssl.keystore.certificate.chain = null
	ssl.keystore.key = null
	ssl.keystore.location = null
	ssl.keystore.password = null
	ssl.keystore.type = JKS
	ssl.protocol = TLSv1.3
	ssl.provider = null
	ssl.secure.random.implementation = null
	ssl.trustmanager.algorithm = PKIX
	ssl.truststore.certificates = null
	ssl.truststore.location = null
	ssl.truststore.password = null
	ssl.truststore.type = JKS
	transaction.timeout.ms = 60000
	transaction.two.phase.commit.enable = false
	transactional.id = null
	value.serializer = class org.springframework.kafka.support.serializer.JacksonJsonSerializer

12-08-2026 18:05:31.692 [org.springframework.kafka.KafkaListenerEndpointContainer#0-0-C-1] [-] INFO  inventory-service-o.a.k.c.t.i.KafkaMetricsCollector.init - initializing Kafka metrics collector
12-08-2026 18:05:31.726 [org.springframework.kafka.KafkaListenerEndpointContainer#0-0-C-1] [-] INFO  inventory-service-o.a.k.clients.producer.KafkaProducer.configureTransactionState - [Producer clientId=inventory-service-producer-1] Instantiated an idempotent producer.
12-08-2026 18:05:31.763 [org.springframework.kafka.KafkaListenerEndpointContainer#0-0-C-1] [-] INFO  inventory-service-o.a.kafka.common.utils.AppInfoParser.<init> - Kafka version: 4.2.1
12-08-2026 18:05:31.763 [org.springframework.kafka.KafkaListenerEndpointContainer#0-0-C-1] [-] INFO  inventory-service-o.a.kafka.common.utils.AppInfoParser.<init> - Kafka commitId: 92f61c44867f39dc
12-08-2026 18:05:31.763 [org.springframework.kafka.KafkaListenerEndpointContainer#0-0-C-1] [-] INFO  inventory-service-o.a.kafka.common.utils.AppInfoParser.<init> - Kafka startTimeMs: 1786538131763
12-08-2026 18:05:31.780 [kafka-producer-network-thread | inventory-service-producer-1] [-] INFO  inventory-service-org.apache.kafka.clients.Metadata.update - [Producer clientId=inventory-service-producer-1] Cluster ID: MkU3OEVBNTcwNTJENDM2Qk
12-08-2026 18:05:31.781 [kafka-producer-network-thread | inventory-service-producer-1] [-] INFO  inventory-service-o.a.k.c.p.i.TransactionManager.setProducerIdAndEpoch - [Producer clientId=inventory-service-producer-1] ProducerId set to 21 with epoch 0
12-08-2026 18:10:17.397 [AsyncResolver-bootstrap-executor-%d] [-] INFO  inventory-service-c.n.d.s.r.aws.ConfigClusterResolver.getClusterEndpoints - Resolving eureka endpoints via configuration
12-08-2026 18:10:18.243 [org.springframework.kafka.KafkaListenerEndpointContainer#0-0-C-1] [-] INFO  inventory-service-o.a.k.c.c.i.ConsumerCoordinator.requestRejoin - [Consumer clientId=consumer-inventory-service-1, groupId=inventory-service] Request joining group due to: cached metadata has changed from (version2: {order-created-topic=[NO_RACKS]}) at the beginning of the rebalance to (version3: {order-created-topic=[NO_RACKS, NO_RACKS, NO_RACKS]})
12-08-2026 18:10:18.244 [org.springframework.kafka.KafkaListenerEndpointContainer#0-0-C-1] [-] INFO  inventory-service-o.a.k.c.c.i.ConsumerRebalanceListenerInvoker.invokePartitionsRevoked - [Consumer clientId=consumer-inventory-service-1, groupId=inventory-service] Revoke previously assigned partitions [order-created-topic-0]
12-08-2026 18:10:18.245 [org.springframework.kafka.KafkaListenerEndpointContainer#0-0-C-1] [-] INFO  inventory-service-o.s.k.l.KafkaMessageListenerContainer.info - inventory-service: partitions revoked: [order-created-topic-0]
12-08-2026 18:10:18.247 [org.springframework.kafka.KafkaListenerEndpointContainer#0-0-C-1] [-] INFO  inventory-service-o.a.k.c.c.i.ConsumerCoordinator.sendJoinGroupRequest - [Consumer clientId=consumer-inventory-service-1, groupId=inventory-service] (Re-)joining group
12-08-2026 18:10:18.253 [org.springframework.kafka.KafkaListenerEndpointContainer#0-0-C-1] [-] INFO  inventory-service-o.a.k.c.c.i.ConsumerCoordinator.handle - [Consumer clientId=consumer-inventory-service-1, groupId=inventory-service] Successfully joined group with generation Generation{generationId=25, memberId='consumer-inventory-service-1-d38fd20c-312a-4c92-9dcc-794d6cc7ea9c', protocol='range'}
12-08-2026 18:10:18.254 [org.springframework.kafka.KafkaListenerEndpointContainer#0-0-C-1] [-] INFO  inventory-service-o.a.k.c.c.i.ConsumerCoordinator.onLeaderElected - [Consumer clientId=consumer-inventory-service-1, groupId=inventory-service] Finished assignment for group at generation 25: {consumer-inventory-service-1-d38fd20c-312a-4c92-9dcc-794d6cc7ea9c=Assignment(partitions=[order-created-topic-0, order-created-topic-1, order-created-topic-2])}
12-08-2026 18:10:18.258 [org.springframework.kafka.KafkaListenerEndpointContainer#0-0-C-1] [-] INFO  inventory-service-o.a.k.c.c.i.ConsumerCoordinator.handle - [Consumer clientId=consumer-inventory-service-1, groupId=inventory-service] Successfully synced group in generation Generation{generationId=25, memberId='consumer-inventory-service-1-d38fd20c-312a-4c92-9dcc-794d6cc7ea9c', protocol='range'}
12-08-2026 18:10:18.259 [org.springframework.kafka.KafkaListenerEndpointContainer#0-0-C-1] [-] INFO  inventory-service-o.a.k.c.c.i.ConsumerCoordinator.invokeOnAssignment - [Consumer clientId=consumer-inventory-service-1, groupId=inventory-service] Notifying assignor about the new Assignment(partitions=[order-created-topic-0, order-created-topic-1, order-created-topic-2])
12-08-2026 18:10:18.259 [org.springframework.kafka.KafkaListenerEndpointContainer#0-0-C-1] [-] INFO  inventory-service-o.a.k.c.c.i.ConsumerRebalanceListenerInvoker.invokePartitionsAssigned - [Consumer clientId=consumer-inventory-service-1, groupId=inventory-service] Adding newly assigned partitions: [order-created-topic-0, order-created-topic-1, order-created-topic-2]
12-08-2026 18:10:18.262 [org.springframework.kafka.KafkaListenerEndpointContainer#0-0-C-1] [-] INFO  inventory-service-o.a.k.c.c.i.ConsumerCoordinator.handle - [Consumer clientId=consumer-inventory-service-1, groupId=inventory-service] Found no committed offset for partition order-created-topic-2
12-08-2026 18:10:18.263 [org.springframework.kafka.KafkaListenerEndpointContainer#0-0-C-1] [-] INFO  inventory-service-o.a.k.c.c.i.ConsumerCoordinator.handle - [Consumer clientId=consumer-inventory-service-1, groupId=inventory-service] Found no committed offset for partition order-created-topic-1
12-08-2026 18:10:18.266 [org.springframework.kafka.KafkaListenerEndpointContainer#0-0-C-1] [-] INFO  inventory-service-o.a.k.c.c.i.ConsumerCoordinator.handle - [Consumer clientId=consumer-inventory-service-1, groupId=inventory-service] Found no committed offset for partition order-created-topic-2
12-08-2026 18:10:18.266 [org.springframework.kafka.KafkaListenerEndpointContainer#0-0-C-1] [-] INFO  inventory-service-o.a.k.c.c.i.ConsumerCoordinator.handle - [Consumer clientId=consumer-inventory-service-1, groupId=inventory-service] Found no committed offset for partition order-created-topic-1
12-08-2026 18:10:18.266 [org.springframework.kafka.KafkaListenerEndpointContainer#0-0-C-1] [-] INFO  inventory-service-o.a.k.c.c.internals.ConsumerUtils.refreshCommittedOffsets - Setting offset for partition order-created-topic-0 to the committed offset FetchPosition{offset=1, offsetEpoch=Optional.empty, currentLeader=LeaderAndEpoch{leader=Optional[localhost:9092 (id: 1 rack: null isFenced: false)], epoch=0}}
12-08-2026 18:10:18.751 [org.springframework.kafka.KafkaListenerEndpointContainer#0-0-C-1] [-] INFO  inventory-service-o.a.k.c.c.i.SubscriptionState.maybeSeekUnvalidated - [Consumer clientId=consumer-inventory-service-1, groupId=inventory-service] Resetting offset for partition order-created-topic-2 to position FetchPosition{offset=0, offsetEpoch=Optional.empty, currentLeader=LeaderAndEpoch{leader=Optional[localhost:9092 (id: 1 rack: null isFenced: false)], epoch=0}}.
12-08-2026 18:10:18.751 [org.springframework.kafka.KafkaListenerEndpointContainer#0-0-C-1] [-] INFO  inventory-service-o.a.k.c.c.i.SubscriptionState.maybeSeekUnvalidated - [Consumer clientId=consumer-inventory-service-1, groupId=inventory-service] Resetting offset for partition order-created-topic-1 to position FetchPosition{offset=0, offsetEpoch=Optional.empty, currentLeader=LeaderAndEpoch{leader=Optional[localhost:9092 (id: 1 rack: null isFenced: false)], epoch=0}}.
12-08-2026 18:10:18.754 [org.springframework.kafka.KafkaListenerEndpointContainer#0-0-C-1] [-] INFO  inventory-service-o.s.k.l.KafkaMessageListenerContainer.info - inventory-service: partitions assigned: [order-created-topic-0, order-created-topic-1, order-created-topic-2]
12-08-2026 18:15:17.403 [AsyncResolver-bootstrap-executor-%d] [-] INFO  inventory-service-c.n.d.s.r.aws.ConfigClusterResolver.getClusterEndpoints - Resolving eureka endpoints via configuration
12-08-2026 18:20:17.405 [AsyncResolver-bootstrap-executor-%d] [-] INFO  inventory-service-c.n.d.s.r.aws.ConfigClusterResolver.getClusterEndpoints - Resolving eureka endpoints via configuration
12-08-2026 18:25:17.411 [AsyncResolver-bootstrap-executor-%d] [-] INFO  inventory-service-c.n.d.s.r.aws.ConfigClusterResolver.getClusterEndpoints - Resolving eureka endpoints via configuration
12-08-2026 18:30:17.412 [AsyncResolver-bootstrap-executor-%d] [-] INFO  inventory-service-c.n.d.s.r.aws.ConfigClusterResolver.getClusterEndpoints - Resolving eureka endpoints via configuration
12-08-2026 18:35:17.414 [AsyncResolver-bootstrap-executor-%d] [-] INFO  inventory-service-c.n.d.s.r.aws.ConfigClusterResolver.getClusterEndpoints - Resolving eureka endpoints via configuration
12-08-2026 18:40:17.424 [AsyncResolver-bootstrap-executor-%d] [-] INFO  inventory-service-c.n.d.s.r.aws.ConfigClusterResolver.getClusterEndpoints - Resolving eureka endpoints via configuration
12-08-2026 18:45:17.438 [AsyncResolver-bootstrap-executor-%d] [-] INFO  inventory-service-c.n.d.s.r.aws.ConfigClusterResolver.getClusterEndpoints - Resolving eureka endpoints via configuration
12-08-2026 18:50:17.454 [AsyncResolver-bootstrap-executor-%d] [-] INFO  inventory-service-c.n.d.s.r.aws.ConfigClusterResolver.getClusterEndpoints - Resolving eureka endpoints via configuration
12-08-2026 18:55:17.460 [AsyncResolver-bootstrap-executor-%d] [-] INFO  inventory-service-c.n.d.s.r.aws.ConfigClusterResolver.getClusterEndpoints - Resolving eureka endpoints via configuration
12-08-2026 19:00:17.463 [AsyncResolver-bootstrap-executor-%d] [-] INFO  inventory-service-c.n.d.s.r.aws.ConfigClusterResolver.getClusterEndpoints - Resolving eureka endpoints via configuration
12-08-2026 19:05:17.477 [AsyncResolver-bootstrap-executor-%d] [-] INFO  inventory-service-c.n.d.s.r.aws.ConfigClusterResolver.getClusterEndpoints - Resolving eureka endpoints via configuration
12-08-2026 19:10:17.489 [AsyncResolver-bootstrap-executor-%d] [-] INFO  inventory-service-c.n.d.s.r.aws.ConfigClusterResolver.getClusterEndpoints - Resolving eureka endpoints via configuration
12-08-2026 19:15:17.504 [AsyncResolver-bootstrap-executor-%d] [-] INFO  inventory-service-c.n.d.s.r.aws.ConfigClusterResolver.getClusterEndpoints - Resolving eureka endpoints via configuration
12-08-2026 19:20:17.517 [AsyncResolver-bootstrap-executor-%d] [-] INFO  inventory-service-c.n.d.s.r.aws.ConfigClusterResolver.getClusterEndpoints - Resolving eureka endpoints via configuration
12-08-2026 19:23:24.412 [HikariPool-1:housekeeper] [-] WARN  inventory-service-com.zaxxer.hikari.pool.HikariPool.run - HikariPool-1 - Thread starvation or clock leap detected (housekeeper delta=1m10s251ms814µs600ns).
12-08-2026 19:25:05.095 [SpringApplicationShutdownHook] [-] INFO  inventory-service-o.s.c.n.e.s.EurekaServiceRegistry.deregister - Unregistering application INVENTORY-SERVICE with eureka with status DOWN
12-08-2026 19:25:05.096 [SpringApplicationShutdownHook] [-] INFO  inventory-service-c.netflix.discovery.DiscoveryClient.notify - Saw local status change event StatusChangeEvent [timestamp=1786542905096, current=DOWN, previous=UP]
12-08-2026 19:25:05.097 [DiscoveryClient-InstanceInfoReplicator-%d] [-] INFO  inventory-service-c.netflix.discovery.DiscoveryClient.register - DiscoveryClient_INVENTORY-SERVICE/DESKTOP-5CC3FG7.mshome.net:inventory-service:9030: registering service...
12-08-2026 19:25:05.136 [DiscoveryClient-InstanceInfoReplicator-%d] [-] INFO  inventory-service-c.netflix.discovery.DiscoveryClient.register - DiscoveryClient_INVENTORY-SERVICE/DESKTOP-5CC3FG7.mshome.net:inventory-service:9030 - registration status: 204
12-08-2026 19:25:05.154 [org.springframework.kafka.KafkaListenerEndpointContainer#0-0-C-1] [-] INFO  inventory-service-o.a.k.c.c.i.ConsumerRebalanceListenerInvoker.invokePartitionsRevoked - [Consumer clientId=consumer-inventory-service-1, groupId=inventory-service] Revoke previously assigned partitions [order-created-topic-0, order-created-topic-1, order-created-topic-2]
12-08-2026 19:25:05.156 [org.springframework.kafka.KafkaListenerEndpointContainer#0-0-C-1] [-] INFO  inventory-service-o.s.k.l.KafkaMessageListenerContainer.info - inventory-service: partitions revoked: [order-created-topic-0, order-created-topic-1, order-created-topic-2]
12-08-2026 19:25:05.160 [org.springframework.kafka.KafkaListenerEndpointContainer#0-0-C-1] [-] INFO  inventory-service-o.a.k.c.c.i.ConsumerCoordinator.maybeLeaveGroup - [Consumer clientId=consumer-inventory-service-1, groupId=inventory-service] Member consumer-inventory-service-1-d38fd20c-312a-4c92-9dcc-794d6cc7ea9c sending LeaveGroup request to coordinator localhost:9092 (id: 2147483646 rack: null isFenced: false) due to the consumer unsubscribed from all topics
12-08-2026 19:25:05.163 [org.springframework.kafka.KafkaListenerEndpointContainer#0-0-C-1] [-] INFO  inventory-service-o.a.k.c.c.i.ConsumerCoordinator.resetStateAndGeneration - [Consumer clientId=consumer-inventory-service-1, groupId=inventory-service] Resetting generation and member id due to: consumer pro-actively leaving the group
12-08-2026 19:25:05.164 [org.springframework.kafka.KafkaListenerEndpointContainer#0-0-C-1] [-] INFO  inventory-service-o.a.k.c.c.i.ConsumerCoordinator.requestRejoin - [Consumer clientId=consumer-inventory-service-1, groupId=inventory-service] Request joining group due to: consumer pro-actively leaving the group
12-08-2026 19:25:05.165 [org.springframework.kafka.KafkaListenerEndpointContainer#0-0-C-1] [-] INFO  inventory-service-o.a.k.c.c.i.ClassicKafkaConsumer.unsubscribe - [Consumer clientId=consumer-inventory-service-1, groupId=inventory-service] Unsubscribed all topics or patterns and assigned partitions
12-08-2026 19:25:05.174 [org.springframework.kafka.KafkaListenerEndpointContainer#0-0-C-1] [-] INFO  inventory-service-o.a.k.c.c.i.ConsumerCoordinator.resetStateAndGeneration - [Consumer clientId=consumer-inventory-service-1, groupId=inventory-service] Resetting generation and member id due to: consumer pro-actively leaving the group
12-08-2026 19:25:05.174 [org.springframework.kafka.KafkaListenerEndpointContainer#0-0-C-1] [-] INFO  inventory-service-o.a.k.c.c.i.ConsumerCoordinator.requestRejoin - [Consumer clientId=consumer-inventory-service-1, groupId=inventory-service] Request joining group due to: consumer pro-actively leaving the group
12-08-2026 19:25:05.351 [org.springframework.kafka.KafkaListenerEndpointContainer#0-0-C-1] [-] INFO  inventory-service-o.a.kafka.common.metrics.Metrics.close - Metrics scheduler closed
12-08-2026 19:25:05.352 [org.springframework.kafka.KafkaListenerEndpointContainer#0-0-C-1] [-] INFO  inventory-service-o.a.kafka.common.metrics.Metrics.close - Closing reporter org.apache.kafka.common.metrics.JmxReporter
12-08-2026 19:25:05.352 [org.springframework.kafka.KafkaListenerEndpointContainer#0-0-C-1] [-] INFO  inventory-service-o.a.kafka.common.metrics.Metrics.close - Closing reporter org.apache.kafka.common.telemetry.internals.ClientTelemetryReporter
12-08-2026 19:25:05.352 [org.springframework.kafka.KafkaListenerEndpointContainer#0-0-C-1] [-] INFO  inventory-service-o.a.kafka.common.metrics.Metrics.close - Metrics reporters closed
12-08-2026 19:25:05.365 [org.springframework.kafka.KafkaListenerEndpointContainer#0-0-C-1] [-] INFO  inventory-service-o.a.kafka.common.utils.AppInfoParser.unregisterAppInfo - App info kafka.consumer for consumer-inventory-service-1 unregistered
12-08-2026 19:25:05.368 [org.springframework.kafka.KafkaListenerEndpointContainer#0-0-C-1] [-] INFO  inventory-service-o.s.k.l.KafkaMessageListenerContainer.info - inventory-service: Consumer stopped
12-08-2026 19:25:05.381 [SpringApplicationShutdownHook] [-] INFO  inventory-service-o.s.boot.tomcat.GracefulShutdown.shutDownGracefully - Commencing graceful shutdown. Waiting for active requests to complete
12-08-2026 19:25:05.432 [tomcat-shutdown] [-] INFO  inventory-service-o.s.boot.tomcat.GracefulShutdown.doShutdown - Graceful shutdown complete
12-08-2026 19:25:05.445 [SpringApplicationShutdownHook] [-] INFO  inventory-service-o.a.k.clients.producer.KafkaProducer.close - [Producer clientId=inventory-service-producer-1] Closing the Kafka producer with timeoutMillis = 30000 ms.
12-08-2026 19:25:05.453 [SpringApplicationShutdownHook] [-] INFO  inventory-service-o.a.kafka.common.metrics.Metrics.close - Metrics scheduler closed
12-08-2026 19:25:05.454 [SpringApplicationShutdownHook] [-] INFO  inventory-service-o.a.kafka.common.metrics.Metrics.close - Closing reporter org.apache.kafka.common.metrics.JmxReporter
12-08-2026 19:25:05.454 [SpringApplicationShutdownHook] [-] INFO  inventory-service-o.a.kafka.common.metrics.Metrics.close - Closing reporter org.apache.kafka.common.telemetry.internals.ClientTelemetryReporter
12-08-2026 19:25:05.455 [SpringApplicationShutdownHook] [-] INFO  inventory-service-o.a.kafka.common.metrics.Metrics.close - Metrics reporters closed
12-08-2026 19:25:05.456 [SpringApplicationShutdownHook] [-] INFO  inventory-service-o.a.kafka.common.utils.AppInfoParser.unregisterAppInfo - App info kafka.producer for inventory-service-producer-1 unregistered
12-08-2026 19:25:05.486 [SpringApplicationShutdownHook] [-] INFO  inventory-service-o.s.o.j.LocalContainerEntityManagerFactoryBean.destroy - Closing JPA EntityManagerFactory for persistence unit 'default'
12-08-2026 19:25:05.610 [SpringApplicationShutdownHook] [-] INFO  inventory-service-com.zaxxer.hikari.HikariDataSource.close - HikariPool-1 - Shutdown initiated...
12-08-2026 19:25:05.614 [SpringApplicationShutdownHook] [-] INFO  inventory-service-com.zaxxer.hikari.HikariDataSource.close - HikariPool-1 - Shutdown completed.
12-08-2026 19:25:06.621 [SpringApplicationShutdownHook] [-] INFO  inventory-service-c.netflix.discovery.DiscoveryClient.shutdown - Shutting down DiscoveryClient ...
12-08-2026 19:25:06.810 [DiscoveryClient-HeartbeatExecutor-%d] [-] INFO  inventory-service-o.a.h.c.h.i.c.HttpRequestRetryExec.execute - ex-0000000635 recoverable I/O exception (java.net.SocketException) caught when sending request to http://localhost:8761;request will be automatically re-executed in 0 MILLISECONDS (exec count 2)
12-08-2026 19:25:06.819 [DiscoveryClient-HeartbeatExecutor-%d] [-] INFO  inventory-service-c.n.d.s.t.d.RedirectingEurekaHttpClient.execute - Request execution error. endpoint=DefaultEndpoint{ serviceUrl='http://localhost:8761/eureka/} exception=I/O error on PUT request for "http://localhost:8761/eureka/apps/INVENTORY-SERVICE/DESKTOP-5CC3FG7.mshome.net:inventory-service:9030": Connect to http://localhost:8761 failed: Connection refused: getsockopt
org.springframework.web.client.ResourceAccessException: I/O error on PUT request for "http://localhost:8761/eureka/apps/INVENTORY-SERVICE/DESKTOP-5CC3FG7.mshome.net:inventory-service:9030": Connect to http://localhost:8761 failed: Connection refused: getsockopt
	at org.springframework.web.client.DefaultRestClient$DefaultRequestBodyUriSpec.createResourceAccessException(DefaultRestClient.java:779)
	at org.springframework.web.client.DefaultRestClient$DefaultRequestBodyUriSpec.exchangeInternal(DefaultRestClient.java:624)
	at org.springframework.web.client.DefaultRestClient$DefaultRequestBodyUriSpec.exchange(DefaultRestClient.java:572)
	at org.springframework.web.client.RestClient$RequestHeadersSpec.exchange(RestClient.java:747)
	at org.springframework.web.client.DefaultRestClient$DefaultResponseSpec.executeAndExtract(DefaultRestClient.java:924)
	at org.springframework.web.client.DefaultRestClient$DefaultResponseSpec.toEntityInternal(DefaultRestClient.java:870)
	at org.springframework.web.client.DefaultRestClient$DefaultResponseSpec.toEntity(DefaultRestClient.java:859)
	at org.springframework.cloud.netflix.eureka.http.RestClientEurekaHttpClient.sendHeartBeat(RestClientEurekaHttpClient.java:91)
	at com.netflix.discovery.shared.transport.decorator.EurekaHttpClientDecorator$3.execute(EurekaHttpClientDecorator.java:92)
	at com.netflix.discovery.shared.transport.decorator.RedirectingEurekaHttpClient.execute(RedirectingEurekaHttpClient.java:90)
	at com.netflix.discovery.shared.transport.decorator.EurekaHttpClientDecorator.sendHeartBeat(EurekaHttpClientDecorator.java:89)
	at com.netflix.discovery.shared.transport.decorator.EurekaHttpClientDecorator$3.execute(EurekaHttpClientDecorator.java:92)
	at com.netflix.discovery.shared.transport.decorator.RetryableEurekaHttpClient.execute(RetryableEurekaHttpClient.java:120)
	at com.netflix.discovery.shared.transport.decorator.EurekaHttpClientDecorator.sendHeartBeat(EurekaHttpClientDecorator.java:89)
	at com.netflix.discovery.shared.transport.decorator.EurekaHttpClientDecorator$3.execute(EurekaHttpClientDecorator.java:92)
	at com.netflix.discovery.shared.transport.decorator.SessionedEurekaHttpClient.execute(SessionedEurekaHttpClient.java:76)
	at com.netflix.discovery.shared.transport.decorator.EurekaHttpClientDecorator.sendHeartBeat(EurekaHttpClientDecorator.java:89)
	at com.netflix.discovery.DiscoveryClient.renew(DiscoveryClient.java:860)
	at com.netflix.discovery.DiscoveryClient$HeartbeatThread.run(DiscoveryClient.java:1418)
	at java.base/java.util.concurrent.Executors$RunnableAdapter.call(Executors.java:545)
	at java.base/java.util.concurrent.FutureTask.run(FutureTask.java:328)
	at java.base/java.util.concurrent.ThreadPoolExecutor.runWorker(ThreadPoolExecutor.java:1090)
	at java.base/java.util.concurrent.ThreadPoolExecutor$Worker.run(ThreadPoolExecutor.java:614)
	at java.base/java.lang.Thread.run(Thread.java:1474)
Caused by: org.apache.hc.client5.http.HttpHostConnectException: Connect to http://localhost:8761 failed: Connection refused: getsockopt
	at java.base/sun.nio.ch.Net.pollConnect(Native Method)
	at java.base/sun.nio.ch.Net.pollConnectNow(Net.java:639)
	at java.base/sun.nio.ch.NioSocketImpl.timedFinishConnect(NioSocketImpl.java:543)
	at java.base/sun.nio.ch.NioSocketImpl.connect(NioSocketImpl.java:594)
	at java.base/java.net.SocksSocketImpl.connect(SocksSocketImpl.java:284)
	at java.base/java.net.Socket.connect(Socket.java:659)
	at org.apache.hc.client5.http.impl.io.DefaultHttpClientConnectionOperator.connect(DefaultHttpClientConnectionOperator.java:219)
	at org.apache.hc.client5.http.impl.io.PoolingHttpClientConnectionManager.connect(PoolingHttpClientConnectionManager.java:547)
	at org.apache.hc.client5.http.impl.classic.InternalExecRuntime.connectEndpoint(InternalExecRuntime.java:164)
	at org.apache.hc.client5.http.impl.classic.InternalExecRuntime.connectEndpoint(InternalExecRuntime.java:174)
	at org.apache.hc.client5.http.impl.classic.ConnectExec.execute(ConnectExec.java:144)
	at org.apache.hc.client5.http.impl.classic.ExecChainElement.execute(ExecChainElement.java:51)
	at org.apache.hc.client5.http.impl.classic.ProtocolExec.execute(ProtocolExec.java:192)
	at org.apache.hc.client5.http.impl.classic.ExecChainElement.execute(ExecChainElement.java:51)
	at org.apache.hc.client5.http.impl.classic.ContentCompressionExec.execute(ContentCompressionExec.java:138)
	at org.apache.hc.client5.http.impl.classic.ExecChainElement.execute(ExecChainElement.java:51)
	at org.apache.hc.client5.http.impl.classic.HttpRequestRetryExec.execute(HttpRequestRetryExec.java:112)
	at org.apache.hc.client5.http.impl.classic.ExecChainElement.execute(ExecChainElement.java:51)
	at org.apache.hc.client5.http.impl.classic.RedirectExec.execute(RedirectExec.java:110)
	at org.apache.hc.client5.http.impl.classic.ExecChainElement.execute(ExecChainElement.java:51)
	at org.apache.hc.client5.http.impl.classic.InternalHttpClient.doExecute(InternalHttpClient.java:185)
	at org.apache.hc.client5.http.impl.classic.CloseableHttpClient.execute(CloseableHttpClient.java:87)
	at org.apache.hc.client5.http.impl.classic.CloseableHttpClient.execute(CloseableHttpClient.java:55)
	at org.apache.hc.client5.http.classic.HttpClient.executeOpen(HttpClient.java:183)
	at org.springframework.http.client.HttpComponentsClientHttpRequest.executeInternal(HttpComponentsClientHttpRequest.java:99)
	at org.springframework.http.client.AbstractStreamingClientHttpRequest.executeInternal(AbstractStreamingClientHttpRequest.java:87)
	at org.springframework.http.client.AbstractClientHttpRequest.execute(AbstractClientHttpRequest.java:80)
	at org.springframework.http.client.AbstractBufferingClientHttpRequest.executeWithRequestAndBody(AbstractBufferingClientHttpRequest.java:89)
	at org.springframework.http.client.InterceptingClientHttpRequest$EndOfChainRequestExecution.execute(InterceptingClientHttpRequest.java:102)
	at org.springframework.cloud.netflix.eureka.http.RestClientTransportClientFactory.lambda$newClient$2(RestClientTransportClientFactory.java:98)
	at org.springframework.http.client.ClientHttpRequestInterceptor.lambda$apply$0(ClientHttpRequestInterceptor.java:89)
	at org.springframework.http.client.InterceptingClientHttpRequest.executeInternal(InterceptingClientHttpRequest.java:73)
	at org.springframework.http.client.AbstractBufferingClientHttpRequest.executeInternal(AbstractBufferingClientHttpRequest.java:50)
	at org.springframework.http.client.AbstractClientHttpRequest.execute(AbstractClientHttpRequest.java:80)
	at org.springframework.web.client.DefaultRestClient$DefaultRequestBodyUriSpec.exchangeInternal(DefaultRestClient.java:614)
	... 22 common frames omitted
12-08-2026 19:25:06.823 [DiscoveryClient-HeartbeatExecutor-%d] [-] WARN  inventory-service-c.n.d.s.t.d.RetryableEurekaHttpClient.execute - Request execution failed with message: I/O error on PUT request for "http://localhost:8761/eureka/apps/INVENTORY-SERVICE/DESKTOP-5CC3FG7.mshome.net:inventory-service:9030": Connect to http://localhost:8761 failed: Connection refused: getsockopt
12-08-2026 19:25:06.839 [DiscoveryClient-HeartbeatExecutor-%d] [-] INFO  inventory-service-c.n.d.s.t.d.RedirectingEurekaHttpClient.execute - Request execution error. endpoint=DefaultEndpoint{ serviceUrl='http://localhost:8761/eureka/}, exception=I/O error on PUT request for "http://localhost:8761/eureka/apps/INVENTORY-SERVICE/DESKTOP-5CC3FG7.mshome.net:inventory-service:9030": Connect to http://localhost:8761 failed: Connection refused: getsockopt
org.springframework.web.client.ResourceAccessException: I/O error on PUT request for "http://localhost:8761/eureka/apps/INVENTORY-SERVICE/DESKTOP-5CC3FG7.mshome.net:inventory-service:9030": Connect to http://localhost:8761 failed: Connection refused: getsockopt
	at org.springframework.web.client.DefaultRestClient$DefaultRequestBodyUriSpec.createResourceAccessException(DefaultRestClient.java:779)
	at org.springframework.web.client.DefaultRestClient$DefaultRequestBodyUriSpec.exchangeInternal(DefaultRestClient.java:624)
	at org.springframework.web.client.DefaultRestClient$DefaultRequestBodyUriSpec.exchange(DefaultRestClient.java:572)
	at org.springframework.web.client.RestClient$RequestHeadersSpec.exchange(RestClient.java:747)
	at org.springframework.web.client.DefaultRestClient$DefaultResponseSpec.executeAndExtract(DefaultRestClient.java:924)
	at org.springframework.web.client.DefaultRestClient$DefaultResponseSpec.toEntityInternal(DefaultRestClient.java:870)
	at org.springframework.web.client.DefaultRestClient$DefaultResponseSpec.toEntity(DefaultRestClient.java:859)
	at org.springframework.cloud.netflix.eureka.http.RestClientEurekaHttpClient.sendHeartBeat(RestClientEurekaHttpClient.java:91)
	at com.netflix.discovery.shared.transport.decorator.EurekaHttpClientDecorator$3.execute(EurekaHttpClientDecorator.java:92)
	at com.netflix.discovery.shared.transport.decorator.RedirectingEurekaHttpClient.executeOnNewServer(RedirectingEurekaHttpClient.java:120)
	at com.netflix.discovery.shared.transport.decorator.RedirectingEurekaHttpClient.execute(RedirectingEurekaHttpClient.java:79)
	at com.netflix.discovery.shared.transport.decorator.EurekaHttpClientDecorator.sendHeartBeat(EurekaHttpClientDecorator.java:89)
	at com.netflix.discovery.shared.transport.decorator.EurekaHttpClientDecorator$3.execute(EurekaHttpClientDecorator.java:92)
	at com.netflix.discovery.shared.transport.decorator.RetryableEurekaHttpClient.execute(RetryableEurekaHttpClient.java:120)
	at com.netflix.discovery.shared.transport.decorator.EurekaHttpClientDecorator.sendHeartBeat(EurekaHttpClientDecorator.java:89)
	at com.netflix.discovery.shared.transport.decorator.EurekaHttpClientDecorator$3.execute(EurekaHttpClientDecorator.java:92)
	at com.netflix.discovery.shared.transport.decorator.SessionedEurekaHttpClient.execute(SessionedEurekaHttpClient.java:76)
	at com.netflix.discovery.shared.transport.decorator.EurekaHttpClientDecorator.sendHeartBeat(EurekaHttpClientDecorator.java:89)
	at com.netflix.discovery.DiscoveryClient.renew(DiscoveryClient.java:860)
	at com.netflix.discovery.DiscoveryClient$HeartbeatThread.run(DiscoveryClient.java:1418)
	at java.base/java.util.concurrent.Executors$RunnableAdapter.call(Executors.java:545)
	at java.base/java.util.concurrent.FutureTask.run(FutureTask.java:328)
	at java.base/java.util.concurrent.ThreadPoolExecutor.runWorker(ThreadPoolExecutor.java:1090)
	at java.base/java.util.concurrent.ThreadPoolExecutor$Worker.run(ThreadPoolExecutor.java:614)
	at java.base/java.lang.Thread.run(Thread.java:1474)
Caused by: org.apache.hc.client5.http.HttpHostConnectException: Connect to http://localhost:8761 failed: Connection refused: getsockopt
	at java.base/sun.nio.ch.Net.pollConnect(Native Method)
	at java.base/sun.nio.ch.Net.pollConnectNow(Net.java:639)
	at java.base/sun.nio.ch.NioSocketImpl.timedFinishConnect(NioSocketImpl.java:543)
	at java.base/sun.nio.ch.NioSocketImpl.connect(NioSocketImpl.java:594)
	at java.base/java.net.SocksSocketImpl.connect(SocksSocketImpl.java:284)
	at java.base/java.net.Socket.connect(Socket.java:659)
	at org.apache.hc.client5.http.impl.io.DefaultHttpClientConnectionOperator.connect(DefaultHttpClientConnectionOperator.java:219)
	at org.apache.hc.client5.http.impl.io.PoolingHttpClientConnectionManager.connect(PoolingHttpClientConnectionManager.java:547)
	at org.apache.hc.client5.http.impl.classic.InternalExecRuntime.connectEndpoint(InternalExecRuntime.java:164)
	at org.apache.hc.client5.http.impl.classic.InternalExecRuntime.connectEndpoint(InternalExecRuntime.java:174)
	at org.apache.hc.client5.http.impl.classic.ConnectExec.execute(ConnectExec.java:144)
	at org.apache.hc.client5.http.impl.classic.ExecChainElement.execute(ExecChainElement.java:51)
	at org.apache.hc.client5.http.impl.classic.ProtocolExec.execute(ProtocolExec.java:192)
	at org.apache.hc.client5.http.impl.classic.ExecChainElement.execute(ExecChainElement.java:51)
	at org.apache.hc.client5.http.impl.classic.ContentCompressionExec.execute(ContentCompressionExec.java:138)
	at org.apache.hc.client5.http.impl.classic.ExecChainElement.execute(ExecChainElement.java:51)
	at org.apache.hc.client5.http.impl.classic.HttpRequestRetryExec.execute(HttpRequestRetryExec.java:112)
	at org.apache.hc.client5.http.impl.classic.ExecChainElement.execute(ExecChainElement.java:51)
	at org.apache.hc.client5.http.impl.classic.RedirectExec.execute(RedirectExec.java:110)
	at org.apache.hc.client5.http.impl.classic.ExecChainElement.execute(ExecChainElement.java:51)
	at org.apache.hc.client5.http.impl.classic.InternalHttpClient.doExecute(InternalHttpClient.java:185)
	at org.apache.hc.client5.http.impl.classic.CloseableHttpClient.execute(CloseableHttpClient.java:87)
	at org.apache.hc.client5.http.impl.classic.CloseableHttpClient.execute(CloseableHttpClient.java:55)
	at org.apache.hc.client5.http.classic.HttpClient.executeOpen(HttpClient.java:183)
	at org.springframework.http.client.HttpComponentsClientHttpRequest.executeInternal(HttpComponentsClientHttpRequest.java:99)
	at org.springframework.http.client.AbstractStreamingClientHttpRequest.executeInternal(AbstractStreamingClientHttpRequest.java:87)
	at org.springframework.http.client.AbstractClientHttpRequest.execute(AbstractClientHttpRequest.java:80)
	at org.springframework.http.client.AbstractBufferingClientHttpRequest.executeWithRequestAndBody(AbstractBufferingClientHttpRequest.java:89)
	at org.springframework.http.client.InterceptingClientHttpRequest$EndOfChainRequestExecution.execute(InterceptingClientHttpRequest.java:102)
	at org.springframework.cloud.netflix.eureka.http.RestClientTransportClientFactory.lambda$newClient$2(RestClientTransportClientFactory.java:98)
	at org.springframework.http.client.ClientHttpRequestInterceptor.lambda$apply$0(ClientHttpRequestInterceptor.java:89)
	at org.springframework.http.client.InterceptingClientHttpRequest.executeInternal(InterceptingClientHttpRequest.java:73)
	at org.springframework.http.client.AbstractBufferingClientHttpRequest.executeInternal(AbstractBufferingClientHttpRequest.java:50)
	at org.springframework.http.client.AbstractClientHttpRequest.execute(AbstractClientHttpRequest.java:80)
	at org.springframework.web.client.DefaultRestClient$DefaultRequestBodyUriSpec.exchangeInternal(DefaultRestClient.java:614)
	... 23 common frames omitted
12-08-2026 19:25:06.840 [DiscoveryClient-HeartbeatExecutor-%d] [-] WARN  inventory-service-c.n.d.s.t.d.RetryableEurekaHttpClient.execute - Request execution failed with message: I/O error on PUT request for "http://localhost:8761/eureka/apps/INVENTORY-SERVICE/DESKTOP-5CC3FG7.mshome.net:inventory-service:9030": Connect to http://localhost:8761 failed: Connection refused: getsockopt
12-08-2026 19:25:06.840 [DiscoveryClient-HeartbeatExecutor-%d] [-] ERROR inventory-service-c.netflix.discovery.DiscoveryClient.renew - DiscoveryClient_INVENTORY-SERVICE/DESKTOP-5CC3FG7.mshome.net:inventory-service:9030 - was unable to send heartbeat!
com.netflix.discovery.shared.transport.TransportException: Cannot execute request on any known server
	at com.netflix.discovery.shared.transport.decorator.RetryableEurekaHttpClient.execute(RetryableEurekaHttpClient.java:112)
	at com.netflix.discovery.shared.transport.decorator.EurekaHttpClientDecorator.sendHeartBeat(EurekaHttpClientDecorator.java:89)
	at com.netflix.discovery.shared.transport.decorator.EurekaHttpClientDecorator$3.execute(EurekaHttpClientDecorator.java:92)
	at com.netflix.discovery.shared.transport.decorator.SessionedEurekaHttpClient.execute(SessionedEurekaHttpClient.java:76)
	at com.netflix.discovery.shared.transport.decorator.EurekaHttpClientDecorator.sendHeartBeat(EurekaHttpClientDecorator.java:89)
	at com.netflix.discovery.DiscoveryClient.renew(DiscoveryClient.java:860)
	at com.netflix.discovery.DiscoveryClient$HeartbeatThread.run(DiscoveryClient.java:1418)
	at java.base/java.util.concurrent.Executors$RunnableAdapter.call(Executors.java:545)
	at java.base/java.util.concurrent.FutureTask.run(FutureTask.java:328)
	at java.base/java.util.concurrent.ThreadPoolExecutor.runWorker(ThreadPoolExecutor.java:1090)
	at java.base/java.util.concurrent.ThreadPoolExecutor$Worker.run(ThreadPoolExecutor.java:614)
	at java.base/java.lang.Thread.run(Thread.java:1474)
12-08-2026 19:25:09.622 [SpringApplicationShutdownHook] [-] INFO  inventory-service-c.netflix.discovery.DiscoveryClient.unregister - Unregistering ...
12-08-2026 19:25:09.646 [SpringApplicationShutdownHook] [-] INFO  inventory-service-c.n.d.s.t.d.RedirectingEurekaHttpClient.execute - Request execution error. endpoint=DefaultEndpoint{ serviceUrl='http://localhost:8761/eureka/}, exception=I/O error on DELETE request for "http://localhost:8761/eureka/apps/INVENTORY-SERVICE/DESKTOP-5CC3FG7.mshome.net:inventory-service:9030": Connect to http://localhost:8761 failed: Connection refused: getsockopt
org.springframework.web.client.ResourceAccessException: I/O error on DELETE request for "http://localhost:8761/eureka/apps/INVENTORY-SERVICE/DESKTOP-5CC3FG7.mshome.net:inventory-service:9030": Connect to http://localhost:8761 failed: Connection refused: getsockopt
	at org.springframework.web.client.DefaultRestClient$DefaultRequestBodyUriSpec.createResourceAccessException(DefaultRestClient.java:779)
	at org.springframework.web.client.DefaultRestClient$DefaultRequestBodyUriSpec.exchangeInternal(DefaultRestClient.java:624)
	at org.springframework.web.client.DefaultRestClient$DefaultRequestBodyUriSpec.exchange(DefaultRestClient.java:572)
	at org.springframework.web.client.RestClient$RequestHeadersSpec.exchange(RestClient.java:747)
	at org.springframework.web.client.DefaultRestClient$DefaultResponseSpec.executeAndExtract(DefaultRestClient.java:924)
	at org.springframework.web.client.DefaultRestClient$DefaultResponseSpec.toBodilessEntity(DefaultRestClient.java:888)
	at org.springframework.cloud.netflix.eureka.http.RestClientEurekaHttpClient.cancel(RestClientEurekaHttpClient.java:73)
	at com.netflix.discovery.shared.transport.decorator.EurekaHttpClientDecorator$2.execute(EurekaHttpClientDecorator.java:74)
	at com.netflix.discovery.shared.transport.decorator.RedirectingEurekaHttpClient.executeOnNewServer(RedirectingEurekaHttpClient.java:120)
	at com.netflix.discovery.shared.transport.decorator.RedirectingEurekaHttpClient.execute(RedirectingEurekaHttpClient.java:79)
	at com.netflix.discovery.shared.transport.decorator.EurekaHttpClientDecorator.cancel(EurekaHttpClientDecorator.java:71)
	at com.netflix.discovery.shared.transport.decorator.EurekaHttpClientDecorator$2.execute(EurekaHttpClientDecorator.java:74)
	at com.netflix.discovery.shared.transport.decorator.RetryableEurekaHttpClient.execute(RetryableEurekaHttpClient.java:120)
	at com.netflix.discovery.shared.transport.decorator.EurekaHttpClientDecorator.cancel(EurekaHttpClientDecorator.java:71)
	at com.netflix.discovery.shared.transport.decorator.EurekaHttpClientDecorator$2.execute(EurekaHttpClientDecorator.java:74)
	at com.netflix.discovery.shared.transport.decorator.SessionedEurekaHttpClient.execute(SessionedEurekaHttpClient.java:76)
	at com.netflix.discovery.shared.transport.decorator.EurekaHttpClientDecorator.cancel(EurekaHttpClientDecorator.java:71)
	at com.netflix.discovery.DiscoveryClient.unregister(DiscoveryClient.java:934)
	at com.netflix.discovery.DiscoveryClient.shutdown(DiscoveryClient.java:915)
	at java.base/jdk.internal.reflect.DirectMethodHandleAccessor.invoke(DirectMethodHandleAccessor.java:104)
	at java.base/java.lang.reflect.Method.invoke(Method.java:565)
	at org.springframework.beans.factory.annotation.InitDestroyAnnotationBeanPostProcessor$LifecycleMethod.invoke(InitDestroyAnnotationBeanPostProcessor.java:453)
	at org.springframework.beans.factory.annotation.InitDestroyAnnotationBeanPostProcessor$LifecycleMetadata.invokeDestroyMethods(InitDestroyAnnotationBeanPostProcessor.java:411)
	at org.springframework.beans.factory.annotation.InitDestroyAnnotationBeanPostProcessor.postProcessBeforeDestruction(InitDestroyAnnotationBeanPostProcessor.java:237)
	at org.springframework.beans.factory.support.DisposableBeanAdapter.destroy(DisposableBeanAdapter.java:200)
	at org.springframework.beans.factory.support.DisposableBeanAdapter.run(DisposableBeanAdapter.java:193)
	at org.springframework.cloud.context.scope.GenericScope$BeanLifecycleWrapper.destroy(GenericScope.java:387)
	at org.springframework.cloud.context.scope.GenericScope.destroy(GenericScope.java:134)
	at org.springframework.beans.factory.support.DisposableBeanAdapter.destroy(DisposableBeanAdapter.java:209)
	at org.springframework.beans.factory.support.DefaultSingletonBeanRegistry.destroyBean(DefaultSingletonBeanRegistry.java:795)
	at org.springframework.beans.factory.support.DefaultSingletonBeanRegistry.destroySingleton(DefaultSingletonBeanRegistry.java:745)
	at org.springframework.beans.factory.support.DefaultListableBeanFactory.destroySingleton(DefaultListableBeanFactory.java:1507)
	at org.springframework.beans.factory.support.DefaultSingletonBeanRegistry.destroySingletons(DefaultSingletonBeanRegistry.java:704)
	at org.springframework.beans.factory.support.DefaultListableBeanFactory.destroySingletons(DefaultListableBeanFactory.java:1500)
	at org.springframework.context.support.AbstractApplicationContext.destroyBeans(AbstractApplicationContext.java:1246)
	at org.springframework.context.support.AbstractApplicationContext.doClose(AbstractApplicationContext.java:1207)
	at org.springframework.boot.web.server.servlet.context.ServletWebServerApplicationContext.doClose(ServletWebServerApplicationContext.java:176)
	at org.springframework.context.support.AbstractApplicationContext.close(AbstractApplicationContext.java:1153)
	at org.springframework.boot.SpringApplicationShutdownHook.closeAndWait(SpringApplicationShutdownHook.java:147)
	at java.base/java.lang.Iterable.forEach(Iterable.java:75)
	at org.springframework.boot.SpringApplicationShutdownHook.run(SpringApplicationShutdownHook.java:116)
	at java.base/java.lang.Thread.run(Thread.java:1474)
Caused by: org.apache.hc.client5.http.HttpHostConnectException: Connect to http://localhost:8761 failed: Connection refused: getsockopt
	at java.base/sun.nio.ch.Net.pollConnect(Native Method)
	at java.base/sun.nio.ch.Net.pollConnectNow(Net.java:639)
	at java.base/sun.nio.ch.NioSocketImpl.timedFinishConnect(NioSocketImpl.java:543)
	at java.base/sun.nio.ch.NioSocketImpl.connect(NioSocketImpl.java:594)
	at java.base/java.net.SocksSocketImpl.connect(SocksSocketImpl.java:284)
	at java.base/java.net.Socket.connect(Socket.java:659)
	at org.apache.hc.client5.http.impl.io.DefaultHttpClientConnectionOperator.connect(DefaultHttpClientConnectionOperator.java:219)
	at org.apache.hc.client5.http.impl.io.PoolingHttpClientConnectionManager.connect(PoolingHttpClientConnectionManager.java:547)
	at org.apache.hc.client5.http.impl.classic.InternalExecRuntime.connectEndpoint(InternalExecRuntime.java:164)
	at org.apache.hc.client5.http.impl.classic.InternalExecRuntime.connectEndpoint(InternalExecRuntime.java:174)
	at org.apache.hc.client5.http.impl.classic.ConnectExec.execute(ConnectExec.java:144)
	at org.apache.hc.client5.http.impl.classic.ExecChainElement.execute(ExecChainElement.java:51)
	at org.apache.hc.client5.http.impl.classic.ProtocolExec.execute(ProtocolExec.java:192)
	at org.apache.hc.client5.http.impl.classic.ExecChainElement.execute(ExecChainElement.java:51)
	at org.apache.hc.client5.http.impl.classic.ContentCompressionExec.execute(ContentCompressionExec.java:138)
	at org.apache.hc.client5.http.impl.classic.ExecChainElement.execute(ExecChainElement.java:51)
	at org.apache.hc.client5.http.impl.classic.HttpRequestRetryExec.execute(HttpRequestRetryExec.java:112)
	at org.apache.hc.client5.http.impl.classic.ExecChainElement.execute(ExecChainElement.java:51)
	at org.apache.hc.client5.http.impl.classic.RedirectExec.execute(RedirectExec.java:110)
	at org.apache.hc.client5.http.impl.classic.ExecChainElement.execute(ExecChainElement.java:51)
	at org.apache.hc.client5.http.impl.classic.InternalHttpClient.doExecute(InternalHttpClient.java:185)
	at org.apache.hc.client5.http.impl.classic.CloseableHttpClient.execute(CloseableHttpClient.java:87)
	at org.apache.hc.client5.http.impl.classic.CloseableHttpClient.execute(CloseableHttpClient.java:55)
	at org.apache.hc.client5.http.classic.HttpClient.executeOpen(HttpClient.java:183)
	at org.springframework.http.client.HttpComponentsClientHttpRequest.executeInternal(HttpComponentsClientHttpRequest.java:99)
	at org.springframework.http.client.AbstractStreamingClientHttpRequest.executeInternal(AbstractStreamingClientHttpRequest.java:87)
	at org.springframework.http.client.AbstractClientHttpRequest.execute(AbstractClientHttpRequest.java:80)
	at org.springframework.http.client.AbstractBufferingClientHttpRequest.executeWithRequestAndBody(AbstractBufferingClientHttpRequest.java:89)
	at org.springframework.http.client.InterceptingClientHttpRequest$EndOfChainRequestExecution.execute(InterceptingClientHttpRequest.java:102)
	at org.springframework.cloud.netflix.eureka.http.RestClientTransportClientFactory.lambda$newClient$2(RestClientTransportClientFactory.java:98)
	at org.springframework.http.client.ClientHttpRequestInterceptor.lambda$apply$0(ClientHttpRequestInterceptor.java:89)
	at org.springframework.http.client.InterceptingClientHttpRequest.executeInternal(InterceptingClientHttpRequest.java:73)
	at org.springframework.http.client.AbstractBufferingClientHttpRequest.executeInternal(AbstractBufferingClientHttpRequest.java:50)
	at org.springframework.http.client.AbstractClientHttpRequest.execute(AbstractClientHttpRequest.java:80)
	at org.springframework.web.client.DefaultRestClient$DefaultRequestBodyUriSpec.exchangeInternal(DefaultRestClient.java:614)
	... 40 common frames omitted
12-08-2026 19:25:09.647 [SpringApplicationShutdownHook] [-] WARN  inventory-service-c.n.d.s.t.d.RetryableEurekaHttpClient.execute - Request execution failed with message: I/O error on DELETE request for "http://localhost:8761/eureka/apps/INVENTORY-SERVICE/DESKTOP-5CC3FG7.mshome.net:inventory-service:9030": Connect to http://localhost:8761 failed: Connection refused: getsockopt
12-08-2026 19:25:09.647 [SpringApplicationShutdownHook] [-] ERROR inventory-service-c.netflix.discovery.DiscoveryClient.unregister - DiscoveryClient_INVENTORY-SERVICE/DESKTOP-5CC3FG7.mshome.net:inventory-service:9030 - de-registration failedCannot execute request on any known server
com.netflix.discovery.shared.transport.TransportException: Cannot execute request on any known server
	at com.netflix.discovery.shared.transport.decorator.RetryableEurekaHttpClient.execute(RetryableEurekaHttpClient.java:112)
	at com.netflix.discovery.shared.transport.decorator.EurekaHttpClientDecorator.cancel(EurekaHttpClientDecorator.java:71)
	at com.netflix.discovery.shared.transport.decorator.EurekaHttpClientDecorator$2.execute(EurekaHttpClientDecorator.java:74)
	at com.netflix.discovery.shared.transport.decorator.SessionedEurekaHttpClient.execute(SessionedEurekaHttpClient.java:76)
	at com.netflix.discovery.shared.transport.decorator.EurekaHttpClientDecorator.cancel(EurekaHttpClientDecorator.java:71)
	at com.netflix.discovery.DiscoveryClient.unregister(DiscoveryClient.java:934)
	at com.netflix.discovery.DiscoveryClient.shutdown(DiscoveryClient.java:915)
	at java.base/jdk.internal.reflect.DirectMethodHandleAccessor.invoke(DirectMethodHandleAccessor.java:104)
	at java.base/java.lang.reflect.Method.invoke(Method.java:565)
	at org.springframework.beans.factory.annotation.InitDestroyAnnotationBeanPostProcessor$LifecycleMethod.invoke(InitDestroyAnnotationBeanPostProcessor.java:453)
	at org.springframework.beans.factory.annotation.InitDestroyAnnotationBeanPostProcessor$LifecycleMetadata.invokeDestroyMethods(InitDestroyAnnotationBeanPostProcessor.java:411)
	at org.springframework.beans.factory.annotation.InitDestroyAnnotationBeanPostProcessor.postProcessBeforeDestruction(InitDestroyAnnotationBeanPostProcessor.java:237)
	at org.springframework.beans.factory.support.DisposableBeanAdapter.destroy(DisposableBeanAdapter.java:200)
	at org.springframework.beans.factory.support.DisposableBeanAdapter.run(DisposableBeanAdapter.java:193)
	at org.springframework.cloud.context.scope.GenericScope$BeanLifecycleWrapper.destroy(GenericScope.java:387)
	at org.springframework.cloud.context.scope.GenericScope.destroy(GenericScope.java:134)
	at org.springframework.beans.factory.support.DisposableBeanAdapter.destroy(DisposableBeanAdapter.java:209)
	at org.springframework.beans.factory.support.DefaultSingletonBeanRegistry.destroyBean(DefaultSingletonBeanRegistry.java:795)
	at org.springframework.beans.factory.support.DefaultSingletonBeanRegistry.destroySingleton(DefaultSingletonBeanRegistry.java:745)
	at org.springframework.beans.factory.support.DefaultListableBeanFactory.destroySingleton(DefaultListableBeanFactory.java:1507)
	at org.springframework.beans.factory.support.DefaultSingletonBeanRegistry.destroySingletons(DefaultSingletonBeanRegistry.java:704)
	at org.springframework.beans.factory.support.DefaultListableBeanFactory.destroySingletons(DefaultListableBeanFactory.java:1500)
	at org.springframework.context.support.AbstractApplicationContext.destroyBeans(AbstractApplicationContext.java:1246)
	at org.springframework.context.support.AbstractApplicationContext.doClose(AbstractApplicationContext.java:1207)
	at org.springframework.boot.web.server.servlet.context.ServletWebServerApplicationContext.doClose(ServletWebServerApplicationContext.java:176)
	at org.springframework.context.support.AbstractApplicationContext.close(AbstractApplicationContext.java:1153)
	at org.springframework.boot.SpringApplicationShutdownHook.closeAndWait(SpringApplicationShutdownHook.java:147)
	at java.base/java.lang.Iterable.forEach(Iterable.java:75)
	at org.springframework.boot.SpringApplicationShutdownHook.run(SpringApplicationShutdownHook.java:116)
	at java.base/java.lang.Thread.run(Thread.java:1474)
12-08-2026 19:25:09.648 [SpringApplicationShutdownHook] [-] INFO  inventory-service-c.netflix.discovery.DiscoveryClient.shutdown - Completed shut down of DiscoveryClient
